name,op category,process_name,process_label,thread_name,Input Dims,Input type,Input Strides,Concrete Inputs,ex_UID,operation_count,total_duration_us,mean_duration_us,std_duration_us,GFLOPS,Data Moved (MB),FLOPS/Byte,Compute Spec,TB/s_mean,TB/s_std,TFLOPS/s_mean,TFLOPS/s_std,Kernel Time (µs)_mean,Kernel Time (µs)_std,Kernel Time (µs)_sum,duration_us_median,duration_us_min,duration_us_max,TB/s_median,TB/s_min,TB/s_max,TFLOPS/s_median,TFLOPS/s_min,TFLOPS/s_max,Kernel Time (µs)_median,Kernel Time (µs)_min,Kernel Time (µs)_max,kernel_details_summary,trunc_kernel_details,perf_params,has_perf_model,Percentage (%),Cumulative Percentage (%),enhanced_category,display_name
aten::scatter_add_,elementwise,python,CPU,thread 166178 (python),"((32768, 2880), (), (131072, 2880), (131072, 2880))","('c10::BFloat16', 'Scalar', 'long int', 'c10::BFloat16')","((2880, 1), (), (1, 0), (2880, 1))","('', '0', '', '')",797,192,3685.727,19.196494791666662,5.502432706161573,,,,,,,,,1372.4529113769531,12.249540416513009,263510.958984375,16.688000000000002,15.291,40.685,,,,,,,1374.19189453125,1337.65234375,1396.732421875,"[{'name': 'void at::native::_scatter_gather_elementwise_kernel<256, 4, at::native::_cuda_scatter_gather_internal_kernel<true, c10::BFloat16, long>::operator()<at::native::ReduceAdd>(at::TensorIterator&, long, long, long, at::native::ReduceAdd const&)::{lambda(int)#1}>(int, at::native::_cuda_scatter_gather_internal_kernel<true, c10::BFloat16, long>::operator()<at::native::ReduceAdd>(at::TensorIterator&, long, long, long, at::native::ReduceAdd const&)::{lambda(int)#1})', 'stream': 0, 'count': 192, 'total_duration_us': np.float64(263510.966), 'mean_duration_us': np.float64(1372.4529479166667), 'median_duration_us': np.float64(1374.192), 'std_dev_duration_us': np.float64(12.217589830999291), 'min_duration_us': np.float64(1337.652), 'max_duration_us': np.float64(1396.732)}]","[{'name': 'void at::native::_scatter_gather_elementwise_kernel<256, 4, at::...', 'stream': 0, 'mean_duration_us': np.float64(1372.45)}]",,False,2.2201293594572458,69.80224236894306,elementwise,elementwise
aten::add_,elementwise,python,CPU,thread 166796 (pt_autograd_0),"((5760, 2880), (5760, 2880), ())","('float', 'c10::BFloat16', 'Scalar')","((2880, 1), (2880, 1), ())","('', '', '1')",138317,960,7310.872,7.615491666666667,3.3511044847808,0.0165888,158.203125,0.1,vector_fp32,2.7427118275465228,0.3414020894709894,0.2742711827546523,0.0341402089470989,61.47049357096354,7.954692371012944,59011.673828125,5.7275,3.846,54.194,2.9361472889389013,1.88766751491849,3.245124976120429,0.2936147288938902,0.188766751491849,0.324512497612043,56.49853515625,51.119140625,87.8798828125,"[{'name': 'void at::native::vectorized_templated_elementwise_kernel<4, at::native::CUDAFunctor_add<float>, std::array<char*, 3ul>, TrivialOffsetCalculator<2, unsigned int>, TrivialOffsetCalculator<1, unsigned int>, at::native::memory::LoadWithCast<2>, at::native::memory::StoreWithCast<1>, float, float, c10::BFloat16>(int, at::native::CUDAFunctor_add<float>, std::array<char*, 3ul>, TrivialOffsetCalculator<2, unsigned int>, TrivialOffsetCalculator<1, unsigned int>, at::native::memory::LoadWithCast<2>, at::native::memory::StoreWithCast<1>)', 'stream': 0, 'count': 960, 'total_duration_us': np.float64(59011.687), 'mean_duration_us': np.float64(61.470507291666664), 'median_duration_us': np.float64(56.498999999999995), 'std_dev_duration_us': np.float64(7.950562255140419), 'min_duration_us': np.float64(51.119), 'max_duration_us': np.float64(87.88)}]","[{'name': 'void at::native::vectorized_templated_elementwise_kernel<4, at::...', 'stream': 0, 'mean_duration_us': np.float64(61.47)}]","{'shape_in1': (5760, 2880), 'shape_in2': (5760, 2880), 'dtype_in1_in2_out': ('float', 'c10::BFloat16', None), 'stride_input1': (2880, 1), 'stride_input2': (2880, 1), 'stride_output': None}",True,0.4971844439468021,90.64129759175152,elementwise,elementwise
aten::add_,elementwise,python,CPU,thread 166796 (pt_autograd_0),"((2880, 2880), (2880, 2880), ())","('float', 'c10::BFloat16', 'Scalar')","((2880, 1), (2880, 1), ())","('', '', '1')",138136,960,6881.571,7.168303125,2.791031760216768,0.0082944,79.1015625,0.1,vector_fp32,2.003127644042007,0.3758240781061611,0.2003127644042007,0.037582407810616,43.50015360514323,24.2070169850076,41760.1474609375,5.348,3.936,16.442,2.073650626235992,0.1102148585309643,3.371894715947437,0.2073650626235992,0.0110214858530964,0.3371894715947437,39.9990234375,24.5986328125,752.56640625,"[{'name': 'void at::native::vectorized_templated_elementwise_kernel<4, at::native::CUDAFunctor_add<float>, std::array<char*, 3ul>, TrivialOffsetCalculator<2, unsigned int>, TrivialOffsetCalculator<1, unsigned int>, at::native::memory::LoadWithCast<2>, at::native::memory::StoreWithCast<1>, float, float, c10::BFloat16>(int, at::native::CUDAFunctor_add<float>, std::array<char*, 3ul>, TrivialOffsetCalculator<2, unsigned int>, TrivialOffsetCalculator<1, unsigned int>, at::native::memory::LoadWithCast<2>, at::native::memory::StoreWithCast<1>)', 'stream': 0, 'count': 960, 'total_duration_us': np.float64(41760.148), 'mean_duration_us': np.float64(43.50015416666667), 'median_duration_us': np.float64(39.999), 'std_dev_duration_us': np.float64(24.1943948215797), 'min_duration_us': np.float64(24.599), 'max_duration_us': np.float64(752.566)}]","[{'name': 'void at::native::vectorized_templated_elementwise_kernel<4, at::...', 'stream': 0, 'mean_duration_us': np.float64(43.5)}]","{'shape_in1': (2880, 2880), 'shape_in2': (2880, 2880), 'dtype_in1_in2_out': ('float', 'c10::BFloat16', None), 'stride_input1': (2880, 1), 'stride_input2': (2880, 1), 'stride_output': None}",True,0.351837091674008,93.6096961645578,elementwise,elementwise
aten::copy_,elementwise,python,CPU,thread 166178 (python),"((8, 4096, 64, 64), (8, 4096, 64, 64), ())","('c10::BFloat16', 'c10::BFloat16', 'Scalar')","((16777216, 4096, 64, 1), (4096, 32768, 64, 1), ())","('', '', 'False')",172,192,1358.762,7.076885416666666,1.2097160920857148,0.134217728,512.0,0.25,vector_bf16,2.989290191919812,0.1028237333692699,0.7473225479799529,0.0257059333423174,179.81442260742188,6.32874966831762,34524.369140625,6.874,5.548,17.404,2.987917155469284,2.6540942568276726,3.181254745866872,0.7469792888673209,0.6635235642069182,0.795313686466718,179.6806640625,168.7607421875,202.2802734375,"[{'name': 'void at::native::elementwise_kernel_manual_unroll<128, 8, at::native::gpu_kernel_impl_nocast<at::native::direct_copy_kernel_cuda(at::TensorIteratorBase&)::{lambda()#3}::operator()() const::{lambda()#12}::operator()() const::{lambda(c10::BFloat16)#1}>(at::TensorIteratorBase&, at::native::direct_copy_kernel_cuda(at::TensorIteratorBase&)::{lambda()#3}::operator()() const::{lambda()#12}::operator()() const::{lambda(c10::BFloat16)#1} const&)::{lambda(int, bool)#1}>(int, at::native::gpu_kernel_impl_nocast<at::native::direct_copy_kernel_cuda(at::TensorIteratorBase&)::{lambda()#3}::operator()() const::{lambda()#12}::operator()() const::{lambda(c10::BFloat16)#1}>(at::TensorIteratorBase&, at::native::direct_copy_kernel_cuda(at::TensorIteratorBase&)::{lambda()#3}::operator()() const::{lambda()#12}::operator()() const::{lambda(c10::BFloat16)#1} const&)::{lambda(int, bool)#1})', 'stream': 0, 'count': 192, 'total_duration_us': np.float64(34524.369000000006), 'mean_duration_us': np.float64(179.81442187500002), 'median_duration_us': np.float64(179.68099999999998), 'std_dev_duration_us': np.float64(6.312230701693061), 'min_duration_us': np.float64(168.761), 'max_duration_us': np.float64(202.28)}]","[{'name': 'void at::native::elementwise_kernel_manual_unroll<128, 8, at::na...', 'stream': 0, 'mean_duration_us': np.float64(179.81)}]","{'op_shape': (8, 4096, 64, 64), 'dtype_in_out': ('c10::BFloat16', 'c10::BFloat16'), 'stride_input': (16777216, 4096, 64, 1), 'stride_output': (4096, 32768, 64, 1)}",True,0.2908742992749163,94.84356679281196,elementwise,elementwise
aten::copy_,elementwise,python,CPU,thread 166178 (python),"((4096, 8, 4096), (4096, 8, 4096), ())","('c10::BFloat16', 'c10::BFloat16', 'Scalar')","((32768, 4096, 1), (4096, 16777216, 1), ())","('', '', 'False')",218,192,1401.259,7.298223958333334,0.6830255657016437,0.134217728,512.0,0.25,vector_bf16,3.0198104089869595,0.0715244129051475,0.7549526022467399,0.0178811032262868,177.8848673502604,4.3275064237883845,34153.89453125,7.125,5.999,10.515,3.0222304835957425,2.765649531582654,3.176750958579882,0.7555576208989356,0.6914123828956635,0.7941877396449705,177.640625,169.0,194.12109375,"[{'name': 'void at::native::elementwise_kernel_manual_unroll<128, 8, at::native::gpu_kernel_impl_nocast<at::native::direct_copy_kernel_cuda(at::TensorIteratorBase&)::{lambda()#3}::operator()() const::{lambda()#12}::operator()() const::{lambda(c10::BFloat16)#1}>(at::TensorIteratorBase&, at::native::direct_copy_kernel_cuda(at::TensorIteratorBase&)::{lambda()#3}::operator()() const::{lambda()#12}::operator()() const::{lambda(c10::BFloat16)#1} const&)::{lambda(int, bool)#1}>(int, at::native::gpu_kernel_impl_nocast<at::native::direct_copy_kernel_cuda(at::TensorIteratorBase&)::{lambda()#3}::operator()() const::{lambda()#12}::operator()() const::{lambda(c10::BFloat16)#1}>(at::TensorIteratorBase&, at::native::direct_copy_kernel_cuda(at::TensorIteratorBase&)::{lambda()#3}::operator()() const::{lambda()#12}::operator()() const::{lambda(c10::BFloat16)#1} const&)::{lambda(int, bool)#1})', 'stream': 0, 'count': 192, 'total_duration_us': np.float64(34153.89), 'mean_duration_us': np.float64(177.88484375), 'median_duration_us': np.float64(177.641), 'std_dev_duration_us': np.float64(4.316219811961536), 'min_duration_us': np.float64(169.0), 'max_duration_us': np.float64(194.121)}]","[{'name': 'void at::native::elementwise_kernel_manual_unroll<128, 8, at::na...', 'stream': 0, 'mean_duration_us': np.float64(177.88)}]","{'op_shape': (4096, 8, 4096), 'dtype_in_out': ('c10::BFloat16', 'c10::BFloat16'), 'stride_input': (32768, 4096, 1), 'stride_output': (4096, 16777216, 1)}",True,0.2877529810558298,95.1313197738678,elementwise,elementwise
aten::add_,elementwise,python,CPU,thread 166796 (pt_autograd_0),"((4096, 8, 2880), (4096, 8, 2880), ())","('c10::BFloat16', 'c10::BFloat16', 'Scalar')","((23040, 2880, 1), (23040, 2880, 1), ())","('', '', '1')",138956,376,2666.989,7.09305585106383,1.2163159784936672,0.09437184,540.0,0.1666666666666666,vector_bf16,6.6899256153126405,0.1755976799747987,1.1149876025521066,0.0292662799957996,84.69874864943485,2.270077045197323,31846.7294921875,7.48,4.857,11.426,6.710459607289224,6.062405480437464,7.025233054983401,1.118409934548204,1.0104009134062442,1.170872175830567,84.38037109375,80.599609375,93.400390625,"[{'name': 'void at::native::vectorized_elementwise_kernel<8, at::native::CUDAFunctor_add<c10::BFloat16>, std::array<char*, 3ul> >(int, at::native::CUDAFunctor_add<c10::BFloat16>, std::array<char*, 3ul>)', 'stream': 0, 'count': 376, 'total_duration_us': np.float64(31846.742), 'mean_duration_us': np.float64(84.69878191489362), 'median_duration_us': np.float64(84.38), 'std_dev_duration_us': np.float64(2.2670621748347677), 'min_duration_us': np.float64(80.6), 'max_duration_us': np.float64(93.4)}]","[{'name': 'void at::native::vectorized_elementwise_kernel<8, at::native::CU...', 'stream': 0, 'mean_duration_us': np.float64(84.7)}]","{'shape_in1': (4096, 8, 2880), 'shape_in2': (4096, 8, 2880), 'dtype_in1_in2_out': ('c10::BFloat16', 'c10::BFloat16', None), 'stride_input1': (23040, 2880, 1), 'stride_input2': (23040, 2880, 1), 'stride_output': None}",True,0.2683146819426619,95.6847828278554,elementwise,elementwise
aten::add_,elementwise,python,CPU,thread 166796 (pt_autograd_0),"((64,), (64,), ())","('float', 'c10::BFloat16', 'Scalar')","((1,), (1,), ())","('', '', '1')",138850,576,3776.777,6.556904513888889,0.8842298950998462,6.4e-08,0.0006103515625,0.1,vector_fp32,1.9898581610875622e-05,1.014935975532385e-06,1.989858161087563e-06,1.0149359755323826e-07,32.24512396918403,1.6185598546239723,18573.19140625,6.639,4.677,15.371,1.995068343024141e-05,1.7335273112022217e-05,2.406138708374637e-05,1.9950683430241407e-06,1.733527311202222e-06,2.406138708374637e-06,32.0791015625,26.5986328125,36.9189453125,"[{'name': 'void at::native::vectorized_templated_elementwise_kernel<4, at::native::CUDAFunctor_add<float>, std::array<char*, 3ul>, TrivialOffsetCalculator<2, unsigned int>, TrivialOffsetCalculator<1, unsigned int>, at::native::memory::LoadWithCast<2>, at::native::memory::StoreWithCast<1>, float, float, c10::BFloat16>(int, at::native::CUDAFunctor_add<float>, std::array<char*, 3ul>, TrivialOffsetCalculator<2, unsigned int>, TrivialOffsetCalculator<1, unsigned int>, at::native::memory::LoadWithCast<2>, at::native::memory::StoreWithCast<1>)', 'stream': 0, 'count': 576, 'total_duration_us': np.float64(18573.205), 'mean_duration_us': np.float64(32.24514756944445), 'median_duration_us': np.float64(32.079), 'std_dev_duration_us': np.float64(1.6171444378091735), 'min_duration_us': np.float64(26.599), 'max_duration_us': np.float64(36.919)}]","[{'name': 'void at::native::vectorized_templated_elementwise_kernel<4, at::...', 'stream': 0, 'mean_duration_us': np.float64(32.25)}]","{'shape_in1': (64,), 'shape_in2': (64,), 'dtype_in1_in2_out': ('float', 'c10::BFloat16', None), 'stride_input1': (1,), 'stride_input2': (1,), 'stride_output': None}",True,0.1564826286495343,97.0758760038542,elementwise,elementwise
aten::add,elementwise,python,CPU,thread 166796 (pt_autograd_0),"((4096, 8, 2880), (4096, 8, 2880), ())","('c10::BFloat16', 'c10::BFloat16', 'Scalar')","((23040, 2880, 1), (23040, 2880, 1), ())","('', '', '1')",138754,200,1979.643,9.898215,1.3693499939036842,0.09437184,540.0,0.1666666666666666,vector_bf16,6.245152231341574,0.1527094606544566,1.0408587052235956,0.0254515767757428,90.7236865234375,2.321533854882725,18144.7373046875,9.854,6.429,16.803,6.270534116944599,5.527417658509614,6.62107277394601,1.0450890194907665,0.921236276418269,1.1035121289910017,90.30029296875,85.51953125,102.4404296875,"[{'name': 'void at::native::vectorized_elementwise_kernel<8, at::native::CUDAFunctor_add<c10::BFloat16>, std::array<char*, 3ul> >(int, at::native::CUDAFunctor_add<c10::BFloat16>, std::array<char*, 3ul>)', 'stream': 0, 'count': 200, 'total_duration_us': np.float64(18144.732), 'mean_duration_us': np.float64(90.72366), 'median_duration_us': np.float64(90.3), 'std_dev_duration_us': np.float64(2.3156974639188084), 'min_duration_us': np.float64(85.52), 'max_duration_us': np.float64(102.44)}]","[{'name': 'void at::native::vectorized_elementwise_kernel<8, at::native::CU...', 'stream': 0, 'mean_duration_us': np.float64(90.72)}]","{'shape_in1': (4096, 8, 2880), 'shape_in2': (4096, 8, 2880), 'dtype_in1_in2_out': ('c10::BFloat16', 'c10::BFloat16', None), 'stride_input1': (23040, 2880, 1), 'stride_input2': (23040, 2880, 1), 'stride_output': None}",True,0.1528728223108341,97.38364981501236,elementwise,elementwise
aten::copy_,elementwise,python,CPU,thread 166178 (python),"((4096, 8, 8, 512), (4096, 8, 8, 512), ())","('c10::BFloat16', 'c10::BFloat16', 'Scalar')","((32768, 4096, 512, 1), (40960, 5120, 640, 1), ())","('', '', 'False')",134,192,2123.271,11.058703125,1.4887757648134732,0.134217728,512.0,0.25,vector_bf16,6.055068893342566,0.1348407697415567,1.5137672233356414,0.0337101924353891,88.71149190266927,2.122165907227888,17032.6064453125,10.6545,9.463,21.42,6.060890096144127,4.971026962962963,6.346021169202355,1.5152225240360315,1.2427567407407407,1.586505292300589,88.57958984375,84.599609375,108.0,"[{'name': 'void at::native::elementwise_kernel_manual_unroll<128, 8, at::native::gpu_kernel_impl_nocast<at::native::direct_copy_kernel_cuda(at::TensorIteratorBase&)::{lambda()#3}::operator()() const::{lambda()#12}::operator()() const::{lambda(c10::BFloat16)#1}>(at::TensorIteratorBase&, at::native::direct_copy_kernel_cuda(at::TensorIteratorBase&)::{lambda()#3}::operator()() const::{lambda()#12}::operator()() const::{lambda(c10::BFloat16)#1} const&)::{lambda(int, bool)#1}>(int, at::native::gpu_kernel_impl_nocast<at::native::direct_copy_kernel_cuda(at::TensorIteratorBase&)::{lambda()#3}::operator()() const::{lambda()#12}::operator()() const::{lambda(c10::BFloat16)#1}>(at::TensorIteratorBase&, at::native::direct_copy_kernel_cuda(at::TensorIteratorBase&)::{lambda()#3}::operator()() const::{lambda()#12}::operator()() const::{lambda(c10::BFloat16)#1} const&)::{lambda(int, bool)#1})', 'stream': 0, 'count': 192, 'total_duration_us': np.float64(17032.6), 'mean_duration_us': np.float64(88.71145833333333), 'median_duration_us': np.float64(88.58), 'std_dev_duration_us': np.float64(2.1166347500054314), 'min_duration_us': np.float64(84.6), 'max_duration_us': np.float64(108.0)}]","[{'name': 'void at::native::elementwise_kernel_manual_unroll<128, 8, at::na...', 'stream': 0, 'mean_duration_us': np.float64(88.71)}]","{'op_shape': (4096, 8, 8, 512), 'dtype_in_out': ('c10::BFloat16', 'c10::BFloat16'), 'stride_input': (32768, 4096, 512, 1), 'stride_output': (40960, 5120, 640, 1)}",True,0.1435029107823983,97.52715272579476,elementwise,elementwise
aten::add_,elementwise,python,CPU,thread 166796 (pt_autograd_0),"((2880,), (2880,), ())","('float', 'c10::BFloat16', 'Scalar')","((1,), (1,), ())","('', '', '1')",138081,392,2268.407,5.786752551020409,0.791753793200376,2.88e-06,0.0274658203125,0.1,vector_fp32,0.0006671742561247,3.5124066573660766e-05,6.671742561247637e-05,3.512406657366076e-06,43.28791902503189,2.3046814377759866,16968.8642578125,5.6125,4.396,10.184,0.0006685300419098,0.000564273687433,0.0007438256658595,6.685300419098165e-05,5.642736874330323e-05,7.438256658595641e-05,43.07958984375,38.71875,51.0390625,"[{'name': 'void at::native::vectorized_templated_elementwise_kernel<4, at::native::CUDAFunctor_add<float>, std::array<char*, 3ul>, TrivialOffsetCalculator<2, unsigned int>, TrivialOffsetCalculator<1, unsigned int>, at::native::memory::LoadWithCast<2>, at::native::memory::StoreWithCast<1>, float, float, c10::BFloat16>(int, at::native::CUDAFunctor_add<float>, std::array<char*, 3ul>, TrivialOffsetCalculator<2, unsigned int>, TrivialOffsetCalculator<1, unsigned int>, at::native::memory::LoadWithCast<2>, at::native::memory::StoreWithCast<1>)', 'stream': 0, 'count': 392, 'total_duration_us': np.float64(16968.861999999997), 'mean_duration_us': np.float64(43.287913265306116), 'median_duration_us': np.float64(43.079499999999996), 'std_dev_duration_us': np.float64(2.3017408623863664), 'min_duration_us': np.float64(38.719), 'max_duration_us': np.float64(51.039)}]","[{'name': 'void at::native::vectorized_templated_elementwise_kernel<4, at::...', 'stream': 0, 'mean_duration_us': np.float64(43.29)}]","{'shape_in1': (2880,), 'shape_in2': (2880,), 'dtype_in1_in2_out': ('float', 'c10::BFloat16', None), 'stride_input1': (1,), 'stride_input2': (1,), 'stride_output': None}",True,0.1429658708716097,97.67011859666636,elementwise,elementwise
aten::add_,elementwise,python,CPU,thread 166178 (python),"((4096, 8, 2880), (4096, 8, 2880), ())","('c10::BFloat16', 'c10::BFloat16', 'Scalar')","((23040, 2880, 1), (23040, 2880, 1), ())","('', '', '1')",803,192,3049.467,15.882640625,5.338378278073495,0.09437184,540.0,0.1666666666666666,vector_bf16,7.056065085546702,0.1259067605655715,1.176010847591117,0.0209844600942618,80.27330525716145,1.4587658876783764,15412.474609375,14.3095,12.387,71.999,7.070810284627203,6.553644444745855,7.308048713889589,1.1784683807712006,1.092274074124309,1.2180081189815983,80.080078125,77.48046875,86.3994140625,"[{'name': 'void at::native::vectorized_elementwise_kernel<8, at::native::CUDAFunctor_add<c10::BFloat16>, std::array<char*, 3ul> >(int, at::native::CUDAFunctor_add<c10::BFloat16>, std::array<char*, 3ul>)', 'stream': 0, 'count': 192, 'total_duration_us': np.float64(15412.467), 'mean_duration_us': np.float64(80.27326562500001), 'median_duration_us': np.float64(80.08), 'std_dev_duration_us': np.float64(1.4549611704675696), 'min_duration_us': np.float64(77.48), 'max_duration_us': np.float64(86.399)}]","[{'name': 'void at::native::vectorized_elementwise_kernel<8, at::native::CU...', 'stream': 0, 'mean_duration_us': np.float64(80.27)}]","{'shape_in1': (4096, 8, 2880), 'shape_in2': (4096, 8, 2880), 'dtype_in1_in2_out': ('c10::BFloat16', 'c10::BFloat16', None), 'stride_input1': (23040, 2880, 1), 'stride_input2': (23040, 2880, 1), 'stride_output': None}",True,0.1298529955416075,97.79997159220798,elementwise,elementwise
aten::add_,elementwise,python,CPU,thread 166796 (pt_autograd_0),"((32768, 2880), (32768, 2880), ())","('c10::BFloat16', 'c10::BFloat16', 'Scalar')","((2880, 1), (2880, 1), ())","('', '', '1')",138631,192,1477.723,7.696473958333333,1.1109322246182454,0.09437184,540.0,0.1666666666666666,vector_bf16,7.168113355799274,0.1074979186210796,1.1946855592998789,0.0179163197701799,79.01081848144531,1.1921570760327589,15170.0771484375,7.4205,6.449,12.307,7.178396060069578,6.868365947950107,7.44256648987241,1.1963993433449296,1.1447276579916843,1.2404277483120685,78.8798828125,76.080078125,82.4404296875,"[{'name': 'void at::native::vectorized_elementwise_kernel<8, at::native::CUDAFunctor_add<c10::BFloat16>, std::array<char*, 3ul> >(int, at::native::CUDAFunctor_add<c10::BFloat16>, std::array<char*, 3ul>)', 'stream': 0, 'count': 192, 'total_duration_us': np.float64(15170.079), 'mean_duration_us': np.float64(79.010828125), 'median_duration_us': np.float64(78.88), 'std_dev_duration_us': np.float64(1.189024830936674), 'min_duration_us': np.float64(76.08), 'max_duration_us': np.float64(82.44)}]","[{'name': 'void at::native::vectorized_elementwise_kernel<8, at::native::CU...', 'stream': 0, 'mean_duration_us': np.float64(79.01)}]","{'shape_in1': (32768, 2880), 'shape_in2': (32768, 2880), 'dtype_in1_in2_out': ('c10::BFloat16', 'c10::BFloat16', None), 'stride_input1': (2880, 1), 'stride_input2': (2880, 1), 'stride_output': None}",True,0.1278107513717279,97.92778234357972,elementwise,elementwise
aten::add_,elementwise,python,CPU,thread 166796 (pt_autograd_0),"((32, 2880), (32, 2880), ())","('float', 'c10::BFloat16', 'Scalar')","((2880, 1), (2880, 1), ())","('', '', '1')",138759,192,1363.868,7.103479166666666,0.6600618006789456,9.216e-05,0.87890625,0.1,vector_fp32,0.014319440687176,0.0003454943560976,0.0014319440687176,3.454943560976853e-05,64.39794413248698,1.579224259244155,12364.4052734375,6.969,6.079,10.855,0.0143550965151123,0.0135290430793491,0.0149906026622613,0.0014355096515112,0.0013529043079349,0.0014990602662261,64.2001953125,61.478515625,68.1201171875,"[{'name': 'void at::native::vectorized_templated_elementwise_kernel<4, at::native::CUDAFunctor_add<float>, std::array<char*, 3ul>, TrivialOffsetCalculator<2, unsigned int>, TrivialOffsetCalculator<1, unsigned int>, at::native::memory::LoadWithCast<2>, at::native::memory::StoreWithCast<1>, float, float, c10::BFloat16>(int, at::native::CUDAFunctor_add<float>, std::array<char*, 3ul>, TrivialOffsetCalculator<2, unsigned int>, TrivialOffsetCalculator<1, unsigned int>, at::native::memory::LoadWithCast<2>, at::native::memory::StoreWithCast<1>)', 'stream': 0, 'count': 192, 'total_duration_us': np.float64(12364.404000000002), 'mean_duration_us': np.float64(64.39793750000001), 'median_duration_us': np.float64(64.2), 'std_dev_duration_us': np.float64(1.5751117342145657), 'min_duration_us': np.float64(61.479), 'max_duration_us': np.float64(68.12)}]","[{'name': 'void at::native::vectorized_templated_elementwise_kernel<4, at::...', 'stream': 0, 'mean_duration_us': np.float64(64.4)}]","{'shape_in1': (32, 2880), 'shape_in2': (32, 2880), 'dtype_in1_in2_out': ('float', 'c10::BFloat16', None), 'stride_input1': (2880, 1), 'stride_input2': (2880, 1), 'stride_output': None}",True,0.1041724384655071,98.15714601577268,elementwise,elementwise
aten::masked_select,elementwise,python,CPU,thread 166178 (python),"((32, 32768), (32, 32768))","('long int', 'bool')","((0, 1), (32768, 1))","('', '')",510,192,2337301.999,12173.447911458332,3894.006392619988,,,,,,,,,49.50616963704427,2.7821274081408096,9505.1845703125,12354.051,336.32,50759.08,,,,,,,49.3115234375,44.552734375,78.1923828125,"[{'name': 'void rocprim::ROCPRIM_400200_NS::detail::trampoline_kernel<rocprim::ROCPRIM_400200_NS::detail::wrapped_reduce_config<rocprim::ROCPRIM_400200_NS::default_config, int>, (rocprim::ROCPRIM_400200_NS::detail::target_arch)950, rocprim::ROCPRIM_400200_NS::detail::reduce_impl<true, rocprim::ROCPRIM_400200_NS::default_config, hipcub::HIPCUB_400200_NS::TransformInputIterator<bool, at::native::(anonymous namespace)::NonZeroOp<bool>, bool const*, long>, int*, int, hipcub::HIPCUB_400200_NS::detail::convert_binary_result_type_wrapper<hipcub::HIPCUB_400200_NS::Sum, hipcub::HIPCUB_400200_NS::TransformInputIterator<bool, at::native::(anonymous namespace)::NonZeroOp<bool>, bool const*, long>, int> >(void*, unsigned long&, hipcub::HIPCUB_400200_NS::TransformInputIterator<bool, at::native::(anonymous namespace)::NonZeroOp<bool>, bool const*, long>, int*, int, unsigned long, hipcub::HIPCUB_400200_NS::detail::convert_binary_result_type_wrapper<hipcub::HIPCUB_400200_NS::Sum, hipcub::HIPCUB_400200_NS::TransformInputIterator<bool, at::native::(anonymous namespace)::NonZeroOp<bool>, bool const*, long>, int>, ihipStream_t*, bool)::{lambda(auto:1)#1}, rocprim::ROCPRIM_400200_NS::detail::default_config_selector>(rocprim::ROCPRIM_400200_NS::detail::reduce_impl<true, rocprim::ROCPRIM_400200_NS::default_config, hipcub::HIPCUB_400200_NS::TransformInputIterator<bool, at::native::(anonymous namespace)::NonZeroOp<bool>, bool const*, long>, int*, int, hipcub::HIPCUB_400200_NS::detail::convert_binary_result_type_wrapper<hipcub::HIPCUB_400200_NS::Sum, hipcub::HIPCUB_400200_NS::TransformInputIterator<bool, at::native::(anonymous namespace)::NonZeroOp<bool>, bool const*, long>, int> >(void*, unsigned long&, hipcub::HIPCUB_400200_NS::TransformInputIterator<bool, at::native::(anonymous namespace)::NonZeroOp<bool>, bool const*, long>, int*, int, unsigned long, hipcub::HIPCUB_400200_NS::detail::convert_binary_result_type_wrapper<hipcub::HIPCUB_400200_NS::Sum, hipcub::HIPCUB_400200_NS::TransformInputIterator<bool, at::native::(anonymous namespace)::NonZeroOp<bool>, bool const*, long>, int>, ihipStream_t*, bool)::{lambda(auto:1)#1})', 'stream': 0, 'count': 192, 'total_duration_us': np.float64(985.1370000000001), 'mean_duration_us': np.float64(5.130921875), 'median_duration_us': np.float64(5.2989999999999995), 'std_dev_duration_us': np.float64(0.49009735336102805), 'min_duration_us': np.float64(4.319), 'max_duration_us': np.float64(6.679)}, {'name': 'void rocprim::ROCPRIM_400200_NS::detail::trampoline_kernel<rocprim::ROCPRIM_400200_NS::detail::wrapped_reduce_config<rocprim::ROCPRIM_400200_NS::default_config, int>, (rocprim::ROCPRIM_400200_NS::detail::target_arch)950, rocprim::ROCPRIM_400200_NS::detail::reduce_impl<true, rocprim::ROCPRIM_400200_NS::default_config, int*, int*, int, hipcub::HIPCUB_400200_NS::detail::convert_binary_result_type_wrapper<hipcub::HIPCUB_400200_NS::Sum, hipcub::HIPCUB_400200_NS::TransformInputIterator<bool, at::native::(anonymous namespace)::NonZeroOp<bool>, bool const*, long>, int> >(void*, unsigned long&, int*, int*, int, unsigned long, hipcub::HIPCUB_400200_NS::detail::convert_binary_result_type_wrapper<hipcub::HIPCUB_400200_NS::Sum, hipcub::HIPCUB_400200_NS::TransformInputIterator<bool, at::native::(anonymous namespace)::NonZeroOp<bool>, bool const*, long>, int>, ihipStream_t*, bool)::{lambda(auto:1)#6}, rocprim::ROCPRIM_400200_NS::detail::default_config_selector>(rocprim::ROCPRIM_400200_NS::detail::reduce_impl<true, rocprim::ROCPRIM_400200_NS::default_config, int*, int*, int, hipcub::HIPCUB_400200_NS::detail::convert_binary_result_type_wrapper<hipcub::HIPCUB_400200_NS::Sum, hipcub::HIPCUB_400200_NS::TransformInputIterator<bool, at::native::(anonymous namespace)::NonZeroOp<bool>, bool const*, long>, int> >(void*, unsigned long&, int*, int*, int, unsigned long, hipcub::HIPCUB_400200_NS::detail::convert_binary_result_type_wrapper<hipcub::HIPCUB_400200_NS::Sum, hipcub::HIPCUB_400200_NS::TransformInputIterator<bool, at::native::(anonymous namespace)::NonZeroOp<bool>, bool const*, long>, int>, ihipStream_t*, bool)::{lambda(auto:1)#6})', 'stream': 0, 'count': 192, 'total_duration_us': np.float64(1083.375), 'mean_duration_us': np.float64(5.642578125), 'median_duration_us': np.float64(5.599), 'std_dev_duration_us': np.float64(0.414409399201423), 'min_duration_us': np.float64(4.999), 'max_duration_us': np.float64(8.839)}, {'name': 'Memcpy DtoD (Device -> Device)', 'stream': 0, 'count': 192, 'total_duration_us': np.float64(711.051), 'mean_duration_us': np.float64(3.7033906250000004), 'median_duration_us': np.float64(3.599), 'std_dev_duration_us': np.float64(0.3745810277769587), 'min_duration_us': np.float64(3.399), 'max_duration_us': np.float64(7.399)}, {'name': 'void rocprim::ROCPRIM_400200_NS::detail::init_lookback_scan_state_kernel<rocprim::ROCPRIM_400200_NS::detail::lookback_scan_state<unsigned long, false, true>, rocprim::ROCPRIM_400200_NS::detail::block_id_wrapper<unsigned int, true> >(rocprim::ROCPRIM_400200_NS::detail::lookback_scan_state<unsigned long, false, true>, unsigned int, rocprim::ROCPRIM_400200_NS::detail::block_id_wrapper<unsigned int, true>, unsigned int, rocprim::ROCPRIM_400200_NS::detail::lookback_scan_state<unsigned long, false, true>::value_type*)', 'stream': 0, 'count': 192, 'total_duration_us': np.float64(386.01300000000003), 'mean_duration_us': np.float64(2.0104843750000003), 'median_duration_us': np.float64(2.039), 'std_dev_duration_us': np.float64(0.3887391608424935), 'min_duration_us': np.float64(0.999), 'max_duration_us': np.float64(5.119)}, {'name': 'void rocprim::ROCPRIM_400200_NS::detail::trampoline_kernel<rocprim::ROCPRIM_400200_NS::detail::wrapped_partition_config<rocprim::ROCPRIM_400200_NS::default_config, (rocprim::ROCPRIM_400200_NS::detail::partition_subalgo)5, long, rocprim::ROCPRIM_400200_NS::empty_type>, (rocprim::ROCPRIM_400200_NS::detail::target_arch)950, rocprim::ROCPRIM_400200_NS::detail::partition_impl<(rocprim::ROCPRIM_400200_NS::detail::partition_subalgo)5, false, rocprim::ROCPRIM_400200_NS::default_config, unsigned long, hipcub::HIPCUB_400200_NS::CountingInputIterator<long, long>, rocprim::ROCPRIM_400200_NS::empty_type*, hipcub::HIPCUB_400200_NS::TransformInputIterator<bool, at::native::(anonymous namespace)::NonZeroOp<bool>, bool const*, long>, rocprim::ROCPRIM_400200_NS::tuple<long*, rocprim::ROCPRIM_400200_NS::empty_type>, rocprim::ROCPRIM_400200_NS::tuple<rocprim::ROCPRIM_400200_NS::empty_type*, rocprim::ROCPRIM_400200_NS::empty_type*>, rocprim::ROCPRIM_400200_NS::empty_type, int*, rocprim::ROCPRIM_400200_NS::empty_type>(void*, unsigned long&, hipcub::HIPCUB_400200_NS::CountingInputIterator<long, long>, rocprim::ROCPRIM_400200_NS::empty_type*, hipcub::HIPCUB_400200_NS::TransformInputIterator<bool, at::native::(anonymous namespace)::NonZeroOp<bool>, bool const*, long>, rocprim::ROCPRIM_400200_NS::tuple<long*, rocprim::ROCPRIM_400200_NS::empty_type>, rocprim::ROCPRIM_400200_NS::tuple<rocprim::ROCPRIM_400200_NS::empty_type*, rocprim::ROCPRIM_400200_NS::empty_type*>, int*, unsigned long, rocprim::ROCPRIM_400200_NS::empty_type, ihipStream_t*, bool, rocprim::ROCPRIM_400200_NS::empty_type)::{lambda(auto:1, auto:2)#1}::operator()<std::integral_constant<bool, false>, std::integral_constant<bool, true> >(std::integral_constant<bool, false>, std::integral_constant<bool, true>) const::{lambda(auto:1)#1}, rocprim::ROCPRIM_400200_NS::detail::default_config_selector>(rocprim::ROCPRIM_400200_NS::detail::partition_impl<(rocprim::ROCPRIM_400200_NS::detail::partition_subalgo)5, false, rocprim::ROCPRIM_400200_NS::default_config, unsigned long, hipcub::HIPCUB_400200_NS::CountingInputIterator<long, long>, rocprim::ROCPRIM_400200_NS::empty_type*, hipcub::HIPCUB_400200_NS::TransformInputIterator<bool, at::native::(anonymous namespace)::NonZeroOp<bool>, bool const*, long>, rocprim::ROCPRIM_400200_NS::tuple<long*, rocprim::ROCPRIM_400200_NS::empty_type>, rocprim::ROCPRIM_400200_NS::tuple<rocprim::ROCPRIM_400200_NS::empty_type*, rocprim::ROCPRIM_400200_NS::empty_type*>, rocprim::ROCPRIM_400200_NS::empty_type, int*, rocprim::ROCPRIM_400200_NS::empty_type>(void*, unsigned long&, hipcub::HIPCUB_400200_NS::CountingInputIterator<long, long>, rocprim::ROCPRIM_400200_NS::empty_type*, hipcub::HIPCUB_400200_NS::TransformInputIterator<bool, at::native::(anonymous namespace)::NonZeroOp<bool>, bool const*, long>, rocprim::ROCPRIM_400200_NS::tuple<long*, rocprim::ROCPRIM_400200_NS::empty_type>, rocprim::ROCPRIM_400200_NS::tuple<rocprim::ROCPRIM_400200_NS::empty_type*, rocprim::ROCPRIM_400200_NS::empty_type*>, int*, unsigned long, rocprim::ROCPRIM_400200_NS::empty_type, ihipStream_t*, bool, rocprim::ROCPRIM_400200_NS::empty_type)::{lambda(auto:1, auto:2)#1}::operator()<std::integral_constant<bool, false>, std::integral_constant<bool, true> >(std::integral_constant<bool, false>, std::integral_constant<bool, true>) const::{lambda(auto:1)#1})', 'stream': 0, 'count': 192, 'total_duration_us': np.float64(3444.366), 'mean_duration_us': np.float64(17.93940625), 'median_duration_us': np.float64(17.799), 'std_dev_duration_us': np.float64(0.8252143860098441), 'min_duration_us': np.float64(15.679), 'max_duration_us': np.float64(20.519)}, {'name': 'void rocprim::ROCPRIM_400200_NS::detail::trampoline_kernel<rocprim::ROCPRIM_400200_NS::detail::wrapped_transform_config<rocprim::ROCPRIM_400200_NS::default_config, unsigned long, true>, (rocprim::ROCPRIM_400200_NS::detail::target_arch)950, rocprim::ROCPRIM_400200_NS::detail::transform_impl<true, rocprim::ROCPRIM_400200_NS::default_config, unsigned long*, int*, rocprim::ROCPRIM_400200_NS::identity<void> >(unsigned long*, int*, unsigned long, rocprim::ROCPRIM_400200_NS::identity<void>, ihipStream_t*, bool)::{lambda(auto:1)#1}, rocprim::ROCPRIM_400200_NS::detail::default_config_selector>(rocprim::ROCPRIM_400200_NS::detail::transform_impl<true, rocprim::ROCPRIM_400200_NS::default_config, unsigned long*, int*, rocprim::ROCPRIM_400200_NS::identity<void> >(unsigned long*, int*, unsigned long, rocprim::ROCPRIM_400200_NS::identity<void>, ihipStream_t*, bool)::{lambda(auto:1)#1})', 'stream': 0, 'count': 192, 'total_duration_us': np.float64(765.093), 'mean_duration_us': np.float64(3.9848593749999996), 'median_duration_us': np.float64(4.239), 'std_dev_duration_us': np.float64(0.6137443703200945), 'min_duration_us': np.float64(2.359), 'max_duration_us': np.float64(4.559)}, {'name': 'void at::native::(anonymous namespace)::write_indices<long>(long*, at::native::(anonymous namespace)::TensorDims<long>, int, long, long*, long)', 'stream': 0, 'count': 192, 'total_duration_us': np.float64(752.34), 'mean_duration_us': np.float64(3.9184375), 'median_duration_us': np.float64(3.999), 'std_dev_duration_us': np.float64(0.28831796006102356), 'min_duration_us': np.float64(2.839), 'max_duration_us': np.float64(4.4)}, {'name': 'void at::native::index_elementwise_kernel<128, 4, at::native::gpu_index_kernel<at::native::index_kernel_impl<at::native::OpaqueType<8> >(at::TensorIteratorBase&, c10::ArrayRef<long>, c10::ArrayRef<long>)::{lambda(char*, char const*, long)#1}>(at::TensorIteratorBase&, c10::ArrayRef<long>, c10::ArrayRef<long>, at::native::index_kernel_impl<at::native::OpaqueType<8> >(at::TensorIteratorBase&, c10::ArrayRef<long>, c10::ArrayRef<long>)::{lambda(char*, char const*, long)#1} const&, bool)::{lambda(int)#1}>(long, at::native::gpu_index_kernel<at::native::index_kernel_impl<at::native::OpaqueType<8> >(at::TensorIteratorBase&, c10::ArrayRef<long>, c10::ArrayRef<long>)::{lambda(char*, char const*, long)#1}>(at::TensorIteratorBase&, c10::ArrayRef<long>, c10::ArrayRef<long>, at::native::index_kernel_impl<at::native::OpaqueType<8> >(at::TensorIteratorBase&, c10::ArrayRef<long>, c10::ArrayRef<long>)::{lambda(char*, char const*, long)#1} const&, bool)::{lambda(int)#1})', 'stream': 0, 'count': 192, 'total_duration_us': np.float64(1377.8200000000002), 'mean_duration_us': np.float64(7.176145833333334), 'median_duration_us': np.float64(6.959), 'std_dev_duration_us': np.float64(2.0552369691998953), 'min_duration_us': np.float64(6.359), 'max_duration_us': np.float64(34.199)}]","[{'name': 'void rocprim::ROCPRIM_400200_NS::detail::trampoline_kernel<rocpr...', 'stream': 0, 'mean_duration_us': np.float64(5.13)}, {'name': 'void rocprim::ROCPRIM_400200_NS::detail::trampoline_kernel<rocpr...', 'stream': 0, 'mean_duration_us': np.float64(5.64)}, {'name': 'Memcpy DtoD (Device -> Device)', 'stream': 0, 'mean_duration_us': np.float64(3.7)}, {'name': 'void rocprim::ROCPRIM_400200_NS::detail::init_lookback_scan_stat...', 'stream': 0, 'mean_duration_us': np.float64(2.01)}, {'name': 'void rocprim::ROCPRIM_400200_NS::detail::trampoline_kernel<rocpr...', 'stream': 0, 'mean_duration_us': np.float64(17.94)}, {'name': 'void rocprim::ROCPRIM_400200_NS::detail::trampoline_kernel<rocpr...', 'stream': 0, 'mean_duration_us': np.float64(3.98)}, {'name': 'void at::native::(anonymous namespace)::write_indices<long>(long...', 'stream': 0, 'mean_duration_us': np.float64(3.92)}, {'name': 'void at::native::index_elementwise_kernel<128, 4, at::native::gp...', 'stream': 0, 'mean_duration_us': np.float64(7.18)}]",,False,0.0800829666171951,98.40150677759716,elementwise,elementwise
aten::add_,elementwise,python,CPU,thread 166796 (pt_autograd_0),"((100096, 2880), (100096, 2880), ())","('float', 'c10::BFloat16', 'Scalar')","((2880, 1), (2880, 1), ())","('', '', '1')",138056,16,208.157,13.0098125,6.386723262297081,0.28827648,2749.21875,0.1,vector_fp32,5.6388757174214295,0.0810093532694657,0.5638875717421429,0.0081009353269465,511.3286743164063,7.296121488135081,8181.2587890625,12.6375,5.427,20.749,5.623326573329538,5.508995478517921,5.79748369960996,0.5623326573329537,0.5508995478517921,0.5797483699609959,512.64404296875,497.244140625,523.283203125,"[{'name': 'void at::native::vectorized_templated_elementwise_kernel<4, at::native::CUDAFunctor_add<float>, std::array<char*, 3ul>, TrivialOffsetCalculator<2, unsigned int>, TrivialOffsetCalculator<1, unsigned int>, at::native::memory::LoadWithCast<2>, at::native::memory::StoreWithCast<1>, float, float, c10::BFloat16>(int, at::native::CUDAFunctor_add<float>, std::array<char*, 3ul>, TrivialOffsetCalculator<2, unsigned int>, TrivialOffsetCalculator<1, unsigned int>, at::native::memory::LoadWithCast<2>, at::native::memory::StoreWithCast<1>)', 'stream': 0, 'count': 16, 'total_duration_us': np.float64(8181.259), 'mean_duration_us': np.float64(511.3286875), 'median_duration_us': np.float64(512.644), 'std_dev_duration_us': np.float64(7.064413163161091), 'min_duration_us': np.float64(497.244), 'max_duration_us': np.float64(523.283)}]","[{'name': 'void at::native::vectorized_templated_elementwise_kernel<4, at::...', 'stream': 0, 'mean_duration_us': np.float64(511.33)}]","{'shape_in1': (100096, 2880), 'shape_in2': (100096, 2880), 'dtype_in1_in2_out': ('float', 'c10::BFloat16', None), 'stride_input1': (2880, 1), 'stride_input2': (2880, 1), 'stride_output': None}",True,0.0689286430625919,98.54510994317968,elementwise,elementwise
aten::masked_select,elementwise,python,CPU,thread 166178 (python),"((32, 32768), (32, 32768))","('c10::BFloat16', 'bool')","((32768, 1), (32768, 1))","('', '')",539,192,16875.773,87.89465104166668,15.307016880783308,,,,,,,,,40.68419392903646,2.029759516264785,7811.365234375,84.05000000000001,66.441,174.509,,,,,,,40.25244140625,37.271484375,48.1923828125,"[{'name': 'void rocprim::ROCPRIM_400200_NS::detail::trampoline_kernel<rocprim::ROCPRIM_400200_NS::detail::wrapped_reduce_config<rocprim::ROCPRIM_400200_NS::default_config, int>, (rocprim::ROCPRIM_400200_NS::detail::target_arch)950, rocprim::ROCPRIM_400200_NS::detail::reduce_impl<true, rocprim::ROCPRIM_400200_NS::default_config, hipcub::HIPCUB_400200_NS::TransformInputIterator<bool, at::native::(anonymous namespace)::NonZeroOp<bool>, bool const*, long>, int*, int, hipcub::HIPCUB_400200_NS::detail::convert_binary_result_type_wrapper<hipcub::HIPCUB_400200_NS::Sum, hipcub::HIPCUB_400200_NS::TransformInputIterator<bool, at::native::(anonymous namespace)::NonZeroOp<bool>, bool const*, long>, int> >(void*, unsigned long&, hipcub::HIPCUB_400200_NS::TransformInputIterator<bool, at::native::(anonymous namespace)::NonZeroOp<bool>, bool const*, long>, int*, int, unsigned long, hipcub::HIPCUB_400200_NS::detail::convert_binary_result_type_wrapper<hipcub::HIPCUB_400200_NS::Sum, hipcub::HIPCUB_400200_NS::TransformInputIterator<bool, at::native::(anonymous namespace)::NonZeroOp<bool>, bool const*, long>, int>, ihipStream_t*, bool)::{lambda(auto:1)#1}, rocprim::ROCPRIM_400200_NS::detail::default_config_selector>(rocprim::ROCPRIM_400200_NS::detail::reduce_impl<true, rocprim::ROCPRIM_400200_NS::default_config, hipcub::HIPCUB_400200_NS::TransformInputIterator<bool, at::native::(anonymous namespace)::NonZeroOp<bool>, bool const*, long>, int*, int, hipcub::HIPCUB_400200_NS::detail::convert_binary_result_type_wrapper<hipcub::HIPCUB_400200_NS::Sum, hipcub::HIPCUB_400200_NS::TransformInputIterator<bool, at::native::(anonymous namespace)::NonZeroOp<bool>, bool const*, long>, int> >(void*, unsigned long&, hipcub::HIPCUB_400200_NS::TransformInputIterator<bool, at::native::(anonymous namespace)::NonZeroOp<bool>, bool const*, long>, int*, int, unsigned long, hipcub::HIPCUB_400200_NS::detail::convert_binary_result_type_wrapper<hipcub::HIPCUB_400200_NS::Sum, hipcub::HIPCUB_400200_NS::TransformInputIterator<bool, at::native::(anonymous namespace)::NonZeroOp<bool>, bool const*, long>, int>, ihipStream_t*, bool)::{lambda(auto:1)#1})', 'stream': 0, 'count': 192, 'total_duration_us': np.float64(454.56999999999994), 'mean_duration_us': np.float64(2.367552083333333), 'median_duration_us': np.float64(2.279), 'std_dev_duration_us': np.float64(0.40532214219555424), 'min_duration_us': np.float64(2.039), 'max_duration_us': np.float64(4.279)}, {'name': 'void rocprim::ROCPRIM_400200_NS::detail::trampoline_kernel<rocprim::ROCPRIM_400200_NS::detail::wrapped_reduce_config<rocprim::ROCPRIM_400200_NS::default_config, int>, (rocprim::ROCPRIM_400200_NS::detail::target_arch)950, rocprim::ROCPRIM_400200_NS::detail::reduce_impl<true, rocprim::ROCPRIM_400200_NS::default_config, int*, int*, int, hipcub::HIPCUB_400200_NS::detail::convert_binary_result_type_wrapper<hipcub::HIPCUB_400200_NS::Sum, hipcub::HIPCUB_400200_NS::TransformInputIterator<bool, at::native::(anonymous namespace)::NonZeroOp<bool>, bool const*, long>, int> >(void*, unsigned long&, int*, int*, int, unsigned long, hipcub::HIPCUB_400200_NS::detail::convert_binary_result_type_wrapper<hipcub::HIPCUB_400200_NS::Sum, hipcub::HIPCUB_400200_NS::TransformInputIterator<bool, at::native::(anonymous namespace)::NonZeroOp<bool>, bool const*, long>, int>, ihipStream_t*, bool)::{lambda(auto:1)#6}, rocprim::ROCPRIM_400200_NS::detail::default_config_selector>(rocprim::ROCPRIM_400200_NS::detail::reduce_impl<true, rocprim::ROCPRIM_400200_NS::default_config, int*, int*, int, hipcub::HIPCUB_400200_NS::detail::convert_binary_result_type_wrapper<hipcub::HIPCUB_400200_NS::Sum, hipcub::HIPCUB_400200_NS::TransformInputIterator<bool, at::native::(anonymous namespace)::NonZeroOp<bool>, bool const*, long>, int> >(void*, unsigned long&, int*, int*, int, unsigned long, hipcub::HIPCUB_400200_NS::detail::convert_binary_result_type_wrapper<hipcub::HIPCUB_400200_NS::Sum, hipcub::HIPCUB_400200_NS::TransformInputIterator<bool, at::native::(anonymous namespace)::NonZeroOp<bool>, bool const*, long>, int>, ihipStream_t*, bool)::{lambda(auto:1)#6})', 'stream': 0, 'count': 192, 'total_duration_us': np.float64(221.57), 'mean_duration_us': np.float64(1.1540104166666667), 'median_duration_us': np.float64(0.959), 'std_dev_duration_us': np.float64(0.6786433386849774), 'min_duration_us': np.float64(0.599), 'max_duration_us': np.float64(3.679)}, {'name': 'Memcpy DtoD (Device -> Device)', 'stream': 0, 'count': 192, 'total_duration_us': np.float64(745.619), 'mean_duration_us': np.float64(3.883432291666667), 'median_duration_us': np.float64(3.819), 'std_dev_duration_us': np.float64(0.7140535662088536), 'min_duration_us': np.float64(3.119), 'max_duration_us': np.float64(7.839)}, {'name': 'void rocprim::ROCPRIM_400200_NS::detail::init_lookback_scan_state_kernel<rocprim::ROCPRIM_400200_NS::detail::lookback_scan_state<unsigned long, false, true>, rocprim::ROCPRIM_400200_NS::detail::block_id_wrapper<unsigned int, true> >(rocprim::ROCPRIM_400200_NS::detail::lookback_scan_state<unsigned long, false, true>, unsigned int, rocprim::ROCPRIM_400200_NS::detail::block_id_wrapper<unsigned int, true>, unsigned int, rocprim::ROCPRIM_400200_NS::detail::lookback_scan_state<unsigned long, false, true>::value_type*)', 'stream': 0, 'count': 192, 'total_duration_us': np.float64(228.69), 'mean_duration_us': np.float64(1.19109375), 'median_duration_us': np.float64(0.959), 'std_dev_duration_us': np.float64(0.7392118561645712), 'min_duration_us': np.float64(0.599), 'max_duration_us': np.float64(4.839)}, {'name': 'void rocprim::ROCPRIM_400200_NS::detail::trampoline_kernel<rocprim::ROCPRIM_400200_NS::detail::wrapped_partition_config<rocprim::ROCPRIM_400200_NS::default_config, (rocprim::ROCPRIM_400200_NS::detail::partition_subalgo)5, long, rocprim::ROCPRIM_400200_NS::empty_type>, (rocprim::ROCPRIM_400200_NS::detail::target_arch)950, rocprim::ROCPRIM_400200_NS::detail::partition_impl<(rocprim::ROCPRIM_400200_NS::detail::partition_subalgo)5, false, rocprim::ROCPRIM_400200_NS::default_config, unsigned long, hipcub::HIPCUB_400200_NS::CountingInputIterator<long, long>, rocprim::ROCPRIM_400200_NS::empty_type*, hipcub::HIPCUB_400200_NS::TransformInputIterator<bool, at::native::(anonymous namespace)::NonZeroOp<bool>, bool const*, long>, rocprim::ROCPRIM_400200_NS::tuple<long*, rocprim::ROCPRIM_400200_NS::empty_type>, rocprim::ROCPRIM_400200_NS::tuple<rocprim::ROCPRIM_400200_NS::empty_type*, rocprim::ROCPRIM_400200_NS::empty_type*>, rocprim::ROCPRIM_400200_NS::empty_type, int*, rocprim::ROCPRIM_400200_NS::empty_type>(void*, unsigned long&, hipcub::HIPCUB_400200_NS::CountingInputIterator<long, long>, rocprim::ROCPRIM_400200_NS::empty_type*, hipcub::HIPCUB_400200_NS::TransformInputIterator<bool, at::native::(anonymous namespace)::NonZeroOp<bool>, bool const*, long>, rocprim::ROCPRIM_400200_NS::tuple<long*, rocprim::ROCPRIM_400200_NS::empty_type>, rocprim::ROCPRIM_400200_NS::tuple<rocprim::ROCPRIM_400200_NS::empty_type*, rocprim::ROCPRIM_400200_NS::empty_type*>, int*, unsigned long, rocprim::ROCPRIM_400200_NS::empty_type, ihipStream_t*, bool, rocprim::ROCPRIM_400200_NS::empty_type)::{lambda(auto:1, auto:2)#1}::operator()<std::integral_constant<bool, false>, std::integral_constant<bool, true> >(std::integral_constant<bool, false>, std::integral_constant<bool, true>) const::{lambda(auto:1)#1}, rocprim::ROCPRIM_400200_NS::detail::default_config_selector>(rocprim::ROCPRIM_400200_NS::detail::partition_impl<(rocprim::ROCPRIM_400200_NS::detail::partition_subalgo)5, false, rocprim::ROCPRIM_400200_NS::default_config, unsigned long, hipcub::HIPCUB_400200_NS::CountingInputIterator<long, long>, rocprim::ROCPRIM_400200_NS::empty_type*, hipcub::HIPCUB_400200_NS::TransformInputIterator<bool, at::native::(anonymous namespace)::NonZeroOp<bool>, bool const*, long>, rocprim::ROCPRIM_400200_NS::tuple<long*, rocprim::ROCPRIM_400200_NS::empty_type>, rocprim::ROCPRIM_400200_NS::tuple<rocprim::ROCPRIM_400200_NS::empty_type*, rocprim::ROCPRIM_400200_NS::empty_type*>, rocprim::ROCPRIM_400200_NS::empty_type, int*, rocprim::ROCPRIM_400200_NS::empty_type>(void*, unsigned long&, hipcub::HIPCUB_400200_NS::CountingInputIterator<long, long>, rocprim::ROCPRIM_400200_NS::empty_type*, hipcub::HIPCUB_400200_NS::TransformInputIterator<bool, at::native::(anonymous namespace)::NonZeroOp<bool>, bool const*, long>, rocprim::ROCPRIM_400200_NS::tuple<long*, rocprim::ROCPRIM_400200_NS::empty_type>, rocprim::ROCPRIM_400200_NS::tuple<rocprim::ROCPRIM_400200_NS::empty_type*, rocprim::ROCPRIM_400200_NS::empty_type*>, int*, unsigned long, rocprim::ROCPRIM_400200_NS::empty_type, ihipStream_t*, bool, rocprim::ROCPRIM_400200_NS::empty_type)::{lambda(auto:1, auto:2)#1}::operator()<std::integral_constant<bool, false>, std::integral_constant<bool, true> >(std::integral_constant<bool, false>, std::integral_constant<bool, true>) const::{lambda(auto:1)#1})', 'stream': 0, 'count': 192, 'total_duration_us': np.float64(3306.0370000000003), 'mean_duration_us': np.float64(17.218942708333334), 'median_duration_us': np.float64(17.199), 'std_dev_duration_us': np.float64(0.8576816752692487), 'min_duration_us': np.float64(15.279), 'max_duration_us': np.float64(20.96)}, {'name': 'void rocprim::ROCPRIM_400200_NS::detail::trampoline_kernel<rocprim::ROCPRIM_400200_NS::detail::wrapped_transform_config<rocprim::ROCPRIM_400200_NS::default_config, unsigned long, true>, (rocprim::ROCPRIM_400200_NS::detail::target_arch)950, rocprim::ROCPRIM_400200_NS::detail::transform_impl<true, rocprim::ROCPRIM_400200_NS::default_config, unsigned long*, int*, rocprim::ROCPRIM_400200_NS::identity<void> >(unsigned long*, int*, unsigned long, rocprim::ROCPRIM_400200_NS::identity<void>, ihipStream_t*, bool)::{lambda(auto:1)#1}, rocprim::ROCPRIM_400200_NS::detail::default_config_selector>(rocprim::ROCPRIM_400200_NS::detail::transform_impl<true, rocprim::ROCPRIM_400200_NS::default_config, unsigned long*, int*, rocprim::ROCPRIM_400200_NS::identity<void> >(unsigned long*, int*, unsigned long, rocprim::ROCPRIM_400200_NS::identity<void>, ihipStream_t*, bool)::{lambda(auto:1)#1})', 'stream': 0, 'count': 192, 'total_duration_us': np.float64(778.854), 'mean_duration_us': np.float64(4.05653125), 'median_duration_us': np.float64(4.039), 'std_dev_duration_us': np.float64(0.09052266672002186), 'min_duration_us': np.float64(3.799), 'max_duration_us': np.float64(4.359)}, {'name': 'void at::native::(anonymous namespace)::write_indices<long>(long*, at::native::(anonymous namespace)::TensorDims<long>, int, long, long*, long)', 'stream': 0, 'count': 192, 'total_duration_us': np.float64(798.414), 'mean_duration_us': np.float64(4.15840625), 'median_duration_us': np.float64(3.919), 'std_dev_duration_us': np.float64(0.5715852331113336), 'min_duration_us': np.float64(3.679), 'max_duration_us': np.float64(6.239)}, {'name': 'void at::native::index_elementwise_kernel<128, 4, at::native::gpu_index_kernel<at::native::index_kernel_impl<at::native::OpaqueType<2> >(at::TensorIteratorBase&, c10::ArrayRef<long>, c10::ArrayRef<long>)::{lambda(char*, char const*, long)#1}>(at::TensorIteratorBase&, c10::ArrayRef<long>, c10::ArrayRef<long>, at::native::index_kernel_impl<at::native::OpaqueType<2> >(at::TensorIteratorBase&, c10::ArrayRef<long>, c10::ArrayRef<long>)::{lambda(char*, char const*, long)#1} const&, bool)::{lambda(int)#1}>(long, at::native::gpu_index_kernel<at::native::index_kernel_impl<at::native::OpaqueType<2> >(at::TensorIteratorBase&, c10::ArrayRef<long>, c10::ArrayRef<long>)::{lambda(char*, char const*, long)#1}>(at::TensorIteratorBase&, c10::ArrayRef<long>, c10::ArrayRef<long>, at::native::index_kernel_impl<at::native::OpaqueType<2> >(at::TensorIteratorBase&, c10::ArrayRef<long>, c10::ArrayRef<long>)::{lambda(char*, char const*, long)#1} const&, bool)::{lambda(int)#1})', 'stream': 0, 'count': 192, 'total_duration_us': np.float64(1277.5839999999998), 'mean_duration_us': np.float64(6.6540833333333325), 'median_duration_us': np.float64(6.639), 'std_dev_duration_us': np.float64(0.3044956098023235), 'min_duration_us': np.float64(5.759), 'max_duration_us': np.float64(7.439)}]","[{'name': 'void rocprim::ROCPRIM_400200_NS::detail::trampoline_kernel<rocpr...', 'stream': 0, 'mean_duration_us': np.float64(2.37)}, {'name': 'void rocprim::ROCPRIM_400200_NS::detail::trampoline_kernel<rocpr...', 'stream': 0, 'mean_duration_us': np.float64(1.15)}, {'name': 'Memcpy DtoD (Device -> Device)', 'stream': 0, 'mean_duration_us': np.float64(3.88)}, {'name': 'void rocprim::ROCPRIM_400200_NS::detail::init_lookback_scan_stat...', 'stream': 0, 'mean_duration_us': np.float64(1.19)}, {'name': 'void rocprim::ROCPRIM_400200_NS::detail::trampoline_kernel<rocpr...', 'stream': 0, 'mean_duration_us': np.float64(17.22)}, {'name': 'void rocprim::ROCPRIM_400200_NS::detail::trampoline_kernel<rocpr...', 'stream': 0, 'mean_duration_us': np.float64(4.06)}, {'name': 'void at::native::(anonymous namespace)::write_indices<long>(long...', 'stream': 0, 'mean_duration_us': np.float64(4.16)}, {'name': 'void at::native::index_elementwise_kernel<128, 4, at::native::gp...', 'stream': 0, 'mean_duration_us': np.float64(6.65)}]",,False,0.0658122203384637,98.67910415720849,elementwise,elementwise
aten::add_,elementwise,python,CPU,thread 166796 (pt_autograd_0),"((5120, 2880), (5120, 2880), ())","('float', 'c10::BFloat16', 'Scalar')","((2880, 1), (2880, 1), ())","('', '', '1')",138966,192,951.392,4.955166666666667,0.5694867288887894,0.0147456,140.625,0.1,vector_fp32,5.089131104106343,0.2049697707555556,0.5089131104106344,0.0204969770755556,29.022537231445312,1.1964220504787495,5572.3271484375,4.8565000000000005,4.036,7.59,5.105924221596567,4.326750644736088,5.63687400604771,0.5105924221596567,0.4326750644736088,0.563687400604771,28.87939453125,26.1591796875,34.080078125,"[{'name': 'void at::native::vectorized_templated_elementwise_kernel<4, at::native::CUDAFunctor_add<float>, std::array<char*, 3ul>, TrivialOffsetCalculator<2, unsigned int>, TrivialOffsetCalculator<1, unsigned int>, at::native::memory::LoadWithCast<2>, at::native::memory::StoreWithCast<1>, float, float, c10::BFloat16>(int, at::native::CUDAFunctor_add<float>, std::array<char*, 3ul>, TrivialOffsetCalculator<2, unsigned int>, TrivialOffsetCalculator<1, unsigned int>, at::native::memory::LoadWithCast<2>, at::native::memory::StoreWithCast<1>)', 'stream': 0, 'count': 192, 'total_duration_us': np.float64(5572.331), 'mean_duration_us': np.float64(29.02255729166667), 'median_duration_us': np.float64(28.8795), 'std_dev_duration_us': np.float64(1.1932881160757718), 'min_duration_us': np.float64(26.159), 'max_duration_us': np.float64(34.08)}]","[{'name': 'void at::native::vectorized_templated_elementwise_kernel<4, at::...', 'stream': 0, 'mean_duration_us': np.float64(29.02)}]","{'shape_in1': (5120, 2880), 'shape_in2': (5120, 2880), 'dtype_in1_in2_out': ('float', 'c10::BFloat16', None), 'stride_input1': (2880, 1), 'stride_input2': (2880, 1), 'stride_output': None}",True,0.0469479036106438,98.88229306593853,elementwise,elementwise
aten::copy_,elementwise,python,CPU,thread 166178 (python),"((8, 4096, 8, 64), (8, 4096, 8, 64), ())","('c10::BFloat16', 'c10::BFloat16', 'Scalar')","((2097152, 512, 64, 1), (512, 4096, 64, 1), ())","('', '', 'False')",181,192,1025.141,5.339276041666667,1.4261804192750356,0.016777216,64.0,0.25,vector_bf16,2.4106941108457405,0.0953943044124793,0.6026735277114351,0.0238485761031198,27.88176981608073,1.11382501712606,5353.2998046875,5.082,4.086,16.913,2.415788184847205,2.134542981176617,2.637882489578135,0.6039470462118013,0.5336357452941541,0.6594706223945338,27.779296875,25.4404296875,31.439453125,"[{'name': 'void at::native::elementwise_kernel_manual_unroll<128, 8, at::native::gpu_kernel_impl_nocast<at::native::direct_copy_kernel_cuda(at::TensorIteratorBase&)::{lambda()#3}::operator()() const::{lambda()#12}::operator()() const::{lambda(c10::BFloat16)#1}>(at::TensorIteratorBase&, at::native::direct_copy_kernel_cuda(at::TensorIteratorBase&)::{lambda()#3}::operator()() const::{lambda()#12}::operator()() const::{lambda(c10::BFloat16)#1} const&)::{lambda(int, bool)#1}>(int, at::native::gpu_kernel_impl_nocast<at::native::direct_copy_kernel_cuda(at::TensorIteratorBase&)::{lambda()#3}::operator()() const::{lambda()#12}::operator()() const::{lambda(c10::BFloat16)#1}>(at::TensorIteratorBase&, at::native::direct_copy_kernel_cuda(at::TensorIteratorBase&)::{lambda()#3}::operator()() const::{lambda()#12}::operator()() const::{lambda(c10::BFloat16)#1} const&)::{lambda(int, bool)#1})', 'stream': 0, 'count': 192, 'total_duration_us': np.float64(5353.304), 'mean_duration_us': np.float64(27.88179166666667), 'median_duration_us': np.float64(27.7795), 'std_dev_duration_us': np.float64(1.110947417716318), 'min_duration_us': np.float64(25.44), 'max_duration_us': np.float64(31.439)}]","[{'name': 'void at::native::elementwise_kernel_manual_unroll<128, 8, at::na...', 'stream': 0, 'mean_duration_us': np.float64(27.88)}]","{'op_shape': (8, 4096, 8, 64), 'dtype_in_out': ('c10::BFloat16', 'c10::BFloat16'), 'stride_input': (2097152, 512, 64, 1), 'stride_output': (512, 4096, 64, 1)}",True,0.0451025570707599,98.92739562300928,elementwise,elementwise
aten::fill_,elementwise,python,CPU,thread 166796 (pt_autograd_0),"((94371840,), ())","('c10::BFloat16', 'Scalar')","((1,), ())","('', '0')",138091,192,1456.102,7.583864583333334,1.284299728678878,,,,,,,,,27.73250325520833,4.087310240352901,5324.640625,7.189500000000001,5.998,12.697,,,,,,,26.478515625,24.0791015625,46.119140625,"[{'name': 'void at::native::vectorized_elementwise_kernel<8, at::native::FillFunctor<c10::BFloat16>, std::array<char*, 1ul> >(int, at::native::FillFunctor<c10::BFloat16>, std::array<char*, 1ul>)', 'stream': 0, 'count': 192, 'total_duration_us': np.float64(5324.639), 'mean_duration_us': np.float64(27.732494791666667), 'median_duration_us': np.float64(26.479), 'std_dev_duration_us': np.float64(4.076657910436301), 'min_duration_us': np.float64(24.079), 'max_duration_us': np.float64(46.119)}]","[{'name': 'void at::native::vectorized_elementwise_kernel<8, at::native::Fi...', 'stream': 0, 'mean_duration_us': np.float64(27.73)}]",,False,0.0448610980950596,98.97225672110432,elementwise,elementwise
aten::fill_,elementwise,python,CPU,thread 166796 (pt_autograd_0),"((32768, 2880), ())","('c10::BFloat16', 'Scalar')","((2880, 1), ())","('', '0')",138603,192,1682.951,8.765369791666666,0.9365068959719932,,,,,,,,,25.12843831380208,0.9361665037460558,4824.66015625,8.586500000000001,7.229,15.461,,,,,,,24.939453125,23.080078125,28.3603515625,"[{'name': 'void at::native::vectorized_elementwise_kernel<8, at::native::FillFunctor<c10::BFloat16>, std::array<char*, 1ul> >(int, at::native::FillFunctor<c10::BFloat16>, std::array<char*, 1ul>)', 'stream': 0, 'count': 192, 'total_duration_us': np.float64(4824.661), 'mean_duration_us': np.float64(25.128442708333335), 'median_duration_us': np.float64(24.939500000000002), 'std_dev_duration_us': np.float64(0.9337058037560144), 'min_duration_us': np.float64(23.08), 'max_duration_us': np.float64(28.36)}]","[{'name': 'void at::native::vectorized_elementwise_kernel<8, at::native::Fi...', 'stream': 0, 'mean_duration_us': np.float64(25.13)}]",,False,0.0406486686685745,99.01290538977292,elementwise,elementwise
aten::fill_,elementwise,python,CPU,thread 166178 (python),"((32768, 2880), ())","('c10::BFloat16', 'Scalar')","((2880, 1), ())","('', '0')",792,192,2213.296,11.527583333333332,1.995172740709563,,,,,,,,,24.91607157389323,0.735229112342402,4783.8857421875,10.925,9.964,22.191,,,,,,,24.87939453125,23.439453125,27.1591796875,"[{'name': 'void at::native::vectorized_elementwise_kernel<8, at::native::FillFunctor<c10::BFloat16>, std::array<char*, 1ul> >(int, at::native::FillFunctor<c10::BFloat16>, std::array<char*, 1ul>)', 'stream': 0, 'count': 192, 'total_duration_us': np.float64(4783.891), 'mean_duration_us': np.float64(24.916098958333333), 'median_duration_us': np.float64(24.8795), 'std_dev_duration_us': np.float64(0.7333036941919642), 'min_duration_us': np.float64(23.439), 'max_duration_us': np.float64(27.159)}]","[{'name': 'void at::native::vectorized_elementwise_kernel<8, at::native::Fi...', 'stream': 0, 'mean_duration_us': np.float64(24.92)}]",,False,0.0403051365660627,99.05321052633896,elementwise,elementwise
aten::copy_,elementwise,python,CPU,thread 166178 (python),"((8, 4096, 8, 64), (8, 4096, 8, 64), ())","('c10::BFloat16', 'c10::BFloat16', 'Scalar')","((2097152, 512, 64, 1), (5120, 40960, 640, 1), ())","('', '', 'False')",190,192,1035.068,5.390979166666667,1.073732053691194,0.016777216,64.0,0.25,vector_bf16,2.9572718524600066,0.125339475141376,0.7393179631150016,0.031334868785344,22.734141031901043,0.9812620197507732,4364.955078125,5.1625,3.975,13.028,2.966908210582564,2.60933614580802,3.214194421702526,0.741727052645641,0.6523340364520049,0.8035486054256314,22.619140625,20.87890625,25.71875,"[{'name': 'void at::native::elementwise_kernel_manual_unroll<128, 8, at::native::gpu_kernel_impl_nocast<at::native::direct_copy_kernel_cuda(at::TensorIteratorBase&)::{lambda()#3}::operator()() const::{lambda()#12}::operator()() const::{lambda(c10::BFloat16)#1}>(at::TensorIteratorBase&, at::native::direct_copy_kernel_cuda(at::TensorIteratorBase&)::{lambda()#3}::operator()() const::{lambda()#12}::operator()() const::{lambda(c10::BFloat16)#1} const&)::{lambda(int, bool)#1}>(int, at::native::gpu_kernel_impl_nocast<at::native::direct_copy_kernel_cuda(at::TensorIteratorBase&)::{lambda()#3}::operator()() const::{lambda()#12}::operator()() const::{lambda(c10::BFloat16)#1}>(at::TensorIteratorBase&, at::native::direct_copy_kernel_cuda(at::TensorIteratorBase&)::{lambda()#3}::operator()() const::{lambda()#12}::operator()() const::{lambda(c10::BFloat16)#1} const&)::{lambda(int, bool)#1})', 'stream': 0, 'count': 192, 'total_duration_us': np.float64(4364.96), 'mean_duration_us': np.float64(22.734166666666667), 'median_duration_us': np.float64(22.619500000000002), 'std_dev_duration_us': np.float64(0.9787230910164983), 'min_duration_us': np.float64(20.879), 'max_duration_us': np.float64(25.719)}]","[{'name': 'void at::native::elementwise_kernel_manual_unroll<128, 8, at::na...', 'stream': 0, 'mean_duration_us': np.float64(22.73)}]","{'op_shape': (8, 4096, 8, 64), 'dtype_in_out': ('c10::BFloat16', 'c10::BFloat16'), 'stride_input': (2097152, 512, 64, 1), 'stride_output': (5120, 40960, 640, 1)}",True,0.0367755669783431,99.08998609331732,elementwise,elementwise
aten::add_,elementwise,python,CPU,thread 166796 (pt_autograd_0),"((2880, 4096), (2880, 4096), ())","('float', 'c10::BFloat16', 'Scalar')","((4096, 1), (4096, 1), ())","('', '', '1')",138795,192,1593.985,8.302005208333332,0.8898609603575959,0.01179648,112.5,0.1,vector_fp32,5.464611183041709,0.3141856156087449,0.5464611183041709,0.0314185615608744,21.65899658203125,1.26254182593708,4158.52734375,8.181,7.02,17.905,5.461432100551587,4.537107692307693,6.383889398583658,0.5461432100551588,0.4537107692307692,0.6383889398583659,21.599609375,18.478515625,26.0,"[{'name': 'void at::native::vectorized_templated_elementwise_kernel<4, at::native::CUDAFunctor_add<float>, std::array<char*, 3ul>, TrivialOffsetCalculator<2, unsigned int>, TrivialOffsetCalculator<1, unsigned int>, at::native::memory::LoadWithCast<2>, at::native::memory::StoreWithCast<1>, float, float, c10::BFloat16>(int, at::native::CUDAFunctor_add<float>, std::array<char*, 3ul>, TrivialOffsetCalculator<2, unsigned int>, TrivialOffsetCalculator<1, unsigned int>, at::native::memory::LoadWithCast<2>, at::native::memory::StoreWithCast<1>)', 'stream': 0, 'count': 192, 'total_duration_us': np.float64(4158.537), 'mean_duration_us': np.float64(21.659046875), 'median_duration_us': np.float64(21.6), 'std_dev_duration_us': np.float64(1.2592716326026465), 'min_duration_us': np.float64(18.479), 'max_duration_us': np.float64(26.0)}]","[{'name': 'void at::native::vectorized_templated_elementwise_kernel<4, at::...', 'stream': 0, 'mean_duration_us': np.float64(21.66)}]","{'shape_in1': (2880, 4096), 'shape_in2': (2880, 4096), 'dtype_in1_in2_out': ('float', 'c10::BFloat16', None), 'stride_input1': (4096, 1), 'stride_input2': (4096, 1), 'stride_output': None}",True,0.0350363745156897,99.125022467833,elementwise,elementwise
aten::fill_,elementwise,python,CPU,thread 166178 (python),"((32768, 32), ())","('c10::BFloat16', 'Scalar')","((32, 1), ())","('', '0')",284,576,3270.228,5.677479166666667,1.4485783193846662,,,,,,,,,5.831190321180555,0.6555411960444373,3358.765625,5.2825,3.825,22.341,,,,,,,5.8388671875,4.8798828125,13.279296875,"[{'name': 'void at::native::vectorized_elementwise_kernel<8, at::native::FillFunctor<c10::BFloat16>, std::array<char*, 1ul> >(int, at::native::FillFunctor<c10::BFloat16>, std::array<char*, 1ul>)', 'stream': 0, 'count': 576, 'total_duration_us': np.float64(3358.736), 'mean_duration_us': np.float64(5.831138888888889), 'median_duration_us': np.float64(5.839), 'std_dev_duration_us': np.float64(0.65499082490511), 'min_duration_us': np.float64(4.88), 'max_duration_us': np.float64(13.279)}]","[{'name': 'void at::native::vectorized_elementwise_kernel<8, at::native::Fi...', 'stream': 0, 'mean_duration_us': np.float64(5.83)}]",,False,0.0282982317105089,99.18299762605012,elementwise,elementwise
aten::fill_,elementwise,python,CPU,thread 166178 (python),"((32768, 32), ())","('bool', 'Scalar')","((32, 1), ())","('', '0')",399,192,1451.836,7.561645833333333,1.5172582221404176,,,,,,,,,15.065984090169271,1.392011165334536,2892.6689453125,7.0495,5.438,13.288,,,,,,,15.1796875,10.0390625,21.2392578125,"[{'name': 'void at::native::vectorized_elementwise_kernel<16, at::native::FillFunctor<bool>, std::array<char*, 1ul> >(int, at::native::FillFunctor<bool>, std::array<char*, 1ul>)', 'stream': 0, 'count': 192, 'total_duration_us': np.float64(2892.674), 'mean_duration_us': np.float64(15.066010416666666), 'median_duration_us': np.float64(15.1795), 'std_dev_duration_us': np.float64(1.3883886605731695), 'min_duration_us': np.float64(10.039), 'max_duration_us': np.float64(21.239)}]","[{'name': 'void at::native::vectorized_elementwise_kernel<16, at::native::F...', 'stream': 0, 'mean_duration_us': np.float64(15.07)}]",,False,0.024371279575736,99.23440930778554,elementwise,elementwise
aten::copy_,elementwise,python,CPU,thread 166178 (python),"((32768, 32), (32768, 32), ())","('int', 'c10::BFloat16', 'Scalar')","((32, 1), (32, 1), ())","('', '', 'False')",298,384,2129.714,5.5461302083333335,1.1758214366504134,0.001048576,,,,,,0.1436923328373748,0.0107913529644818,7.347442626953125,0.6888839689148354,2821.41796875,5.277,3.665,13.168,,,,0.1440490775422591,0.0787258467629591,0.1659313589862463,7.279296875,6.3193359375,13.3193359375,"[{'name': 'void at::native::elementwise_kernel_manual_unroll<128, 4, at::native::gpu_kernel_impl<at::native::direct_copy_kernel_cuda(at::TensorIteratorBase&)::{lambda()#3}::operator()() const::{lambda()#3}::operator()() const::{lambda(int)#1}>(at::TensorIteratorBase&, at::native::direct_copy_kernel_cuda(at::TensorIteratorBase&)::{lambda()#3}::operator()() const::{lambda()#3}::operator()() const::{lambda(int)#1} const&)::{lambda(int, bool)#1}>(int, at::native::gpu_kernel_impl<at::native::direct_copy_kernel_cuda(at::TensorIteratorBase&)::{lambda()#3}::operator()() const::{lambda()#3}::operator()() const::{lambda(int)#1}>(at::TensorIteratorBase&, at::native::direct_copy_kernel_cuda(at::TensorIteratorBase&)::{lambda()#3}::operator()() const::{lambda()#3}::operator()() const::{lambda(int)#1} const&)::{lambda(int, bool)#1})', 'stream': 0, 'count': 384, 'total_duration_us': np.float64(2821.4390000000003), 'mean_duration_us': np.float64(7.347497395833334), 'median_duration_us': np.float64(7.279), 'std_dev_duration_us': np.float64(0.68799121844678), 'min_duration_us': np.float64(6.319), 'max_duration_us': np.float64(13.319)}]","[{'name': 'void at::native::elementwise_kernel_manual_unroll<128, 4, at::na...', 'stream': 0, 'mean_duration_us': np.float64(7.35)}]","{'op_shape': (32768, 32), 'dtype_in_out': ('int', 'c10::BFloat16'), 'stride_input': (32, 1), 'stride_output': (32, 1)}",True,0.0237709767057298,99.25818028449127,elementwise,elementwise
aten::mul_,elementwise,python,CPU,thread 166796 (pt_autograd_0),"((49766400,), ())","('float', 'double')","((1,), ())","('', '')",288017,48,344.23900000000003,7.171645833333334,1.2621760083888784,0.0497664,379.6875076293945,0.1249999974882652,vector_fp32,7.222039613095741,0.0466077374592199,0.9027549334971195,0.0058259670653362,55.1295166015625,0.3581626762863112,2646.216796875,7.1595,5.467,10.595,7.233483383758273,7.079240080432027,7.297314330063721,0.9041854048011924,0.8849049922728299,0.9121642729290472,55.0400390625,54.55859375,56.2392578125,"[{'name': 'void at::native::vectorized_elementwise_kernel<4, at::native::AUnaryFunctor<float, float, float, at::native::binary_internal::MulFunctor<float> >, std::array<char*, 2ul> >(int, at::native::AUnaryFunctor<float, float, float, at::native::binary_internal::MulFunctor<float> >, std::array<char*, 2ul>)', 'stream': 0, 'count': 48, 'total_duration_us': np.float64(2646.2169999999996), 'mean_duration_us': np.float64(55.12952083333332), 'median_duration_us': np.float64(55.04), 'std_dev_duration_us': np.float64(0.35433247038053434), 'min_duration_us': np.float64(54.559), 'max_duration_us': np.float64(56.239)}]","[{'name': 'void at::native::vectorized_elementwise_kernel<4, at::native::AU...', 'stream': 0, 'mean_duration_us': np.float64(55.13)}]","{'shape_in1': (49766400,), 'shape_in2': (), 'dtype_in1_in2_out': ('float', 'double', None), 'stride_input1': (1,), 'stride_input2': (), 'stride_output': None}",True,0.0222948739015422,99.30397047347992,elementwise,elementwise
aten::copy_,elementwise,python,CPU,thread 166178 (python),"((32768, 32), (32768, 32), ())","('bool', 'int', 'Scalar')","((32, 1), (32, 1), ())","('', '', 'False')",305,384,2038.222,5.307869791666667,0.8419795918738593,0.001048576,,,,,,0.1577952514326582,0.0298015881042435,6.88671366373698,1.298656529367071,2644.498046875,5.207,3.825,9.383,,,,0.145651359739555,0.0956818592051327,0.2131709001389716,7.19921875,4.9189453125,10.958984375,"[{'name': 'void at::native::elementwise_kernel_manual_unroll<128, 4, at::native::gpu_kernel_impl<at::native::direct_copy_kernel_cuda(at::TensorIteratorBase&)::{lambda()#3}::operator()() const::{lambda()#11}::operator()() const::{lambda(bool)#1}>(at::TensorIteratorBase&, at::native::direct_copy_kernel_cuda(at::TensorIteratorBase&)::{lambda()#3}::operator()() const::{lambda()#11}::operator()() const::{lambda(bool)#1} const&)::{lambda(int, bool)#1}>(int, at::native::gpu_kernel_impl<at::native::direct_copy_kernel_cuda(at::TensorIteratorBase&)::{lambda()#3}::operator()() const::{lambda()#11}::operator()() const::{lambda(bool)#1}>(at::TensorIteratorBase&, at::native::direct_copy_kernel_cuda(at::TensorIteratorBase&)::{lambda()#3}::operator()() const::{lambda()#11}::operator()() const::{lambda(bool)#1} const&)::{lambda(int, bool)#1})', 'stream': 0, 'count': 384, 'total_duration_us': np.float64(2644.5200000000004), 'mean_duration_us': np.float64(6.886770833333334), 'median_duration_us': np.float64(7.199), 'std_dev_duration_us': np.float64(1.2970429869447808), 'min_duration_us': np.float64(4.919), 'max_duration_us': np.float64(10.959)}]","[{'name': 'void at::native::elementwise_kernel_manual_unroll<128, 4, at::na...', 'stream': 0, 'mean_duration_us': np.float64(6.89)}]","{'op_shape': (32768, 32), 'dtype_in_out': ('bool', 'int'), 'stride_input': (32, 1), 'stride_output': (32, 1)}",True,0.0222803931097327,99.32625086658966,elementwise,elementwise
aten::mul,elementwise,python,CPU,thread 166796 (pt_autograd_0),"((32768, 32), (32768, 32))","('float', 'float')","((32, 1), (32, 1))","('', '')",138685,384,2538.215,6.609934895833334,1.2713055719885673,0.001048576,12.0,0.0833333333333333,vector_fp32,1.949827617225976,0.454772066533258,0.1624856347688313,0.0378976722111048,6.842519124348958,1.723228340186765,2627.52734375,6.448499999999999,4.626,23.352,2.0363551379614515,1.1038209447442815,2.996488811162791,0.1696962614967876,0.0919850787286901,0.2497074009302325,6.17919921875,4.19921875,11.3994140625,"[{'name': 'void at::native::vectorized_elementwise_kernel<4, at::native::BinaryFunctor<float, float, float, at::native::binary_internal::MulFunctor<float> >, std::array<char*, 3ul> >(int, at::native::BinaryFunctor<float, float, float, at::native::binary_internal::MulFunctor<float> >, std::array<char*, 3ul>)', 'stream': 0, 'count': 384, 'total_duration_us': np.float64(2627.548), 'mean_duration_us': np.float64(6.842572916666666), 'median_duration_us': np.float64(6.179), 'std_dev_duration_us': np.float64(1.720926886549753), 'min_duration_us': np.float64(4.199), 'max_duration_us': np.float64(11.399)}]","[{'name': 'void at::native::vectorized_elementwise_kernel<4, at::native::Bi...', 'stream': 0, 'mean_duration_us': np.float64(6.84)}]","{'shape_in1': (32768, 32), 'shape_in2': (32768, 32), 'dtype_in1_in2_out': ('float', 'float', None), 'stride_input1': (32, 1), 'stride_input2': (32, 1), 'stride_output': None}",True,0.0221374117460594,99.34838827833572,elementwise,elementwise
aten::copy_,elementwise,python,CPU,thread 166796 (pt_autograd_0),"((32768, 32), (32768, 32), ())","('c10::BFloat16', 'float', 'Scalar')","((32, 1), (32, 1), ())","('', '', 'False')",138692,384,2024.429,5.271950520833333,0.8459119664519905,0.001048576,6.0,0.1666666666666666,vector_bf16,1.0023137581518204,0.2599887501887727,0.1670522930253034,0.0433314583647954,6.732460021972656,1.823659369127599,2585.2646484375,5.202500000000001,3.895,9.323,1.048661347224483,0.5443098127745861,1.5576525493230176,0.1747768912040805,0.0907183021290976,0.2596087582205029,5.99951171875,4.0390625,11.55859375,"[{'name': 'void at::native::vectorized_elementwise_kernel<4, at::native::bfloat16_copy_kernel_cuda(at::TensorIteratorBase&)::{lambda(float)#1}, std::array<char*, 2ul> >(int, at::native::bfloat16_copy_kernel_cuda(at::TensorIteratorBase&)::{lambda(float)#1}, std::array<char*, 2ul>)', 'stream': 0, 'count': 384, 'total_duration_us': np.float64(2585.2889999999998), 'mean_duration_us': np.float64(6.732523437499999), 'median_duration_us': np.float64(5.999499999999999), 'std_dev_duration_us': np.float64(1.8212798025680594), 'min_duration_us': np.float64(4.039), 'max_duration_us': np.float64(11.559)}]","[{'name': 'void at::native::vectorized_elementwise_kernel<4, at::native::bf...', 'stream': 0, 'mean_duration_us': np.float64(6.73)}]","{'op_shape': (32768, 32), 'dtype_in_out': ('c10::BFloat16', 'float'), 'stride_input': (32, 1), 'stride_output': (32, 1)}",True,0.0217813405942761,99.37016961893,elementwise,elementwise
aten::copy_,elementwise,python,CPU,thread 166178 (python),"((32768, 32), (32768, 32), ())","('float', 'c10::BFloat16', 'Scalar')","((32, 1), (32, 1), ())","('', '', 'False')",267,384,2629.234,6.846963541666667,1.8853624437649192,0.001048576,6.0,0.1666666666666666,vector_fp32,1.114884349396344,0.0952693900471157,0.185814058232724,0.0158782316745192,5.689369201660156,0.5454433739772354,2184.7177734375,6.999499999999999,4.096,14.63,1.148386977540107,0.823632184096139,1.2895218062449962,0.1913978295900178,0.1372720306826898,0.2149203010408326,5.478515625,4.87890625,7.638671875,"[{'name': 'void at::native::vectorized_elementwise_kernel<4, at::native::bfloat16tofloat32_copy_kernel_cuda(at::TensorIteratorBase&)::{lambda(c10::BFloat16)#1}, std::array<char*, 2ul> >(int, at::native::bfloat16tofloat32_copy_kernel_cuda(at::TensorIteratorBase&)::{lambda(c10::BFloat16)#1}, std::array<char*, 2ul>)', 'stream': 0, 'count': 384, 'total_duration_us': np.float64(2184.679), 'mean_duration_us': np.float64(5.689268229166667), 'median_duration_us': np.float64(5.479), 'std_dev_duration_us': np.float64(0.5447981644905577), 'min_duration_us': np.float64(4.879), 'max_duration_us': np.float64(7.639)}]","[{'name': 'void at::native::vectorized_elementwise_kernel<4, at::native::bf...', 'stream': 0, 'mean_duration_us': np.float64(5.69)}]","{'op_shape': (32768, 32), 'dtype_in_out': ('float', 'c10::BFloat16'), 'stride_input': (32, 1), 'stride_output': (32, 1)}",True,0.0184066578848595,99.42671203444112,elementwise,elementwise
aten::mul,elementwise,python,CPU,thread 166796 (pt_autograd_0),"((256,), (256,))","('float', 'long int')","((0,), (1,))","('', '')",138664,192,1558.541,8.117401041666666,1.5629506631676802,2.56e-07,0.0048828125,0.05,vector_fp32,0.0005192676856358,5.512040949114763e-05,2.596338428179342e-05,2.7560204745573823e-06,9.972264607747396,1.0691877773648644,1914.6748046875,7.8505,6.038,24.413,0.0005161839125726,0.0003879017460787,0.000627514063435,2.5809195628630502e-05,1.939508730393608e-05,3.137570317175344e-05,9.9189453125,8.1591796875,13.19921875,"[{'name': 'void at::native::elementwise_kernel_manual_unroll<128, 4, at::native::gpu_kernel_impl<at::native::BinaryFunctor<float, float, float, at::native::binary_internal::MulFunctor<float> > >(at::TensorIteratorBase&, at::native::BinaryFunctor<float, float, float, at::native::binary_internal::MulFunctor<float> > const&)::{lambda(int, bool)#2}>(int, at::native::gpu_kernel_impl<at::native::BinaryFunctor<float, float, float, at::native::binary_internal::MulFunctor<float> > >(at::TensorIteratorBase&, at::native::BinaryFunctor<float, float, float, at::native::binary_internal::MulFunctor<float> > const&)::{lambda(int, bool)#2})', 'stream': 0, 'count': 192, 'total_duration_us': np.float64(1914.677), 'mean_duration_us': np.float64(9.972276041666666), 'median_duration_us': np.float64(9.919), 'std_dev_duration_us': np.float64(1.0662624275599315), 'min_duration_us': np.float64(8.159), 'max_duration_us': np.float64(13.199)}]","[{'name': 'void at::native::elementwise_kernel_manual_unroll<128, 4, at::na...', 'stream': 0, 'mean_duration_us': np.float64(9.97)}]","{'shape_in1': (256,), 'shape_in2': (256,), 'dtype_in1_in2_out': ('float', 'long int', None), 'stride_input1': (0,), 'stride_input2': (1,), 'stride_output': None}",True,0.0161314951153581,99.4596477726395,elementwise,elementwise
aten::copy_,elementwise,python,CPU,thread 166178 (python),"((16588800,), (16588800,), ())","('c10::BFloat16', 'float', 'Scalar')","((1,), (1,), ())","('', '', 'False')",137073,96,484.894,5.050979166666667,0.4500927384946507,0.0165888,94.921875,0.1666666666666666,vector_bf16,5.320500328538173,0.190411733496075,0.8867500547563621,0.0317352889160124,18.731699625651043,0.6864155259881026,1798.2431640625,5.002,4.186,6.218,5.374760702420502,4.73987756127052,5.668608854282536,0.8957934504034171,0.7899795935450866,0.9447681423804228,18.5185546875,17.55859375,20.9990234375,"[{'name': 'void at::native::vectorized_elementwise_kernel<4, at::native::bfloat16_copy_kernel_cuda(at::TensorIteratorBase&)::{lambda(float)#1}, std::array<char*, 2ul> >(int, at::native::bfloat16_copy_kernel_cuda(at::TensorIteratorBase&)::{lambda(float)#1}, std::array<char*, 2ul>)', 'stream': 0, 'count': 96, 'total_duration_us': np.float64(1798.241), 'mean_duration_us': np.float64(18.731677083333334), 'median_duration_us': np.float64(18.519), 'std_dev_duration_us': np.float64(0.6828630672700736), 'min_duration_us': np.float64(17.559), 'max_duration_us': np.float64(20.999)}]","[{'name': 'void at::native::vectorized_elementwise_kernel<4, at::native::bf...', 'stream': 0, 'mean_duration_us': np.float64(18.73)}]","{'op_shape': (16588800,), 'dtype_in_out': ('c10::BFloat16', 'float'), 'stride_input': (1,), 'stride_output': (1,)}",True,0.015150536658383,99.47479830929788,elementwise,elementwise
aten::gather,elementwise,python,CPU,thread 166796 (pt_autograd_0),"((32768, 32), (), (32768, 4), ())","('c10::BFloat16', 'Scalar', 'long int', 'Scalar')","((1, 32768), (), (4, 1), ())","('', '1', '', 'False')",138696,192,2415.41,12.580260416666668,4.248873780548474,,,,,,,,,8.764073689778646,1.3811591562926564,1682.7021484375,11.626,9.463,44.942,,,,,,,8.439453125,6.6787109375,11.3994140625,"[{'name': 'void at::native::_scatter_gather_elementwise_kernel<256, 4, at::native::_cuda_scatter_gather_internal_kernel<false, at::native::OpaqueType<2>, long>::operator()<at::native::TensorAssign>(at::TensorIterator&, long, long, long, at::native::TensorAssign const&)::{lambda(int)#1}>(int, at::native::_cuda_scatter_gather_internal_kernel<false, at::native::OpaqueType<2>, long>::operator()<at::native::TensorAssign>(at::TensorIterator&, long, long, long, at::native::TensorAssign const&)::{lambda(int)#1})', 'stream': 0, 'count': 192, 'total_duration_us': np.float64(1682.698), 'mean_duration_us': np.float64(8.764052083333334), 'median_duration_us': np.float64(8.439), 'std_dev_duration_us': np.float64(1.3775141966131093), 'min_duration_us': np.float64(6.679), 'max_duration_us': np.float64(11.399)}]","[{'name': 'void at::native::_scatter_gather_elementwise_kernel<256, 4, at::...', 'stream': 0, 'mean_duration_us': np.float64(8.76)}]",,False,0.0141770818844365,99.48897539118232,elementwise,elementwise
aten::mul,elementwise,python,CPU,thread 166178 (python),"((256,), (256,))","('float', 'long int')","((1,), (1,))","('', '')",348,192,1820.127,9.479828125,1.8873884604582116,2.56e-07,0.0048828125,0.05,vector_fp32,0.0006026310670969,6.233958052863374e-05,3.013155335484585e-05,3.1169790264316864e-06,8.589009602864584,0.9149540789943432,1649.08984375,8.802,7.39,17.955,0.0005968021825487,0.0004128902189321,0.0007486620019991,2.984010912743725e-05,2.064451094660577e-05,3.743310009995717e-05,8.5791015625,6.8388671875,12.400390625,"[{'name': 'void at::native::elementwise_kernel_manual_unroll<128, 4, at::native::gpu_kernel_impl<at::native::BinaryFunctor<float, float, float, at::native::binary_internal::MulFunctor<float> > >(at::TensorIteratorBase&, at::native::BinaryFunctor<float, float, float, at::native::binary_internal::MulFunctor<float> > const&)::{lambda(int, bool)#1}>(int, at::native::gpu_kernel_impl<at::native::BinaryFunctor<float, float, float, at::native::binary_internal::MulFunctor<float> > >(at::TensorIteratorBase&, at::native::BinaryFunctor<float, float, float, at::native::binary_internal::MulFunctor<float> > const&)::{lambda(int, bool)#1})', 'stream': 0, 'count': 192, 'total_duration_us': np.float64(1649.109), 'mean_duration_us': np.float64(8.589109375), 'median_duration_us': np.float64(8.5795), 'std_dev_duration_us': np.float64(0.9125587843597306), 'min_duration_us': np.float64(6.839), 'max_duration_us': np.float64(12.4)}]","[{'name': 'void at::native::elementwise_kernel_manual_unroll<128, 4, at::na...', 'stream': 0, 'mean_duration_us': np.float64(8.59)}]","{'shape_in1': (256,), 'shape_in2': (256,), 'dtype_in1_in2_out': ('float', 'long int', None), 'stride_input1': (1,), 'stride_input2': (1,), 'stride_output': None}",True,0.0138938918996125,99.50286928308194,elementwise,elementwise
aten::copy_,elementwise,python,CPU,thread 166178 (python),"((32, 32768), (32, 32768), ())","('c10::BFloat16', 'c10::BFloat16', 'Scalar')","((32768, 1), (1, 32), ())","('', '', 'False')",538,192,1316.798,6.858322916666666,1.5036050674441752,0.001048576,4.0,0.25,vector_bf16,0.5423782834302909,0.016067346489563,0.1355945708575727,0.0040168366223907,7.739959716796875,0.2306245843486874,1486.072265625,6.549,5.498,20.197,0.5433916113360324,0.4946979147661828,0.5958611675915649,0.1358479028340081,0.1236744786915457,0.1489652918978912,7.71875,7.0390625,8.478515625,"[{'name': 'void at::native::elementwise_kernel_manual_unroll<128, 8, at::native::gpu_kernel_impl_nocast<at::native::direct_copy_kernel_cuda(at::TensorIteratorBase&)::{lambda()#3}::operator()() const::{lambda()#12}::operator()() const::{lambda(c10::BFloat16)#1}>(at::TensorIteratorBase&, at::native::direct_copy_kernel_cuda(at::TensorIteratorBase&)::{lambda()#3}::operator()() const::{lambda()#12}::operator()() const::{lambda(c10::BFloat16)#1} const&)::{lambda(int, bool)#1}>(int, at::native::gpu_kernel_impl_nocast<at::native::direct_copy_kernel_cuda(at::TensorIteratorBase&)::{lambda()#3}::operator()() const::{lambda()#12}::operator()() const::{lambda(c10::BFloat16)#1}>(at::TensorIteratorBase&, at::native::direct_copy_kernel_cuda(at::TensorIteratorBase&)::{lambda()#3}::operator()() const::{lambda()#12}::operator()() const::{lambda(c10::BFloat16)#1} const&)::{lambda(int, bool)#1})', 'stream': 0, 'count': 192, 'total_duration_us': np.float64(1486.098), 'mean_duration_us': np.float64(7.74009375), 'median_duration_us': np.float64(7.719), 'std_dev_duration_us': np.float64(0.22998392507797322), 'min_duration_us': np.float64(7.039), 'max_duration_us': np.float64(8.479)}]","[{'name': 'void at::native::elementwise_kernel_manual_unroll<128, 8, at::na...', 'stream': 0, 'mean_duration_us': np.float64(7.74)}]","{'op_shape': (32, 32768), 'dtype_in_out': ('c10::BFloat16', 'c10::BFloat16'), 'stride_input': (32768, 1), 'stride_output': (1, 32)}",True,0.0125204381628197,99.52793747544668,elementwise,elementwise
aten::normal_,elementwise,python,CPU,thread 166178 (python),"((4096, 8, 32), (), (), ())","('c10::BFloat16', 'Scalar', 'Scalar', '')","((256, 32, 1), (), (), ())","('', '0.', '1.', '')",253,192,2404.398,12.52290625,3.885392529923299,,,,,,,,,7.4424285888671875,0.1973775020693228,1428.9462890625,10.785,9.824,25.635,,,,,,,7.439453125,6.71875,7.9189453125,"[{'name': 'void at::native::(anonymous namespace)::distribution_elementwise_grid_stride_kernel<float, 4, at::native::templates::cuda::normal_and_transform<c10::BFloat16, float, at::CUDAGeneratorImpl*, at::native::templates::cuda::normal_kernel<at::CUDAGeneratorImpl*>(at::TensorBase const&, double, double, at::CUDAGeneratorImpl*)::{lambda()#1}::operator()() const::{lambda()#4}::operator()() const::{lambda(float)#1}>(at::TensorIteratorBase&, at::CUDAGeneratorImpl*, at::native::templates::cuda::normal_kernel<at::CUDAGeneratorImpl*>(at::TensorBase const&, double, double, at::CUDAGeneratorImpl*)::{lambda()#1}::operator()() const::{lambda()#4}::operator()() const::{lambda(float)#1})::{lambda(hiprandStatePhilox4_32_10*)#2}, at::native::(anonymous namespace)::distribution_nullary_kernel<c10::BFloat16, float, HIP_vector_type<float, 4u>, at::CUDAGeneratorImpl*, at::native::templates::cuda::normal_and_transform<c10::BFloat16, float, at::CUDAGeneratorImpl*, at::native::templates::cuda::normal_kernel<at::CUDAGeneratorImpl*>(at::TensorBase const&, double, double, at::CUDAGeneratorImpl*)::{lambda()#1}::operator()() const::{lambda()#4}::operator()() const::{lambda(float)#1}>(at::TensorIteratorBase&, at::CUDAGeneratorImpl*, at::native::templates::cuda::normal_kernel<at::CUDAGeneratorImpl*>(at::TensorBase const&, double, double, at::CUDAGeneratorImpl*)::{lambda()#1}::operator()() const::{lambda()#4}::operator()() const::{lambda(float)#1})::{lambda(hiprandStatePhilox4_32_10*)#2}, at::native::templates::cuda::normal_kernel<at::CUDAGeneratorImpl*>(at::TensorBase const&, double, double, at::CUDAGeneratorImpl*)::{lambda()#1}::operator()() const::{lambda()#4}::operator()() const::{lambda(float)#1}>(at::TensorIteratorBase&, at::CUDAGeneratorImpl*, at::native::templates::cuda::normal_and_transform<c10::BFloat16, float, at::CUDAGeneratorImpl*, at::native::templates::cuda::normal_kernel<at::CUDAGeneratorImpl*>(at::TensorBase const&, double, double, at::CUDAGeneratorImpl*)::{lambda()#1}::operator()() const::{lambda()#4}::operator()() const::{lambda(float)#1}>(at::TensorIteratorBase&, at::CUDAGeneratorImpl*, at::native::templates::cuda::normal_kernel<at::CUDAGeneratorImpl*>(at::TensorBase const&, double, double, at::CUDAGeneratorImpl*)::{lambda()#1}::operator()() const::{lambda()#4}::operator()() const::{lambda(float)#1})::{lambda(hiprandStatePhilox4_32_10*)#2} const&, at::native::templates::cuda::normal_kernel<at::CUDAGeneratorImpl*>(at::TensorBase const&, double, double, at::CUDAGeneratorImpl*)::{lambda()#1}::operator()() const::{lambda()#4}::operator()() const::{lambda(float)#1})::{lambda(int, float)#1}>(long, at::PhiloxCudaState, at::native::templates::cuda::normal_and_transform<c10::BFloat16, float, at::CUDAGeneratorImpl*, at::native::templates::cuda::normal_kernel<at::CUDAGeneratorImpl*>(at::TensorBase const&, double, double, at::CUDAGeneratorImpl*)::{lambda()#1}::operator()() const::{lambda()#4}::operator()() const::{lambda(float)#1}>(at::TensorIteratorBase&, at::CUDAGeneratorImpl*, at::native::templates::cuda::normal_kernel<at::CUDAGeneratorImpl*>(at::TensorBase const&, double, double, at::CUDAGeneratorImpl*)::{lambda()#1}::operator()() const::{lambda()#4}::operator()() const::{lambda(float)#1})::{lambda(hiprandStatePhilox4_32_10*)#2}, at::native::(anonymous namespace)::distribution_nullary_kernel<c10::BFloat16, float, HIP_vector_type<float, 4u>, at::CUDAGeneratorImpl*, at::native::templates::cuda::normal_and_transform<c10::BFloat16, float, at::CUDAGeneratorImpl*, at::native::templates::cuda::normal_kernel<at::CUDAGeneratorImpl*>(at::TensorBase const&, double, double, at::CUDAGeneratorImpl*)::{lambda()#1}::operator()() const::{lambda()#4}::operator()() const::{lambda(float)#1}>(at::TensorIteratorBase&, at::CUDAGeneratorImpl*, at::native::templates::cuda::normal_kernel<at::CUDAGeneratorImpl*>(at::TensorBase const&, double, double, at::CUDAGeneratorImpl*)::{lambda()#1}::operator()() const::{lambda()#4}::operator()() const::{lambda(float)#1})::{lambda(hiprandStatePhilox4_32_10*)#2}, at::native::templates::cuda::normal_kernel<at::CUDAGeneratorImpl*>(at::TensorBase const&, double, double, at::CUDAGeneratorImpl*)::{lambda()#1}::operator()() const::{lambda()#4}::operator()() const::{lambda(float)#1}>(at::TensorIteratorBase&, at::CUDAGeneratorImpl*, at::native::templates::cuda::normal_and_transform<c10::BFloat16, float, at::CUDAGeneratorImpl*, at::native::templates::cuda::normal_kernel<at::CUDAGeneratorImpl*>(at::TensorBase const&, double, double, at::CUDAGeneratorImpl*)::{lambda()#1}::operator()() const::{lambda()#4}::operator()() const::{lambda(float)#1}>(at::TensorIteratorBase&, at::CUDAGeneratorImpl*, at::native::templates::cuda::normal_kernel<at::CUDAGeneratorImpl*>(at::TensorBase const&, double, double, at::CUDAGeneratorImpl*)::{lambda()#1}::operator()() const::{lambda()#4}::operator()() const::{lambda(float)#1})::{lambda(hiprandStatePhilox4_32_10*)#2} const&, at::native::templates::cuda::normal_kernel<at::CUDAGeneratorImpl*>(at::TensorBase const&, double, double, at::CUDAGeneratorImpl*)::{lambda()#1}::operator()() const::{lambda()#4}::operator()() const::{lambda(float)#1})::{lambda(int, float)#1})', 'stream': 0, 'count': 192, 'total_duration_us': np.float64(1428.9389999999999), 'mean_duration_us': np.float64(7.442390624999999), 'median_duration_us': np.float64(7.439), 'std_dev_duration_us': np.float64(0.19704435444955726), 'min_duration_us': np.float64(6.719), 'max_duration_us': np.float64(7.919)}]","[{'name': 'void at::native::(anonymous namespace)::distribution_elementwise...', 'stream': 0, 'mean_duration_us': np.float64(7.44)}]",,False,0.012039141072775,99.55224795215226,elementwise,elementwise
aten::fill_,elementwise,python,CPU,thread 166178 (python),"((2388787200,), ())","('float', 'Scalar')","((1,), ())","('', '0')",4,1,39.354,39.354,,,,,,,,,,1397.724609375,,1397.724609375,39.354,39.354,39.354,,,,,,,1397.724609375,1397.724609375,1397.724609375,"[{'name': 'void at::native::vectorized_elementwise_kernel<4, at::native::FillFunctor<float>, std::array<char*, 1ul> >(int, at::native::FillFunctor<float>, std::array<char*, 1ul>)', 'stream': 0, 'count': 1, 'total_duration_us': np.float64(177.12), 'mean_duration_us': np.float64(177.12), 'median_duration_us': np.float64(177.12), 'std_dev_duration_us': np.float64(0.0), 'min_duration_us': np.float64(177.12), 'max_duration_us': np.float64(177.12)}, {'name': 'void at::native::vectorized_elementwise_kernel<4, at::native::FillFunctor<float>, std::array<char*, 1ul> >(int, at::native::FillFunctor<float>, std::array<char*, 1ul>)', 'stream': 0, 'count': 1, 'total_duration_us': np.float64(169.601), 'mean_duration_us': np.float64(169.601), 'median_duration_us': np.float64(169.601), 'std_dev_duration_us': np.float64(0.0), 'min_duration_us': np.float64(169.601), 'max_duration_us': np.float64(169.601)}, {'name': 'void at::native::vectorized_elementwise_kernel<4, at::native::FillFunctor<float>, std::array<char*, 1ul> >(int, at::native::FillFunctor<float>, std::array<char*, 1ul>)', 'stream': 0, 'count': 1, 'total_duration_us': np.float64(176.201), 'mean_duration_us': np.float64(176.201), 'median_duration_us': np.float64(176.201), 'std_dev_duration_us': np.float64(0.0), 'min_duration_us': np.float64(176.201), 'max_duration_us': np.float64(176.201)}, {'name': 'void at::native::vectorized_elementwise_kernel<4, at::native::FillFunctor<float>, std::array<char*, 1ul> >(int, at::native::FillFunctor<float>, std::array<char*, 1ul>)', 'stream': 0, 'count': 1, 'total_duration_us': np.float64(174.88), 'mean_duration_us': np.float64(174.88), 'median_duration_us': np.float64(174.88), 'std_dev_duration_us': np.float64(0.0), 'min_duration_us': np.float64(174.88), 'max_duration_us': np.float64(174.88)}, {'name': 'void at::native::vectorized_elementwise_kernel<4, at::native::FillFunctor<float>, std::array<char*, 1ul> >(int, at::native::FillFunctor<float>, std::array<char*, 1ul>)', 'stream': 0, 'count': 1, 'total_duration_us': np.float64(175.001), 'mean_duration_us': np.float64(175.001), 'median_duration_us': np.float64(175.001), 'std_dev_duration_us': np.float64(0.0), 'min_duration_us': np.float64(175.001), 'max_duration_us': np.float64(175.001)}, {'name': 'void at::native::vectorized_elementwise_kernel<4, at::native::FillFunctor<float>, std::array<char*, 1ul> >(int, at::native::FillFunctor<float>, std::array<char*, 1ul>)', 'stream': 0, 'count': 1, 'total_duration_us': np.float64(173.0), 'mean_duration_us': np.float64(173.0), 'median_duration_us': np.float64(173.0), 'std_dev_duration_us': np.float64(0.0), 'min_duration_us': np.float64(173.0), 'max_duration_us': np.float64(173.0)}, {'name': 'void at::native::vectorized_elementwise_kernel<4, at::native::FillFunctor<float>, std::array<char*, 1ul> >(int, at::native::FillFunctor<float>, std::array<char*, 1ul>)', 'stream': 0, 'count': 1, 'total_duration_us': np.float64(174.001), 'mean_duration_us': np.float64(174.001), 'median_duration_us': np.float64(174.001), 'std_dev_duration_us': np.float64(0.0), 'min_duration_us': np.float64(174.001), 'max_duration_us': np.float64(174.001)}, {'name': 'void at::native::vectorized_elementwise_kernel<4, at::native::FillFunctor<float>, std::array<char*, 1ul> >(int, at::native::FillFunctor<float>, std::array<char*, 1ul>)', 'stream': 0, 'count': 1, 'total_duration_us': np.float64(177.921), 'mean_duration_us': np.float64(177.921), 'median_duration_us': np.float64(177.921), 'std_dev_duration_us': np.float64(0.0), 'min_duration_us': np.float64(177.921), 'max_duration_us': np.float64(177.921)}]","[{'name': 'void at::native::vectorized_elementwise_kernel<4, at::native::Fi...', 'stream': 0, 'mean_duration_us': np.float64(177.12)}, {'name': 'void at::native::vectorized_elementwise_kernel<4, at::native::Fi...', 'stream': 0, 'mean_duration_us': np.float64(169.6)}, {'name': 'void at::native::vectorized_elementwise_kernel<4, at::native::Fi...', 'stream': 0, 'mean_duration_us': np.float64(176.2)}, {'name': 'void at::native::vectorized_elementwise_kernel<4, at::native::Fi...', 'stream': 0, 'mean_duration_us': np.float64(174.88)}, {'name': 'void at::native::vectorized_elementwise_kernel<4, at::native::Fi...', 'stream': 0, 'mean_duration_us': np.float64(175.0)}, {'name': 'void at::native::vectorized_elementwise_kernel<4, at::native::Fi...', 'stream': 0, 'mean_duration_us': np.float64(173.0)}, {'name': 'void at::native::vectorized_elementwise_kernel<4, at::native::Fi...', 'stream': 0, 'mean_duration_us': np.float64(174.0)}, {'name': 'void at::native::vectorized_elementwise_kernel<4, at::native::Fi...', 'stream': 0, 'mean_duration_us': np.float64(177.92)}]",,False,0.0117760925529224,99.57591001026596,elementwise,elementwise
aten::_index_put_impl_,elementwise,python,CPU,thread 166178 (python),"((32768, 32), (), (1,), (), ())","('bool', '', 'bool', 'Scalar', 'Scalar')","((32, 1), (), (1,), (), ())","('', '', '', 'False', 'False')",404,192,3070.619,15.992807291666669,6.647711469327094,,,,,,,,,7.274922688802083,1.0033051955537695,1396.78515625,13.308,11.656,51.731,,,,,,,7.2392578125,6.19921875,15.7587890625,"[{'name': 'void at::native::index_elementwise_kernel<128, 4, at::native::gpu_index_kernel<at::native::index_put_kernel_impl<at::native::OpaqueType<1> >(at::TensorIterator&, c10::ArrayRef<long>, c10::ArrayRef<long>)::{lambda(char*, char const*, long)#1}>(at::TensorIteratorBase&, c10::ArrayRef<long>, c10::ArrayRef<long>, at::native::index_put_kernel_impl<at::native::OpaqueType<1> >(at::TensorIterator&, c10::ArrayRef<long>, c10::ArrayRef<long>)::{lambda(char*, char const*, long)#1} const&, bool)::{lambda(int)#1}>(long, at::native::gpu_index_kernel<at::native::index_put_kernel_impl<at::native::OpaqueType<1> >(at::TensorIterator&, c10::ArrayRef<long>, c10::ArrayRef<long>)::{lambda(char*, char const*, long)#1}>(at::TensorIteratorBase&, c10::ArrayRef<long>, c10::ArrayRef<long>, at::native::index_put_kernel_impl<at::native::OpaqueType<1> >(at::TensorIterator&, c10::ArrayRef<long>, c10::ArrayRef<long>)::{lambda(char*, char const*, long)#1} const&, bool)::{lambda(int)#1})', 'stream': 0, 'count': 192, 'total_duration_us': np.float64(1396.7749999999999), 'mean_duration_us': np.float64(7.274869791666666), 'median_duration_us': np.float64(7.239), 'std_dev_duration_us': np.float64(1.0007251843059228), 'min_duration_us': np.float64(6.199), 'max_duration_us': np.float64(15.759)}]","[{'name': 'void at::native::index_elementwise_kernel<128, 4, at::native::gp...', 'stream': 0, 'mean_duration_us': np.float64(7.27)}]",,False,0.0117681774837629,99.58767818774972,elementwise,elementwise
aten::mul_,elementwise,python,CPU,thread 166796 (pt_autograd_0),"((51523456,), ())","('float', 'double')","((1,), ())","('', '')",289641,23,185.846,8.080260869565217,0.4799366641349957,0.051523456,393.0927810668945,0.1249999975739205,vector_fp32,6.941491998443,0.1387300062446352,0.8676864829647638,0.0173412504440093,59.40272588315217,1.1751414414624657,1366.2626953125,7.981,7.45,9.533,6.930025937411749,6.708843178688368,7.256849882984027,0.8662532253636752,0.8386053810598596,0.9071062177673092,59.478515625,56.7998046875,61.439453125,"[{'name': 'void at::native::vectorized_elementwise_kernel<4, at::native::AUnaryFunctor<float, float, float, at::native::binary_internal::MulFunctor<float> >, std::array<char*, 2ul> >(int, at::native::AUnaryFunctor<float, float, float, at::native::binary_internal::MulFunctor<float> >, std::array<char*, 2ul>)', 'stream': 0, 'count': 23, 'total_duration_us': np.float64(1366.263), 'mean_duration_us': np.float64(59.40273913043478), 'median_duration_us': np.float64(59.479), 'std_dev_duration_us': np.float64(1.1492637422882415), 'min_duration_us': np.float64(56.8), 'max_duration_us': np.float64(61.439)}]","[{'name': 'void at::native::vectorized_elementwise_kernel<4, at::native::AU...', 'stream': 0, 'mean_duration_us': np.float64(59.4)}]","{'shape_in1': (51523456,), 'shape_in2': (), 'dtype_in1_in2_out': ('float', 'double', None), 'stride_input1': (1,), 'stride_input2': (), 'stride_output': None}",True,0.0115110200133055,99.59918920776302,elementwise,elementwise
aten::add_,elementwise,python,CPU,thread 166796 (pt_autograd_0),"((32768, 32), (32768, 32), ())","('c10::BFloat16', 'c10::BFloat16', 'Scalar')","((32, 1), (32, 1), ())","('', '', '1')",138733,192,1082.423,5.637619791666666,0.5956026348697852,0.001048576,6.0,0.1666666666666666,vector_bf16,0.963592217868936,0.2407823347139212,0.160598702978156,0.0401303891189868,6.97753397623698,1.870401215813767,1339.6865234375,5.5075,4.526,7.72,0.9924540081626704,0.5481071077080143,1.4702078831583754,0.165409001360445,0.0913511846180023,0.2450346471930625,6.33935546875,4.279296875,11.478515625,"[{'name': 'void at::native::vectorized_elementwise_kernel<8, at::native::CUDAFunctor_add<c10::BFloat16>, std::array<char*, 3ul> >(int, at::native::CUDAFunctor_add<c10::BFloat16>, std::array<char*, 3ul>)', 'stream': 0, 'count': 192, 'total_duration_us': np.float64(1339.702), 'mean_duration_us': np.float64(6.977614583333334), 'median_duration_us': np.float64(6.339), 'std_dev_duration_us': np.float64(1.8654750923569021), 'min_duration_us': np.float64(4.279), 'max_duration_us': np.float64(11.479)}]","[{'name': 'void at::native::vectorized_elementwise_kernel<8, at::native::CU...', 'stream': 0, 'mean_duration_us': np.float64(6.98)}]","{'shape_in1': (32768, 32), 'shape_in2': (32768, 32), 'dtype_in1_in2_out': ('c10::BFloat16', 'c10::BFloat16', None), 'stride_input1': (32, 1), 'stride_input2': (32, 1), 'stride_output': None}",True,0.0112871107699515,99.61047631853296,elementwise,elementwise
aten::fill_,elementwise,python,CPU,thread 166796 (pt_autograd_0),"((32768, 32), ())","('c10::BFloat16', 'Scalar')","((32, 1), ())","('', '0')",138710,192,995.118,5.18290625,0.5336404671995781,,,,,,,,,6.954442342122396,1.9689845141400768,1335.2529296875,5.047,4.325,8.331,,,,,,,6.17919921875,4.3193359375,12.19921875,"[{'name': 'void at::native::vectorized_elementwise_kernel<8, at::native::FillFunctor<c10::BFloat16>, std::array<char*, 1ul> >(int, at::native::FillFunctor<c10::BFloat16>, std::array<char*, 1ul>)', 'stream': 0, 'count': 192, 'total_duration_us': np.float64(1335.262), 'mean_duration_us': np.float64(6.954489583333333), 'median_duration_us': np.float64(6.179), 'std_dev_duration_us': np.float64(1.9637693718267493), 'min_duration_us': np.float64(4.319), 'max_duration_us': np.float64(12.199)}]","[{'name': 'void at::native::vectorized_elementwise_kernel<8, at::native::Fi...', 'stream': 0, 'mean_duration_us': np.float64(6.95)}]",,False,0.0112497569092612,99.62172607544224,elementwise,elementwise
aten::fill_,elementwise,python,CPU,thread 166796 (pt_autograd_0),"((32, 32768), ())","('c10::BFloat16', 'Scalar')","((32768, 1), ())","('', '0')",138615,192,1026.888,5.348375,0.7597739847174312,,,,,,,,,6.90343729654948,2.00835972905987,1325.4599609375,5.147,4.286,8.691,,,,,,,6.21923828125,4.119140625,11.87890625,"[{'name': 'void at::native::vectorized_elementwise_kernel<8, at::native::FillFunctor<c10::BFloat16>, std::array<char*, 1ul> >(int, at::native::FillFunctor<c10::BFloat16>, std::array<char*, 1ul>)', 'stream': 0, 'count': 192, 'total_duration_us': np.float64(1325.463), 'mean_duration_us': np.float64(6.9034531249999995), 'median_duration_us': np.float64(6.218999999999999), 'std_dev_duration_us': np.float64(2.003122780261543), 'min_duration_us': np.float64(4.119), 'max_duration_us': np.float64(11.879)}]","[{'name': 'void at::native::vectorized_elementwise_kernel<8, at::native::Fi...', 'stream': 0, 'mean_duration_us': np.float64(6.9)}]",,False,0.0111672493068376,99.63289332474908,elementwise,elementwise
aten::div,elementwise,python,CPU,thread 166796 (pt_autograd_0),"((), ())","('float', 'long int')","((), ())","('', '')",137999,200,1940.276,9.70138,2.25852475210687,1e-09,1.52587890625e-05,0.0625,vector_fp32,2.746593731029193e-06,1.158176888840536e-06,1.7166210818932458e-07,7.23860555525335e-08,6.582216796875,2.0894180454382494,1316.443359375,9.083,7.751,28.058,2.614746249601021e-06,1.081166688663059e-06,7.695631751996243e-06,1.6342164060006385e-07,6.757291804144119e-08,4.809769844997652e-07,6.119140625,2.0791015625,14.798828125,"[{'name': 'void at::native::vectorized_elementwise_kernel<4, at::native::BUnaryFunctor<float, float, float, at::native::binary_internal::MulFunctor<float> >, std::array<char*, 2ul> >(int, at::native::BUnaryFunctor<float, float, float, at::native::binary_internal::MulFunctor<float> >, std::array<char*, 2ul>)', 'stream': 0, 'count': 200, 'total_duration_us': np.float64(1316.45), 'mean_duration_us': np.float64(6.58225), 'median_duration_us': np.float64(6.119), 'std_dev_duration_us': np.float64(2.0842658869491677), 'min_duration_us': np.float64(2.079), 'max_duration_us': np.float64(14.799)}]","[{'name': 'void at::native::vectorized_elementwise_kernel<4, at::native::BU...', 'stream': 0, 'mean_duration_us': np.float64(6.58)}]","{'shape_in1': (), 'shape_in2': (), 'dtype_in1_in2_out': ('float', 'long int', None), 'stride_input1': (), 'stride_input2': (), 'stride_output': None}",True,0.0110912827438962,99.64398460749295,elementwise,elementwise
aten::scatter_,elementwise,python,CPU,thread 166796 (pt_autograd_0),"((32768, 32), (), (32768, 4), (32768, 4))","('c10::BFloat16', 'Scalar', 'long int', 'c10::BFloat16')","((32, 1), (), (4, 1), (4, 1))","('', '1', '', '')",138711,192,2004.279,10.438953125,3.7692195468764647,,,,,,,,,6.831288655598958,1.7770479262507644,1311.607421875,9.633,8.021,40.185,,,,,,,6.21923828125,4.3994140625,11.5185546875,"[{'name': 'void at::native::_scatter_gather_elementwise_kernel<256, 4, at::native::_cuda_scatter_gather_internal_kernel<true, at::native::OpaqueType<2>, long>::operator()<at::native::TensorAssign>(at::TensorIterator&, long, long, long, at::native::TensorAssign const&)::{lambda(int)#1}>(int, at::native::_cuda_scatter_gather_internal_kernel<true, at::native::OpaqueType<2>, long>::operator()<at::native::TensorAssign>(at::TensorIterator&, long, long, long, at::native::TensorAssign const&)::{lambda(int)#1})', 'stream': 0, 'count': 192, 'total_duration_us': np.float64(1311.62), 'mean_duration_us': np.float64(6.831354166666666), 'median_duration_us': np.float64(6.218999999999999), 'std_dev_duration_us': np.float64(1.7723308392432373), 'min_duration_us': np.float64(4.399), 'max_duration_us': np.float64(11.519)}]","[{'name': 'void at::native::_scatter_gather_elementwise_kernel<256, 4, at::...', 'stream': 0, 'mean_duration_us': np.float64(6.83)}]",,False,0.0110505390614869,99.65503514655444,elementwise,elementwise
aten::mul,elementwise,python,CPU,thread 166796 (pt_autograd_0),"((), (1,))","('float', 'float')","((), (1,))","('', '')",138644,192,1955.815,10.186536458333334,1.3496880224059684,1e-09,1.1444091796875e-05,0.0833333333333333,vector_fp32,1.9106467750465605e-06,5.466690710861357e-07,1.5922056458721337e-07,4.5555755923844653e-08,6.8207143147786455,2.0047382086719843,1309.5771484375,9.8435,8.201,20.007,1.9546855436162384e-06,8.499100843823489e-07,3.062048342885622e-06,1.6289046196801985e-07,7.082584036519573e-08,2.551706952404685e-07,6.13916015625,3.9189453125,14.119140625,"[{'name': 'void at::native::vectorized_elementwise_kernel<4, at::native::BinaryFunctor<float, float, float, at::native::binary_internal::MulFunctor<float> >, std::array<char*, 3ul> >(int, at::native::BinaryFunctor<float, float, float, at::native::binary_internal::MulFunctor<float> >, std::array<char*, 3ul>)', 'stream': 0, 'count': 192, 'total_duration_us': np.float64(1309.577), 'mean_duration_us': np.float64(6.820713541666667), 'median_duration_us': np.float64(6.138999999999999), 'std_dev_duration_us': np.float64(1.999522397719838), 'min_duration_us': np.float64(3.919), 'max_duration_us': np.float64(14.119)}]","[{'name': 'void at::native::vectorized_elementwise_kernel<4, at::native::Bi...', 'stream': 0, 'mean_duration_us': np.float64(6.82)}]","{'shape_in1': (), 'shape_in2': (1,), 'dtype_in1_in2_out': ('float', 'float', None), 'stride_input1': (), 'stride_input2': (1,), 'stride_output': None}",True,0.0110334336261619,99.66606858018062,elementwise,elementwise
aten::copy_,elementwise,python,CPU,thread 166796 (pt_autograd_0),"((32768, 32), (32768, 32), ())","('float', 'c10::BFloat16', 'Scalar')","((32, 1), (32, 1), ())","('', '', 'False')",138720,192,1270.997,6.619776041666667,13.280854067063126,0.001048576,6.0,0.1666666666666666,vector_fp32,0.9898886093347592,0.2462002620113751,0.1649814348891265,0.0410333770018958,6.7888031005859375,1.802324008204799,1303.4501953125,5.4175,4.556,189.339,1.0116224699387328,0.5462018604493429,1.4171691473823145,0.1686037449897888,0.0910336434082238,0.2361948578970523,6.21923828125,4.439453125,11.5185546875,"[{'name': 'void at::native::vectorized_elementwise_kernel<4, at::native::bfloat16tofloat32_copy_kernel_cuda(at::TensorIteratorBase&)::{lambda(c10::BFloat16)#1}, std::array<char*, 2ul> >(int, at::native::bfloat16tofloat32_copy_kernel_cuda(at::TensorIteratorBase&)::{lambda(c10::BFloat16)#1}, std::array<char*, 2ul>)', 'stream': 0, 'count': 192, 'total_duration_us': np.float64(1303.466), 'mean_duration_us': np.float64(6.788885416666666), 'median_duration_us': np.float64(6.218999999999999), 'std_dev_duration_us': np.float64(1.7975970874904066), 'min_duration_us': np.float64(4.439), 'max_duration_us': np.float64(11.519)}]","[{'name': 'void at::native::vectorized_elementwise_kernel<4, at::native::bf...', 'stream': 0, 'mean_duration_us': np.float64(6.79)}]","{'op_shape': (32768, 32), 'dtype_in_out': ('float', 'c10::BFloat16'), 'stride_input': (32, 1), 'stride_output': (32, 1)}",True,0.0109818128944502,99.67705039307508,elementwise,elementwise
aten::copy_,elementwise,python,CPU,thread 166796 (pt_autograd_0),"((4096, 256), (4096, 256), ())","('float', 'float', 'Scalar')","((256, 1), (0, 1), ())","('', '', 'False')",138679,192,1494.018,7.78134375,1.1727437227853583,0.001048576,8.0,0.125,vector_fp32,1.3115890201312688,0.310769184810015,0.1639486275164086,0.0388461481012518,6.781504313151042,1.6878523488952957,1302.048828125,7.516,6.439,14.64,1.3359694954222117,0.7085650904891528,1.8895588631764189,0.1669961869277764,0.0885706363111441,0.2361948578970523,6.279296875,4.439453125,11.8388671875,"[{'name': 'void at::native::elementwise_kernel_manual_unroll<128, 4, at::native::gpu_kernel_impl_nocast<at::native::direct_copy_kernel_cuda(at::TensorIteratorBase&)::{lambda()#3}::operator()() const::{lambda()#7}::operator()() const::{lambda(float)#1}>(at::TensorIteratorBase&, at::native::direct_copy_kernel_cuda(at::TensorIteratorBase&)::{lambda()#3}::operator()() const::{lambda()#7}::operator()() const::{lambda(float)#1} const&)::{lambda(int, bool)#1}>(int, at::native::gpu_kernel_impl_nocast<at::native::direct_copy_kernel_cuda(at::TensorIteratorBase&)::{lambda()#3}::operator()() const::{lambda()#7}::operator()() const::{lambda(float)#1}>(at::TensorIteratorBase&, at::native::direct_copy_kernel_cuda(at::TensorIteratorBase&)::{lambda()#3}::operator()() const::{lambda()#7}::operator()() const::{lambda(float)#1} const&)::{lambda(int, bool)#1})', 'stream': 0, 'count': 192, 'total_duration_us': np.float64(1302.063), 'mean_duration_us': np.float64(6.781578125), 'median_duration_us': np.float64(6.279), 'std_dev_duration_us': np.float64(1.6833980683119736), 'min_duration_us': np.float64(4.439), 'max_duration_us': np.float64(11.839)}]","[{'name': 'void at::native::elementwise_kernel_manual_unroll<128, 4, at::na...', 'stream': 0, 'mean_duration_us': np.float64(6.78)}]","{'op_shape': (4096, 256), 'dtype_in_out': ('float', 'float'), 'stride_input': (256, 1), 'stride_output': (0, 1)}",True,0.0109700061124919,99.68802039918756,elementwise,elementwise
aten::copy_,elementwise,python,CPU,thread 166796 (pt_autograd_0),"((64,), (64,), ())","('c10::BFloat16', 'float', 'Scalar')","((1,), (1,), ())","('', '', 'False')",138845,192,1477.561,7.695630208333333,0.5135672019464828,6.4e-08,0.0003662109375,0.1666666666666666,vector_bf16,6.0967656875529184e-05,1.665415200623626e-05,1.016127614592153e-05,2.775692001039376e-06,6.777394612630208,1.8360795125521052,1301.259765625,7.62,6.829,11.766,6.154578181249023e-05,3.3685941917244925e-05,9.602344322344324e-05,1.0257630302081704e-05,5.6143236528741545e-06,1.6003907203907204e-05,6.2392578125,3.9990234375,11.3994140625,"[{'name': 'void at::native::vectorized_elementwise_kernel<4, at::native::bfloat16_copy_kernel_cuda(at::TensorIteratorBase&)::{lambda(float)#1}, std::array<char*, 2ul> >(int, at::native::bfloat16_copy_kernel_cuda(at::TensorIteratorBase&)::{lambda(float)#1}, std::array<char*, 2ul>)', 'stream': 0, 'count': 192, 'total_duration_us': np.float64(1301.2599999999998), 'mean_duration_us': np.float64(6.777395833333332), 'median_duration_us': np.float64(6.239), 'std_dev_duration_us': np.float64(1.8313516153784628), 'min_duration_us': np.float64(3.999), 'max_duration_us': np.float64(11.399)}]","[{'name': 'void at::native::vectorized_elementwise_kernel<4, at::native::bf...', 'stream': 0, 'mean_duration_us': np.float64(6.78)}]","{'op_shape': (64,), 'dtype_in_out': ('c10::BFloat16', 'float'), 'stride_input': (1,), 'stride_output': (1,)}",True,0.0109633581126158,99.69898375730018,elementwise,elementwise
aten::fill_,elementwise,python,CPU,thread 166796 (pt_autograd_0),"((), ())","('float', 'Scalar')","((), ())","('', '1.')",138643,192,1234.151,6.427869791666667,1.287964455431285,,,,,,,,,6.710215250651042,1.9022210379031028,1288.361328125,6.053,5.227,18.555,,,,,,,6.17919921875,3.87890625,14.19921875,"[{'name': 'void at::native::vectorized_elementwise_kernel<4, at::native::FillFunctor<float>, std::array<char*, 1ul> >(int, at::native::FillFunctor<float>, std::array<char*, 1ul>)', 'stream': 0, 'count': 192, 'total_duration_us': np.float64(1288.375), 'mean_duration_us': np.float64(6.710286458333333), 'median_duration_us': np.float64(6.179), 'std_dev_duration_us': np.float64(1.8973030053165703), 'min_duration_us': np.float64(3.879), 'max_duration_us': np.float64(14.199)}]","[{'name': 'void at::native::vectorized_elementwise_kernel<4, at::native::Fi...', 'stream': 0, 'mean_duration_us': np.float64(6.71)}]",,False,0.0108546863522638,99.70983844365244,elementwise,elementwise
aten::mul,elementwise,python,CPU,thread 166796 (pt_autograd_0),"((), ())","('float', 'double')","((), ())","('', '')",138655,192,1467.502,7.643239583333333,0.9696397749085184,1e-09,1.52587890625e-05,0.0625,vector_fp32,2.601255762953545e-06,7.177863742272336e-07,1.6257848518459656e-07,4.48616483892021e-08,6.6398468017578125,1.8551837369231725,1274.8505859375,7.475,5.758,12.667,2.685021304490331e-06,1.389063162356931e-06,4.082731123847496e-06,1.678138315306457e-07,8.681644764730818e-08,2.551706952404685e-07,5.958984375,3.9189453125,11.5185546875,"[{'name': 'void at::native::vectorized_elementwise_kernel<4, at::native::AUnaryFunctor<float, float, float, at::native::binary_internal::MulFunctor<float> >, std::array<char*, 2ul> >(int, at::native::AUnaryFunctor<float, float, float, at::native::binary_internal::MulFunctor<float> >, std::array<char*, 2ul>)', 'stream': 0, 'count': 192, 'total_duration_us': np.float64(1274.856), 'mean_duration_us': np.float64(6.639875), 'median_duration_us': np.float64(5.959), 'std_dev_duration_us': np.float64(1.8503901911151064), 'min_duration_us': np.float64(3.919), 'max_duration_us': np.float64(11.519)}]","[{'name': 'void at::native::vectorized_elementwise_kernel<4, at::native::AU...', 'stream': 0, 'mean_duration_us': np.float64(6.64)}]","{'shape_in1': (), 'shape_in2': (), 'dtype_in1_in2_out': ('float', 'double', None), 'stride_input1': (), 'stride_input2': (), 'stride_output': None}",True,0.0107408558098296,99.72057929946229,elementwise,elementwise
aten::mul,elementwise,python,CPU,thread 166796 (pt_autograd_0),"((32768, 4), ())","('c10::BFloat16', 'double')","((4, 1), ())","('', '')",138702,192,1562.46,8.1378125,1.003909439945937,0.000131072,0.5000076293945312,0.2499961853609411,vector_bf16,0.0850088423915887,0.0231177288331983,0.0212518863198466,0.0057793440225082,6.639007568359375,1.8014790902277864,1274.689453125,7.941,6.459,12.207,0.086817448900388,0.0442859938959003,0.1324319447459299,0.0217040310478654,0.011071329538893,0.0331074810064134,6.0390625,3.958984375,11.8388671875,"[{'name': 'void at::native::vectorized_elementwise_kernel<8, at::native::AUnaryFunctor<c10::BFloat16, c10::BFloat16, c10::BFloat16, at::native::binary_internal::MulFunctor<float> >, std::array<char*, 2ul> >(int, at::native::AUnaryFunctor<c10::BFloat16, c10::BFloat16, c10::BFloat16, at::native::binary_internal::MulFunctor<float> >, std::array<char*, 2ul>)', 'stream': 0, 'count': 192, 'total_duration_us': np.float64(1274.6970000000001), 'mean_duration_us': np.float64(6.639046875000001), 'median_duration_us': np.float64(6.039), 'std_dev_duration_us': np.float64(1.796851541264442), 'min_duration_us': np.float64(3.959), 'max_duration_us': np.float64(11.839)}]","[{'name': 'void at::native::vectorized_elementwise_kernel<8, at::native::AU...', 'stream': 0, 'mean_duration_us': np.float64(6.64)}]","{'shape_in1': (32768, 4), 'shape_in2': (), 'dtype_in1_in2_out': ('c10::BFloat16', 'double', None), 'stride_input1': (4, 1), 'stride_input2': (), 'stride_output': None}",True,0.0107394982355975,99.73131879769788,elementwise,elementwise
aten::copy_,elementwise,python,CPU,thread 166178 (python),"((32, 32768), (32, 32768), ())","('bool', 'bool', 'Scalar')","((32768, 1), (1, 32), ())","('', '', 'False')",501,192,1618.962,8.43209375,1.66512928025446,0.001048576,,,,,,0.1594322569221482,0.0099457838109819,6.6048431396484375,0.4516816931923246,1268.1298828125,8.036000000000001,6.819,23.972,,,,0.1608601983520599,0.1285148801915021,0.1783328058462049,6.5185546875,5.8798828125,8.1591796875,"[{'name': 'void at::native::elementwise_kernel_manual_unroll<128, 8, at::native::gpu_kernel_impl_nocast<at::native::direct_copy_kernel_cuda(at::TensorIteratorBase&)::{lambda()#3}::operator()() const::{lambda()#11}::operator()() const::{lambda(bool)#1}>(at::TensorIteratorBase&, at::native::direct_copy_kernel_cuda(at::TensorIteratorBase&)::{lambda()#3}::operator()() const::{lambda()#11}::operator()() const::{lambda(bool)#1} const&)::{lambda(int, bool)#1}>(int, at::native::gpu_kernel_impl_nocast<at::native::direct_copy_kernel_cuda(at::TensorIteratorBase&)::{lambda()#3}::operator()() const::{lambda()#11}::operator()() const::{lambda(bool)#1}>(at::TensorIteratorBase&, at::native::direct_copy_kernel_cuda(at::TensorIteratorBase&)::{lambda()#3}::operator()() const::{lambda()#11}::operator()() const::{lambda(bool)#1} const&)::{lambda(int, bool)#1})', 'stream': 0, 'count': 192, 'total_duration_us': np.float64(1268.136), 'mean_duration_us': np.float64(6.604875), 'median_duration_us': np.float64(6.519), 'std_dev_duration_us': np.float64(0.45057382973455823), 'min_duration_us': np.float64(5.88), 'max_duration_us': np.float64(8.159)}]","[{'name': 'void at::native::elementwise_kernel_manual_unroll<128, 8, at::na...', 'stream': 0, 'mean_duration_us': np.float64(6.6)}]","{'op_shape': (32, 32768), 'dtype_in_out': ('bool', 'bool'), 'stride_input': (32768, 1), 'stride_output': (1, 32)}",True,0.0106842326227656,99.75272133394276,elementwise,elementwise
aten::fill_,elementwise,python,CPU,thread 166178 (python),"((1813118848,), ())","('float', 'Scalar')","((1,), ())","('', '0')",2,1,33.916,33.916,,,,,,,,,,1167.0068359375,,1167.0068359375,33.916,33.916,33.916,,,,,,,1167.0068359375,1167.0068359375,1167.0068359375,"[{'name': 'void at::native::vectorized_elementwise_kernel<4, at::native::FillFunctor<float>, std::array<char*, 1ul> >(int, at::native::FillFunctor<float>, std::array<char*, 1ul>)', 'stream': 0, 'count': 1, 'total_duration_us': np.float64(248.401), 'mean_duration_us': np.float64(248.401), 'median_duration_us': np.float64(248.401), 'std_dev_duration_us': np.float64(0.0), 'min_duration_us': np.float64(248.401), 'max_duration_us': np.float64(248.401)}, {'name': 'void at::native::vectorized_elementwise_kernel<4, at::native::FillFunctor<float>, std::array<char*, 1ul> >(int, at::native::FillFunctor<float>, std::array<char*, 1ul>)', 'stream': 0, 'count': 1, 'total_duration_us': np.float64(281.282), 'mean_duration_us': np.float64(281.282), 'median_duration_us': np.float64(281.282), 'std_dev_duration_us': np.float64(0.0), 'min_duration_us': np.float64(281.282), 'max_duration_us': np.float64(281.282)}, {'name': 'void at::native::vectorized_elementwise_kernel<4, at::native::FillFunctor<float>, std::array<char*, 1ul> >(int, at::native::FillFunctor<float>, std::array<char*, 1ul>)', 'stream': 0, 'count': 1, 'total_duration_us': np.float64(313.722), 'mean_duration_us': np.float64(313.722), 'median_duration_us': np.float64(313.722), 'std_dev_duration_us': np.float64(0.0), 'min_duration_us': np.float64(313.722), 'max_duration_us': np.float64(313.722)}, {'name': 'void at::native::vectorized_elementwise_kernel<4, at::native::FillFunctor<float>, std::array<char*, 1ul> >(int, at::native::FillFunctor<float>, std::array<char*, 1ul>)', 'stream': 0, 'count': 1, 'total_duration_us': np.float64(323.602), 'mean_duration_us': np.float64(323.602), 'median_duration_us': np.float64(323.602), 'std_dev_duration_us': np.float64(0.0), 'min_duration_us': np.float64(323.602), 'max_duration_us': np.float64(323.602)}]","[{'name': 'void at::native::vectorized_elementwise_kernel<4, at::native::Fi...', 'stream': 0, 'mean_duration_us': np.float64(248.4)}, {'name': 'void at::native::vectorized_elementwise_kernel<4, at::native::Fi...', 'stream': 0, 'mean_duration_us': np.float64(281.28)}, {'name': 'void at::native::vectorized_elementwise_kernel<4, at::native::Fi...', 'stream': 0, 'mean_duration_us': np.float64(313.72)}, {'name': 'void at::native::vectorized_elementwise_kernel<4, at::native::Fi...', 'stream': 0, 'mean_duration_us': np.float64(323.6)}]",,False,0.0098322519455662,99.77298714448604,elementwise,elementwise
aten::copy_,elementwise,python,CPU,thread 166178 (python),"((32768, 4), (32768, 4), ())","('long int', 'long int', 'Scalar')","((4, 1), (1, 0), ())","('', '', 'False')",391,192,1287.593,6.706213541666667,0.941142450019802,0.000131072,2.0,0.0625,,0.3682445137047421,0.0427242633977824,0.0230152821065463,0.0026702664623614,5.801854451497396,0.9576579144785712,1113.9560546875,6.4030000000000005,5.338,12.257,0.3814070003562538,0.1927723202872531,0.4161790015503876,0.0238379375222658,0.0120482700179533,0.0260111875968992,5.49853515625,5.0390625,10.87890625,"[{'name': 'void at::native::elementwise_kernel_manual_unroll<128, 4, at::native::gpu_kernel_impl_nocast<at::native::direct_copy_kernel_cuda(at::TensorIteratorBase&)::{lambda()#3}::operator()() const::{lambda()#4}::operator()() const::{lambda(long)#1}>(at::TensorIteratorBase&, at::native::direct_copy_kernel_cuda(at::TensorIteratorBase&)::{lambda()#3}::operator()() const::{lambda()#4}::operator()() const::{lambda(long)#1} const&)::{lambda(int, bool)#1}>(int, at::native::gpu_kernel_impl_nocast<at::native::direct_copy_kernel_cuda(at::TensorIteratorBase&)::{lambda()#3}::operator()() const::{lambda()#4}::operator()() const::{lambda(long)#1}>(at::TensorIteratorBase&, at::native::direct_copy_kernel_cuda(at::TensorIteratorBase&)::{lambda()#3}::operator()() const::{lambda()#4}::operator()() const::{lambda(long)#1} const&)::{lambda(int, bool)#1})', 'stream': 0, 'count': 192, 'total_duration_us': np.float64(1113.936), 'mean_duration_us': np.float64(5.801749999999999), 'median_duration_us': np.float64(5.4990000000000006), 'std_dev_duration_us': np.float64(0.9552187685725889), 'min_duration_us': np.float64(5.039), 'max_duration_us': np.float64(10.879)}]","[{'name': 'void at::native::elementwise_kernel_manual_unroll<128, 4, at::na...', 'stream': 0, 'mean_duration_us': np.float64(5.8)}]","{'op_shape': (32768, 4), 'dtype_in_out': ('long int', 'long int'), 'stride_input': (4, 1), 'stride_output': (1, 0)}",True,0.0093852891420106,99.79200884109214,elementwise,elementwise
aten::mul,elementwise,python,CPU,thread 166178 (python),"((), ())","('float', 'double')","((), ())","('', '')",354,192,1696.195,8.834348958333333,1.799304082487296,1e-09,1.52587890625e-05,0.0625,vector_fp32,2.841943060609476e-06,3.965518631628367e-07,1.7762144128809225e-07,2.478449144767729e-08,5.78380839029948,1.1743747140902,1110.4912109375,8.171,6.809,15.722,2.8375476272947696e-06,1.2903835551705127e-06,3.4197453558756e-06,1.773467267059231e-07,8.064897219815706e-08,2.13734084742225e-07,5.638671875,4.6787109375,12.3994140625,"[{'name': 'void at::native::vectorized_elementwise_kernel<4, at::native::AUnaryFunctor<float, float, float, at::native::binary_internal::MulFunctor<float> >, std::array<char*, 2ul> >(int, at::native::AUnaryFunctor<float, float, float, at::native::binary_internal::MulFunctor<float> >, std::array<char*, 2ul>)', 'stream': 0, 'count': 192, 'total_duration_us': np.float64(1110.495), 'mean_duration_us': np.float64(5.783828124999999), 'median_duration_us': np.float64(5.639), 'std_dev_duration_us': np.float64(1.1712659891476334), 'min_duration_us': np.float64(4.679), 'max_duration_us': np.float64(12.399)}]","[{'name': 'void at::native::vectorized_elementwise_kernel<4, at::native::AU...', 'stream': 0, 'mean_duration_us': np.float64(5.78)}]","{'shape_in1': (), 'shape_in2': (), 'dtype_in1_in2_out': ('float', 'double', None), 'stride_input1': (), 'stride_input2': (), 'stride_output': None}",True,0.0093560971821584,99.8013649382743,elementwise,elementwise
aten::div,elementwise,python,CPU,thread 166178 (python),"((), ())","('float', 'double')","((), ())","('', '')",358,192,1221.926,6.364197916666666,1.1701695417483005,1e-09,1.52587890625e-05,0.0625,vector_fp32,2.813541082047089e-06,3.19670402595084e-07,1.758463176279431e-07,1.9979400162192752e-08,5.783620198567708,0.9066237673298518,1110.455078125,6.0785,4.617,16.523,2.8175408426483235e-06,1.320225624496374e-06,3.362199876872563e-06,1.7609630266552025e-07,8.251410153102338e-08,2.101374923045352e-07,5.6787109375,4.7587890625,12.119140625,"[{'name': 'void at::native::vectorized_elementwise_kernel<4, at::native::BUnaryFunctor<float, float, float, at::native::binary_internal::MulFunctor<float> >, std::array<char*, 2ul> >(int, at::native::BUnaryFunctor<float, float, float, at::native::binary_internal::MulFunctor<float> >, std::array<char*, 2ul>)', 'stream': 0, 'count': 192, 'total_duration_us': np.float64(1110.459), 'mean_duration_us': np.float64(5.783640625), 'median_duration_us': np.float64(5.679), 'std_dev_duration_us': np.float64(0.9042697220545478), 'min_duration_us': np.float64(4.759), 'max_duration_us': np.float64(12.119)}]","[{'name': 'void at::native::vectorized_elementwise_kernel<4, at::native::BU...', 'stream': 0, 'mean_duration_us': np.float64(5.78)}]","{'shape_in1': (), 'shape_in2': (), 'dtype_in1_in2_out': ('float', 'double', None), 'stride_input1': (), 'stride_input2': (), 'stride_output': None}",True,0.0093557927564215,99.81072073103071,elementwise,elementwise
aten::copy_,elementwise,python,CPU,thread 166178 (python),"((32768, 32), (32768, 32), ())","('c10::BFloat16', 'float', 'Scalar')","((32, 1), (32, 1), ())","('', '', 'False')",275,192,1213.859,6.322182291666667,1.0283178370161687,0.001048576,6.0,0.1666666666666666,vector_bf16,1.1004592789054155,0.0691103126019963,0.1834098798175693,0.011518385433666,5.740753173828125,0.3804219702750217,1102.224609375,6.028499999999999,4.967,10.524,1.107902139982803,0.8642944652535552,1.3001919160443995,0.1846503566638005,0.1440490775422591,0.2166986526740666,5.6787109375,4.8388671875,7.279296875,"[{'name': 'void at::native::vectorized_elementwise_kernel<4, at::native::bfloat16_copy_kernel_cuda(at::TensorIteratorBase&)::{lambda(float)#1}, std::array<char*, 2ul> >(int, at::native::bfloat16_copy_kernel_cuda(at::TensorIteratorBase&)::{lambda(float)#1}, std::array<char*, 2ul>)', 'stream': 0, 'count': 192, 'total_duration_us': np.float64(1102.22), 'mean_duration_us': np.float64(5.740729166666667), 'median_duration_us': np.float64(5.679), 'std_dev_duration_us': np.float64(0.3794425593103285), 'min_duration_us': np.float64(4.839), 'max_duration_us': np.float64(7.279)}]","[{'name': 'void at::native::vectorized_elementwise_kernel<4, at::native::bf...', 'stream': 0, 'mean_duration_us': np.float64(5.74)}]","{'op_shape': (32768, 32), 'dtype_in_out': ('c10::BFloat16', 'float'), 'stride_input': (32, 1), 'stride_output': (32, 1)}",True,0.0092864495101884,99.82000718054093,elementwise,elementwise
aten::add_,elementwise,python,CPU,thread 166178 (python),"((), (), ())","('float', 'float', 'Scalar')","((), (), ())","('', '', '1')",363,192,1841.963,9.593557291666666,2.3163553984177403,1e-09,1.1444091796875e-05,0.0833333333333333,vector_fp32,2.1504784100808788e-06,2.915269687392864e-07,1.7920653417340657e-07,2.4293914061607193e-08,5.7127685546875,1.0241709933575784,1096.8515625,8.797,7.2,19.707,2.1281607204710774e-06,9.804516077555253e-07,2.5648090169067e-06,1.773467267059231e-07,8.170430064629379e-08,2.13734084742225e-07,5.638671875,4.6787109375,12.2392578125,"[{'name': 'void at::native::vectorized_elementwise_kernel<4, at::native::CUDAFunctor_add<float>, std::array<char*, 3ul> >(int, at::native::CUDAFunctor_add<float>, std::array<char*, 3ul>)', 'stream': 0, 'count': 192, 'total_duration_us': np.float64(1096.857), 'mean_duration_us': np.float64(5.7127968749999996), 'median_duration_us': np.float64(5.639), 'std_dev_duration_us': np.float64(1.0214868173966978), 'min_duration_us': np.float64(4.679), 'max_duration_us': np.float64(12.239)}]","[{'name': 'void at::native::vectorized_elementwise_kernel<4, at::native::CU...', 'stream': 0, 'mean_duration_us': np.float64(5.71)}]","{'shape_in1': (), 'shape_in2': (), 'dtype_in1_in2_out': ('float', 'float', None), 'stride_input1': (), 'stride_input2': (), 'stride_output': None}",True,0.0092411805803385,99.83850956797843,elementwise,elementwise
aten::remainder,elementwise,python,CPU,thread 166178 (python),"((32768, 4), ())","('long int', 'long int')","((4, 1), ())","('', '')",377,192,1825.285,9.506692708333334,2.147216782328474,,,,,,,,,5.677220662434896,1.034231937311398,1090.0263671875,8.672,7.44,16.793,,,,,,,5.2392578125,4.8388671875,11.1591796875,"[{'name': 'void at::native::vectorized_elementwise_kernel<4, at::native::BUnaryFunctor<long, long, long, at::native::remainder_kernel_cuda(at::TensorIteratorBase&)::{lambda()#1}::operator()() const::{lambda()#4}::operator()() const::{lambda(long, long)#1}>, std::array<char*, 2ul> >(int, at::native::BUnaryFunctor<long, long, long, at::native::remainder_kernel_cuda(at::TensorIteratorBase&)::{lambda()#1}::operator()() const::{lambda()#4}::operator()() const::{lambda(long, long)#1}>, std::array<char*, 2ul>)', 'stream': 0, 'count': 192, 'total_duration_us': np.float64(1090.0169999999998), 'mean_duration_us': np.float64(5.677171874999999), 'median_duration_us': np.float64(5.239), 'std_dev_duration_us': np.float64(1.0315415429511237), 'min_duration_us': np.float64(4.839), 'max_duration_us': np.float64(11.159)}]","[{'name': 'void at::native::vectorized_elementwise_kernel<4, at::native::BU...', 'stream': 0, 'mean_duration_us': np.float64(5.68)}]",,False,0.0091836770269542,99.8476932450054,elementwise,elementwise
aten::div,elementwise,python,CPU,thread 166178 (python),"((), ())","('float', 'long int')","((), ())","('', '')",356,194,1937.57,9.987474226804125,2.6975594673043206,1e-09,1.52587890625e-05,0.0625,vector_fp32,2.947570018755288e-06,4.338728122302721e-07,1.842231261722055e-07,2.711705076439201e-08,5.592597253543815,1.1780188885486036,1084.9638671875,8.8975,5.307,18.846,3.0773854244928627e-06,1.257985257985258e-06,4.000976800976801e-06,1.9233658903080394e-07,7.862407862407862e-08,2.500610500610501e-07,5.19921875,3.9990234375,12.71875,"[{'name': 'void at::native::vectorized_elementwise_kernel<4, at::native::BUnaryFunctor<float, float, float, at::native::binary_internal::MulFunctor<float> >, std::array<char*, 2ul> >(int, at::native::BUnaryFunctor<float, float, float, at::native::binary_internal::MulFunctor<float> >, std::array<char*, 2ul>)', 'stream': 0, 'count': 194, 'total_duration_us': np.float64(1084.978), 'mean_duration_us': np.float64(5.592670103092784), 'median_duration_us': np.float64(5.199), 'std_dev_duration_us': np.float64(1.1749658448350127), 'min_duration_us': np.float64(3.999), 'max_duration_us': np.float64(12.719)}]","[{'name': 'void at::native::vectorized_elementwise_kernel<4, at::native::BU...', 'stream': 0, 'mean_duration_us': np.float64(5.59)}]","{'shape_in1': (), 'shape_in2': (), 'dtype_in1_in2_out': ('float', 'long int', None), 'stride_input1': (), 'stride_input2': (), 'stride_output': None}",True,0.0091410245128972,99.85683426951827,elementwise,elementwise
aten::mul,elementwise,python,CPU,thread 166178 (python),"((32768, 4), ())","('c10::BFloat16', 'double')","((4, 1), ())","('', '')",278,192,2517.356,13.111229166666666,5.901852394412078,0.000131072,0.5000076293945312,0.2499961853609411,vector_bf16,0.0973159219592532,0.0096966300977164,0.0243286092646963,0.0024241205352852,5.446523030598958,0.5996394144870268,1045.732421875,11.33,9.984,77.216,0.1008413042824943,0.0701069605641159,0.1160317925221525,0.0252099413974455,0.0175264727082789,0.0290075055111303,5.19921875,4.5185546875,7.478515625,"[{'name': 'void at::native::vectorized_elementwise_kernel<8, at::native::AUnaryFunctor<c10::BFloat16, c10::BFloat16, c10::BFloat16, at::native::binary_internal::MulFunctor<float> >, std::array<char*, 2ul> >(int, at::native::AUnaryFunctor<c10::BFloat16, c10::BFloat16, c10::BFloat16, at::native::binary_internal::MulFunctor<float> >, std::array<char*, 2ul>)', 'stream': 0, 'count': 192, 'total_duration_us': np.float64(1045.7379999999998), 'mean_duration_us': np.float64(5.446552083333333), 'median_duration_us': np.float64(5.199), 'std_dev_duration_us': np.float64(0.5980650199774767), 'min_duration_us': np.float64(4.519), 'max_duration_us': np.float64(7.479)}]","[{'name': 'void at::native::vectorized_elementwise_kernel<8, at::native::AU...', 'stream': 0, 'mean_duration_us': np.float64(5.45)}]","{'shape_in1': (32768, 4), 'shape_in2': (), 'dtype_in1_in2_out': ('c10::BFloat16', 'double', None), 'stride_input1': (4, 1), 'stride_input2': (), 'stride_output': None}",True,0.0088104922121234,99.88369624528524,elementwise,elementwise
aten::fill_,elementwise,python,CPU,thread 166178 (python),"((1,), ())","('bool', 'Scalar')","((1,), ())","('', '1.')",402,192,949.835,4.947057291666667,0.6305693694469887,,,,,,,,,5.437530517578125,0.6481005614334149,1044.005859375,4.817,3.916,9.463,,,,,,,5.3193359375,4.6787109375,9.9189453125,"[{'name': 'void at::native::vectorized_elementwise_kernel<16, at::native::FillFunctor<bool>, std::array<char*, 1ul> >(int, at::native::FillFunctor<bool>, std::array<char*, 1ul>)', 'stream': 0, 'count': 192, 'total_duration_us': np.float64(1044.021), 'mean_duration_us': np.float64(5.437609375), 'median_duration_us': np.float64(5.319), 'std_dev_duration_us': np.float64(0.6464001344913557), 'min_duration_us': np.float64(4.679), 'max_duration_us': np.float64(9.919)}]","[{'name': 'void at::native::vectorized_elementwise_kernel<16, at::native::F...', 'stream': 0, 'mean_duration_us': np.float64(5.44)}]",,False,0.008795945598533,99.90128890166052,elementwise,elementwise
aten::copy_,elementwise,python,CPU,thread 166178 (python),"((8294400,), (8294400,), ())","('c10::BFloat16', 'float', 'Scalar')","((1,), (1,), ())","('', '', 'False')",137057,96,481.709,5.017802083333334,0.7766719231478248,0.0082944,47.4609375,0.1666666666666666,vector_bf16,4.6197467270875405,0.2249660986642902,0.7699577878479235,0.0374943497773817,10.80157470703125,0.6064882306093974,1036.951171875,4.9115,4.085,11.546,4.64292944606414,3.504868885832187,4.996646102559074,0.7738215743440233,0.5841448143053645,0.8327743504265124,10.71875,9.9599609375,14.19921875,"[{'name': 'void at::native::vectorized_elementwise_kernel<4, at::native::bfloat16_copy_kernel_cuda(at::TensorIteratorBase&)::{lambda(float)#1}, std::array<char*, 2ul> >(int, at::native::bfloat16_copy_kernel_cuda(at::TensorIteratorBase&)::{lambda(float)#1}, std::array<char*, 2ul>)', 'stream': 0, 'count': 96, 'total_duration_us': np.float64(1036.954), 'mean_duration_us': np.float64(10.801604166666666), 'median_duration_us': np.float64(10.719), 'std_dev_duration_us': np.float64(0.6032985627497983), 'min_duration_us': np.float64(9.96), 'max_duration_us': np.float64(14.199)}]","[{'name': 'void at::native::vectorized_elementwise_kernel<4, at::native::bf...', 'stream': 0, 'mean_duration_us': np.float64(10.8)}]","{'op_shape': (8294400,), 'dtype_in_out': ('c10::BFloat16', 'float'), 'stride_input': (1,), 'stride_output': (1,)}",True,0.0087365085303332,99.91876274149344,elementwise,elementwise
aten::copy_,elementwise,python,CPU,thread 166178 (python),"((1, 8, 4), (1, 8, 4), ())","('long int', 'long int', 'Scalar')","((32, 4, 1), (32, 32, 1), ())","('', '', 'False')",438,192,1602.374,8.345697916666667,0.7512412851256998,3.2e-08,0.00048828125,0.0625,,9.599167227909444e-05,9.972450711643414e-06,5.999479517443403e-06,6.232781694777134e-07,5.3952891031901045,0.6047856919757001,1035.8955078125,8.241,6.99,13.679,9.77237651444548e-05,7.033646364368124e-05,0.0001407106816961,6.1077353215284246e-06,4.3960289777300775e-06,8.794417606011809e-06,5.2392578125,3.638671875,7.279296875,"[{'name': 'void at::native::elementwise_kernel_manual_unroll<128, 4, at::native::gpu_kernel_impl_nocast<at::native::direct_copy_kernel_cuda(at::TensorIteratorBase&)::{lambda()#3}::operator()() const::{lambda()#4}::operator()() const::{lambda(long)#1}>(at::TensorIteratorBase&, at::native::direct_copy_kernel_cuda(at::TensorIteratorBase&)::{lambda()#3}::operator()() const::{lambda()#4}::operator()() const::{lambda(long)#1} const&)::{lambda(int, bool)#1}>(int, at::native::gpu_kernel_impl_nocast<at::native::direct_copy_kernel_cuda(at::TensorIteratorBase&)::{lambda()#3}::operator()() const::{lambda()#4}::operator()() const::{lambda(long)#1}>(at::TensorIteratorBase&, at::native::direct_copy_kernel_cuda(at::TensorIteratorBase&)::{lambda()#3}::operator()() const::{lambda()#4}::operator()() const::{lambda(long)#1} const&)::{lambda(int, bool)#1})', 'stream': 0, 'count': 192, 'total_duration_us': np.float64(1035.8980000000001), 'mean_duration_us': np.float64(5.395302083333334), 'median_duration_us': np.float64(5.239), 'std_dev_duration_us': np.float64(0.6031967983135021), 'min_duration_us': np.float64(3.639), 'max_duration_us': np.float64(7.279)}]","[{'name': 'void at::native::elementwise_kernel_manual_unroll<128, 4, at::na...', 'stream': 0, 'mean_duration_us': np.float64(5.4)}]","{'op_shape': (1, 8, 4), 'dtype_in_out': ('long int', 'long int'), 'stride_input': (32, 4, 1), 'stride_output': (32, 32, 1)}",True,0.008727614362182,99.92749035585564,elementwise,elementwise
aten::copy_,elementwise,python,CPU,thread 166178 (python),"((4096, 8, 2880), (4096, 8, 2880), ())","('c10::BFloat16', 'c10::BFloat16', 'Scalar')","((23040, 2880, 1), (2880, 11796480, 1), ())","('', '', 'False')",108,8,111.181,13.897625,1.2174893296687015,0.09437184,360.0,0.25,vector_bf16,2.9435014446224512,0.0960927051378019,0.7358753611556128,0.0240231762844504,128.3702392578125,4.409603383027142,1026.9619140625,13.819,11.846,15.521,2.977053881024969,2.7275021283922047,3.02960307735716,0.7442634702562423,0.6818755320980512,0.7574007693392899,126.80078125,124.599609375,138.400390625,"[{'name': 'void at::native::elementwise_kernel_manual_unroll<128, 8, at::native::gpu_kernel_impl_nocast<at::native::direct_copy_kernel_cuda(at::TensorIteratorBase&)::{lambda()#3}::operator()() const::{lambda()#12}::operator()() const::{lambda(c10::BFloat16)#1}>(at::TensorIteratorBase&, at::native::direct_copy_kernel_cuda(at::TensorIteratorBase&)::{lambda()#3}::operator()() const::{lambda()#12}::operator()() const::{lambda(c10::BFloat16)#1} const&)::{lambda(int, bool)#1}>(int, at::native::gpu_kernel_impl_nocast<at::native::direct_copy_kernel_cuda(at::TensorIteratorBase&)::{lambda()#3}::operator()() const::{lambda()#12}::operator()() const::{lambda(c10::BFloat16)#1}>(at::TensorIteratorBase&, at::native::direct_copy_kernel_cuda(at::TensorIteratorBase&)::{lambda()#3}::operator()() const::{lambda()#12}::operator()() const::{lambda(c10::BFloat16)#1} const&)::{lambda(int, bool)#1})', 'stream': 0, 'count': 8, 'total_duration_us': np.float64(1026.962), 'mean_duration_us': np.float64(128.37025), 'median_duration_us': np.float64(126.8005), 'std_dev_duration_us': np.float64(4.124699405714315), 'min_duration_us': np.float64(124.6), 'max_duration_us': np.float64(138.4)}]","[{'name': 'void at::native::elementwise_kernel_manual_unroll<128, 8, at::na...', 'stream': 0, 'mean_duration_us': np.float64(128.37)}]","{'op_shape': (4096, 8, 2880), 'dtype_in_out': ('c10::BFloat16', 'c10::BFloat16'), 'stride_input': (23040, 2880, 1), 'stride_output': (2880, 11796480, 1)}",True,0.0086523471556633,99.9361427030113,elementwise,elementwise
aten::ne,elementwise,python,CPU,thread 166796 (pt_autograd_0),"((), ())","('float', 'float')","((), ())","('', '')",287713,74,561.659,7.589986486486486,1.1035493359162445,,,,,,,,,5.549910261824325,0.2538707747156303,410.693359375,7.515000000000001,5.998,10.875,,,,,,,5.439453125,5.2392578125,6.5986328125,"[{'name': 'void at::native::vectorized_elementwise_kernel<4, at::native::BinaryFunctor<float, float, bool, at::native::(anonymous namespace)::CompareEqFunctor<float> >, std::array<char*, 3ul> >(int, at::native::BinaryFunctor<float, float, bool, at::native::(anonymous namespace)::CompareEqFunctor<float> >, std::array<char*, 3ul>)', 'stream': 0, 'count': 74, 'total_duration_us': np.float64(410.687), 'mean_duration_us': np.float64(5.549824324324325), 'median_duration_us': np.float64(5.439), 'std_dev_duration_us': np.float64(0.2523342569810233), 'min_duration_us': np.float64(5.239), 'max_duration_us': np.float64(6.599)}]","[{'name': 'void at::native::vectorized_elementwise_kernel<4, at::native::Bi...', 'stream': 0, 'mean_duration_us': np.float64(5.55)}]",,False,0.0034601687474281,99.9665618606031,elementwise,elementwise
aten::mul_,elementwise,python,CPU,thread 166796 (pt_autograd_0),"((288276480,), ())","('float', 'double')","((1,), ())","('', '')",287726,1,12.868,12.868,,0.28827648,2199.3750076293945,0.1249999995663884,vector_fp32,6.433982024961517,,0.8042477503303409,,358.4423828125,,358.4423828125,12.868,12.868,12.868,6.433982024961517,6.433982024961517,6.433982024961517,0.8042477503303409,0.8042477503303409,0.8042477503303409,358.4423828125,358.4423828125,358.4423828125,"[{'name': 'void at::native::vectorized_elementwise_kernel<4, at::native::AUnaryFunctor<float, float, float, at::native::binary_internal::MulFunctor<float> >, std::array<char*, 2ul> >(int, at::native::AUnaryFunctor<float, float, float, at::native::binary_internal::MulFunctor<float> >, std::array<char*, 2ul>)', 'stream': 0, 'count': 1, 'total_duration_us': np.float64(358.442), 'mean_duration_us': np.float64(358.442), 'median_duration_us': np.float64(358.442), 'std_dev_duration_us': np.float64(0.0), 'min_duration_us': np.float64(358.442), 'max_duration_us': np.float64(358.442)}]","[{'name': 'void at::native::vectorized_elementwise_kernel<4, at::native::AU...', 'stream': 0, 'mean_duration_us': np.float64(358.44)}]","{'shape_in1': (288276480,), 'shape_in2': (), 'dtype_in1_in2_out': ('float', 'double', None), 'stride_input1': (1,), 'stride_input2': (), 'stride_output': None}",True,0.0030199444486976,99.9695818050518,elementwise,elementwise
aten::mul_,elementwise,python,CPU,thread 166796 (pt_autograd_0),"((288276608,), ())","('float', 'double')","((1,), ())","('', '')",310497,1,6.87,6.87,,0.288276608,2199.3759841918945,0.1249999995663886,vector_fp32,6.61483426494496,,0.8268542802498529,,348.642578125,,348.642578125,6.87,6.87,6.87,6.61483426494496,6.61483426494496,6.61483426494496,0.8268542802498529,0.8268542802498529,0.8268542802498529,348.642578125,348.642578125,348.642578125,"[{'name': 'void at::native::vectorized_elementwise_kernel<4, at::native::AUnaryFunctor<float, float, float, at::native::binary_internal::MulFunctor<float> >, std::array<char*, 2ul> >(int, at::native::AUnaryFunctor<float, float, float, at::native::binary_internal::MulFunctor<float> >, std::array<char*, 2ul>)', 'stream': 0, 'count': 1, 'total_duration_us': np.float64(348.643), 'mean_duration_us': np.float64(348.643), 'median_duration_us': np.float64(348.643), 'std_dev_duration_us': np.float64(0.0), 'min_duration_us': np.float64(348.643), 'max_duration_us': np.float64(348.643)}]","[{'name': 'void at::native::vectorized_elementwise_kernel<4, at::native::AU...', 'stream': 0, 'mean_duration_us': np.float64(348.64)}]","{'shape_in1': (288276608,), 'shape_in2': (), 'dtype_in1_in2_out': ('float', 'double', None), 'stride_input1': (1,), 'stride_input2': (), 'stride_output': None}",True,0.0029373792522157,99.972519184304,elementwise,elementwise
aten::eq,elementwise,python,CPU,thread 166796 (pt_autograd_0),"((), ())","('float', 'Scalar')","((), ())","('', 'inf')",287722,74,837.346,11.315486486486488,5.752978997800181,,,,,,,,,3.389278927364865,0.4088735556018903,250.806640625,9.9085,6.689,49.928,,,,,,,3.458984375,2.0390625,4.119140625,"[{'name': 'void at::native::vectorized_elementwise_kernel<4, at::native::AUnaryFunctor<float, float, bool, at::native::(anonymous namespace)::CompareEqFunctor<float> >, std::array<char*, 2ul> >(int, at::native::AUnaryFunctor<float, float, bool, at::native::(anonymous namespace)::CompareEqFunctor<float> >, std::array<char*, 2ul>)', 'stream': 0, 'count': 74, 'total_duration_us': np.float64(250.808), 'mean_duration_us': np.float64(3.389297297297297), 'median_duration_us': np.float64(3.459), 'std_dev_duration_us': np.float64(0.40620982894045105), 'min_duration_us': np.float64(2.039), 'max_duration_us': np.float64(4.119)}]","[{'name': 'void at::native::vectorized_elementwise_kernel<4, at::native::AU...', 'stream': 0, 'mean_duration_us': np.float64(3.39)}]",,False,0.002113093089352,99.98235903866528,elementwise,elementwise
aten::copy_,elementwise,python,CPU,thread 166178 (python),"((6440368,), (6440368,), ())","('c10::BFloat16', 'float', 'Scalar')","((1,), (1,), ())","('', '', 'False')",136860,23,127.704,5.552347826086956,1.043604444775007,0.006440368,36.852081298828125,0.1666666666666666,vector_bf16,4.052436137978888,0.1985184804211363,0.6754060229964814,0.0330864134035227,9.559103260869565,0.5038695905443458,219.859375,5.287,4.517,9.403,4.0768206255924175,3.487846715910093,4.3132353381294966,0.6794701042654029,0.5813077859850155,0.7188725563549161,9.478515625,8.958984375,11.0791015625,"[{'name': 'void at::native::vectorized_elementwise_kernel<4, at::native::bfloat16_copy_kernel_cuda(at::TensorIteratorBase&)::{lambda(float)#1}, std::array<char*, 2ul> >(int, at::native::bfloat16_copy_kernel_cuda(at::TensorIteratorBase&)::{lambda(float)#1}, std::array<char*, 2ul>)', 'stream': 0, 'count': 23, 'total_duration_us': np.float64(219.85999999999996), 'mean_duration_us': np.float64(9.559130434782606), 'median_duration_us': np.float64(9.479), 'std_dev_duration_us': np.float64(0.49287103034362334), 'min_duration_us': np.float64(8.959), 'max_duration_us': np.float64(11.079)}]","[{'name': 'void at::native::vectorized_elementwise_kernel<4, at::native::bf...', 'stream': 0, 'mean_duration_us': np.float64(9.56)}]","{'op_shape': (6440368,), 'dtype_in_out': ('c10::BFloat16', 'float'), 'stride_input': (1,), 'stride_output': (1,)}",True,0.0018523565595553,99.98421139522482,elementwise,elementwise
aten::abs,elementwise,python,CPU,thread 166796 (pt_autograd_0),"((), (0,))","('float', 'float')","((), (1,))","('', '')",287720,74,978.628,13.224702702702704,5.377900386576326,,,,,,,,,2.690205342060811,0.6960255898901221,199.0751953125,13.874,6.229,26.816,,,,,,,2.5986328125,1.958984375,8.3193359375,"[{'name': 'void at::native::vectorized_elementwise_kernel<4, at::native::AbsFunctor<float>, std::array<char*, 2ul> >(int, at::native::AbsFunctor<float>, std::array<char*, 2ul>)', 'stream': 0, 'count': 74, 'total_duration_us': np.float64(199.08599999999998), 'mean_duration_us': np.float64(2.6903513513513513), 'median_duration_us': np.float64(2.599), 'std_dev_duration_us': np.float64(0.6912744288715499), 'min_duration_us': np.float64(1.959), 'max_duration_us': np.float64(8.319)}]","[{'name': 'void at::native::vectorized_elementwise_kernel<4, at::native::Ab...', 'stream': 0, 'mean_duration_us': np.float64(2.69)}]",,False,0.0016772459390547,99.98588864116388,elementwise,elementwise
aten::copy_,elementwise,python,CPU,thread 166178 (python),"((64,), (64,), ())","('c10::BFloat16', 'float', 'Scalar')","((1,), (1,), ())","('', '', 'False')",136960,24,128.70499999999998,5.362708333333333,0.7127188895909174,6.4e-08,0.0003662109375,0.1666666666666666,vector_bf16,9.668703807397976e-05,1.3961238289655232e-06,1.6114506345663293e-05,2.326873048275877e-07,3.9723714192708335,0.0574290371429552,95.3369140625,5.1975,4.446,7.721,9.69945732609768e-05,9.413837682547284e-05,9.899697885196376e-05,1.61657622101628e-05,1.5689729470912137e-05,1.6499496475327293e-05,3.958984375,3.87890625,4.0791015625,"[{'name': 'void at::native::vectorized_elementwise_kernel<4, at::native::bfloat16_copy_kernel_cuda(at::TensorIteratorBase&)::{lambda(float)#1}, std::array<char*, 2ul> >(int, at::native::bfloat16_copy_kernel_cuda(at::TensorIteratorBase&)::{lambda(float)#1}, std::array<char*, 2ul>)', 'stream': 0, 'count': 24, 'total_duration_us': np.float64(95.337), 'mean_duration_us': np.float64(3.972375), 'median_duration_us': np.float64(3.959), 'std_dev_duration_us': np.float64(0.05616479658113248), 'min_duration_us': np.float64(3.879), 'max_duration_us': np.float64(4.079)}]","[{'name': 'void at::native::vectorized_elementwise_kernel<4, at::native::bf...', 'stream': 0, 'mean_duration_us': np.float64(3.97)}]","{'op_shape': (64,), 'dtype_in_out': ('c10::BFloat16', 'float'), 'stride_input': (1,), 'stride_output': (1,)}",True,0.0008032314206816,99.9878918365622,elementwise,elementwise
aten::mul_,elementwise,python,CPU,thread 166796 (pt_autograd_0),"((51526272,), ())","('float', 'double')","((1,), ())","('', '')",288696,1,8.371,8.371,,0.051526272,393.1142654418945,0.1249999975740531,vector_fp32,7.024750839036081,,0.8780938378378378,,58.6796875,,58.6796875,8.371,8.371,8.371,7.024750839036081,7.024750839036081,7.024750839036081,0.8780938378378378,0.8780938378378378,0.8780938378378378,58.6796875,58.6796875,58.6796875,"[{'name': 'void at::native::vectorized_elementwise_kernel<4, at::native::AUnaryFunctor<float, float, float, at::native::binary_internal::MulFunctor<float> >, std::array<char*, 2ul> >(int, at::native::AUnaryFunctor<float, float, float, at::native::binary_internal::MulFunctor<float> >, std::array<char*, 2ul>)', 'stream': 0, 'count': 1, 'total_duration_us': np.float64(58.68), 'mean_duration_us': np.float64(58.68), 'median_duration_us': np.float64(58.68), 'std_dev_duration_us': np.float64(0.0), 'min_duration_us': np.float64(58.68), 'max_duration_us': np.float64(58.68)}]","[{'name': 'void at::native::vectorized_elementwise_kernel<4, at::native::AU...', 'stream': 0, 'mean_duration_us': np.float64(58.68)}]","{'shape_in1': (51526272,), 'shape_in2': (), 'dtype_in1_in2_out': ('float', 'double', None), 'stride_input1': (1,), 'stride_input2': (), 'stride_output': None}",True,0.0004943873967315,99.99140771521948,elementwise,elementwise
aten::copy_,elementwise,python,CPU,thread 166178 (python),"((36034560,), (36034560,), ())","('c10::BFloat16', 'float', 'Scalar')","((1,), (1,), ())","('', '', 'False')",136852,1,14.489,14.489,,0.03603456,206.19140625,0.1666666666666666,vector_bf16,4.62388706668616,,0.7706478444476932,,46.7587890625,,46.7587890625,14.489,14.489,14.489,4.62388706668616,4.62388706668616,4.62388706668616,0.7706478444476932,0.7706478444476932,0.7706478444476932,46.7587890625,46.7587890625,46.7587890625,"[{'name': 'void at::native::vectorized_elementwise_kernel<4, at::native::bfloat16_copy_kernel_cuda(at::TensorIteratorBase&)::{lambda(float)#1}, std::array<char*, 2ul> >(int, at::native::bfloat16_copy_kernel_cuda(at::TensorIteratorBase&)::{lambda(float)#1}, std::array<char*, 2ul>)', 'stream': 0, 'count': 1, 'total_duration_us': np.float64(46.759), 'mean_duration_us': np.float64(46.759), 'median_duration_us': np.float64(46.759), 'std_dev_duration_us': np.float64(0.0), 'min_duration_us': np.float64(46.759), 'max_duration_us': np.float64(46.759)}]","[{'name': 'void at::native::vectorized_elementwise_kernel<4, at::native::bf...', 'stream': 0, 'mean_duration_us': np.float64(46.76)}]","{'op_shape': (36034560,), 'dtype_in_out': ('c10::BFloat16', 'float'), 'stride_input': (1,), 'stride_output': (1,)}",True,0.0003939515867212,99.99277203618416,elementwise,elementwise
aten::div_,elementwise,python,CPU,thread 166178 (python),"((), ())","('float', 'int')","((), ())","('', '')",17160,8,143.664,17.958,0.6824893510419883,1e-09,,,vector_fp32,,,1.8413626669502745e-07,7.714155011073474e-09,5.43896484375,0.2240409149638654,43.51171875,18.0945,16.983,19.026,,,,1.838682377701241e-07,1.7364761743259286e-07,1.984496124031008e-07,5.43896484375,5.0390625,5.7587890625,"[{'name': 'void at::native::elementwise_kernel_manual_unroll<128, 4, at::native::gpu_kernel_impl<at::native::BinaryFunctor<float, float, float, at::native::binary_internal::DivFunctor<float> > >(at::TensorIteratorBase&, at::native::BinaryFunctor<float, float, float, at::native::binary_internal::DivFunctor<float> > const&)::{lambda(int, bool)#1}>(int, at::native::gpu_kernel_impl<at::native::BinaryFunctor<float, float, float, at::native::binary_internal::DivFunctor<float> > >(at::TensorIteratorBase&, at::native::BinaryFunctor<float, float, float, at::native::binary_internal::DivFunctor<float> > const&)::{lambda(int, bool)#1})', 'stream': 0, 'count': 8, 'total_duration_us': np.float64(43.512), 'mean_duration_us': np.float64(5.439), 'median_duration_us': np.float64(5.439), 'std_dev_duration_us': np.float64(0.2097617696340305), 'min_duration_us': np.float64(5.039), 'max_duration_us': np.float64(5.759)}]","[{'name': 'void at::native::elementwise_kernel_manual_unroll<128, 4, at::na...', 'stream': 0, 'mean_duration_us': np.float64(5.44)}]","{'shape_in1': (), 'shape_in2': (), 'dtype_in1_in2_out': ('float', 'int', None), 'stride_input1': (), 'stride_input2': (), 'stride_output': None}",True,0.0003665944090129,99.9935298176651,elementwise,elementwise
aten::ne,elementwise,python,CPU,thread 166178 (python),"((), ())","('float', 'float')","((), ())","('', '')",17145,8,111.862,13.98275,0.651253023025613,,,,,,,,,5.2642822265625,0.1110781202460207,42.1142578125,14.109,12.657,14.72,,,,,,,5.279296875,5.0390625,5.359375,"[{'name': 'void at::native::vectorized_elementwise_kernel<4, at::native::BinaryFunctor<float, float, bool, at::native::(anonymous namespace)::CompareEqFunctor<float> >, std::array<char*, 3ul> >(int, at::native::BinaryFunctor<float, float, bool, at::native::(anonymous namespace)::CompareEqFunctor<float> >, std::array<char*, 3ul>)', 'stream': 0, 'count': 8, 'total_duration_us': np.float64(42.111999999999995), 'mean_duration_us': np.float64(5.263999999999999), 'median_duration_us': np.float64(5.279), 'std_dev_duration_us': np.float64(0.10380269746013357), 'min_duration_us': np.float64(5.039), 'max_duration_us': np.float64(5.359)}]","[{'name': 'void at::native::vectorized_elementwise_kernel<4, at::native::Bi...', 'stream': 0, 'mean_duration_us': np.float64(5.26)}]",,False,0.0003548205379451,99.99388463820306,elementwise,elementwise
aten::copy_,elementwise,python,CPU,thread 166178 (python),"((4096, 8), (4096, 8), ())","('long int', 'long int', 'Scalar')","((8, 1), (1, 4096), ())","('', '', 'False')",17063,8,89.702,11.21275,2.8952697752417773,3.2768e-05,0.5,0.0625,,0.1078687814731508,0.0030855829526412,0.0067417988420719,0.00019284893454,4.8638916015625,0.1385961437095426,38.9111328125,9.783,9.423,17.053,0.107022800294951,0.1032245552778311,0.1120582158213316,0.0066889250184344,0.0064515347048644,0.0070036384888332,4.89892578125,4.6787109375,5.0791015625,"[{'name': 'void at::native::elementwise_kernel_manual_unroll<128, 4, at::native::gpu_kernel_impl_nocast<at::native::direct_copy_kernel_cuda(at::TensorIteratorBase&)::{lambda()#3}::operator()() const::{lambda()#4}::operator()() const::{lambda(long)#1}>(at::TensorIteratorBase&, at::native::direct_copy_kernel_cuda(at::TensorIteratorBase&)::{lambda()#3}::operator()() const::{lambda()#4}::operator()() const::{lambda(long)#1} const&)::{lambda(int, bool)#1}>(int, at::native::gpu_kernel_impl_nocast<at::native::direct_copy_kernel_cuda(at::TensorIteratorBase&)::{lambda()#3}::operator()() const::{lambda()#4}::operator()() const::{lambda(long)#1}>(at::TensorIteratorBase&, at::native::direct_copy_kernel_cuda(at::TensorIteratorBase&)::{lambda()#3}::operator()() const::{lambda()#4}::operator()() const::{lambda(long)#1} const&)::{lambda(int, bool)#1})', 'stream': 0, 'count': 8, 'total_duration_us': np.float64(38.912), 'mean_duration_us': np.float64(4.864), 'median_duration_us': np.float64(4.898999999999999), 'std_dev_duration_us': np.float64(0.12951833846988592), 'min_duration_us': np.float64(4.679), 'max_duration_us': np.float64(5.079)}]","[{'name': 'void at::native::elementwise_kernel_manual_unroll<128, 4, at::na...', 'stream': 0, 'mean_duration_us': np.float64(4.86)}]","{'op_shape': (4096, 8), 'dtype_in_out': ('long int', 'long int'), 'stride_input': (8, 1), 'stride_output': (1, 4096)}",True,0.0003278336077547,99.9942124718108,elementwise,elementwise
aten::copy_,elementwise,python,CPU,thread 166178 (python),"((36034512,), (36034512,), ())","('c10::BFloat16', 'float', 'Scalar')","((1,), (1,), ())","('', '', 'False')",136952,1,4.626,4.626,,0.036034512,206.19113159179688,0.1666666666666666,vector_bf16,5.572515522980116,,0.9287525871633524,,38.798828125,,38.798828125,4.626,4.626,4.626,5.572515522980116,5.572515522980116,5.572515522980116,0.9287525871633524,0.9287525871633524,0.9287525871633524,38.798828125,38.798828125,38.798828125,"[{'name': 'void at::native::vectorized_elementwise_kernel<4, at::native::bfloat16_copy_kernel_cuda(at::TensorIteratorBase&)::{lambda(float)#1}, std::array<char*, 2ul> >(int, at::native::bfloat16_copy_kernel_cuda(at::TensorIteratorBase&)::{lambda(float)#1}, std::array<char*, 2ul>)', 'stream': 0, 'count': 1, 'total_duration_us': np.float64(38.799), 'mean_duration_us': np.float64(38.799), 'median_duration_us': np.float64(38.799), 'std_dev_duration_us': np.float64(0.0), 'min_duration_us': np.float64(38.799), 'max_duration_us': np.float64(38.799)}]","[{'name': 'void at::native::vectorized_elementwise_kernel<4, at::native::bf...', 'stream': 0, 'mean_duration_us': np.float64(38.8)}]","{'op_shape': (36034512,), 'dtype_in_out': ('c10::BFloat16', 'float'), 'stride_input': (1,), 'stride_output': (1,)}",True,0.0003268874196536,99.99453935923049,elementwise,elementwise
aten::copy_,elementwise,python,CPU,thread 166178 (python),"((8, 4096), (8, 4096), ())","('float', 'float', 'Scalar')","((4096, 1), (1, 8), ())","('', '', 'False')",17101,8,100.278,12.53475,0.7950519749407222,3.2768e-05,0.25,0.125,vector_fp32,0.0587797719324659,0.0019756685241815,0.0073474714915582,0.0002469585655226,4.464111328125,0.147798006804068,35.712890625,12.192,11.816,14.16,0.0582709256672022,0.0570047687407092,0.0618372393457728,0.0072838657084002,0.0071255960925886,0.0077296549182216,4.49951171875,4.2392578125,4.5986328125,"[{'name': 'void at::native::elementwise_kernel_manual_unroll<128, 4, at::native::gpu_kernel_impl_nocast<at::native::direct_copy_kernel_cuda(at::TensorIteratorBase&)::{lambda()#3}::operator()() const::{lambda()#7}::operator()() const::{lambda(float)#1}>(at::TensorIteratorBase&, at::native::direct_copy_kernel_cuda(at::TensorIteratorBase&)::{lambda()#3}::operator()() const::{lambda()#7}::operator()() const::{lambda(float)#1} const&)::{lambda(int, bool)#1}>(int, at::native::gpu_kernel_impl_nocast<at::native::direct_copy_kernel_cuda(at::TensorIteratorBase&)::{lambda()#3}::operator()() const::{lambda()#7}::operator()() const::{lambda(float)#1}>(at::TensorIteratorBase&, at::native::direct_copy_kernel_cuda(at::TensorIteratorBase&)::{lambda()#3}::operator()() const::{lambda()#7}::operator()() const::{lambda(float)#1} const&)::{lambda(int, bool)#1})', 'stream': 0, 'count': 8, 'total_duration_us': np.float64(35.713), 'mean_duration_us': np.float64(4.464125), 'median_duration_us': np.float64(4.499499999999999), 'std_dev_duration_us': np.float64(0.13855994866843746), 'min_duration_us': np.float64(4.239), 'max_duration_us': np.float64(4.599)}]","[{'name': 'void at::native::elementwise_kernel_manual_unroll<128, 4, at::na...', 'stream': 0, 'mean_duration_us': np.float64(4.46)}]","{'op_shape': (8, 4096), 'dtype_in_out': ('float', 'float'), 'stride_input': (4096, 1), 'stride_output': (1, 8)}",True,0.0003008878161775,99.99608718309274,elementwise,elementwise
aten::mul,elementwise,python,CPU,thread 166178 (python),"((32768,), (32768,))","('float', 'float')","((1,), (1,))","('', '')",17112,8,112.114,14.01425,0.2991090341091593,3.2768e-05,0.375,0.0833333333333333,vector_fp32,0.0895822492577025,0.0058290139812979,0.0074651874381418,0.0004857511651081,4.404052734375,0.2569373664552046,35.232421875,14.0695,13.468,14.44,0.0885730717113946,0.084769091368421,0.1035098159383033,0.0073810893092828,0.0070640909473684,0.0086258179948586,4.439453125,3.798828125,4.638671875,"[{'name': 'void at::native::vectorized_elementwise_kernel<4, at::native::BinaryFunctor<float, float, float, at::native::binary_internal::MulFunctor<float> >, std::array<char*, 3ul> >(int, at::native::BinaryFunctor<float, float, float, at::native::binary_internal::MulFunctor<float> >, std::array<char*, 3ul>)', 'stream': 0, 'count': 8, 'total_duration_us': np.float64(35.232), 'mean_duration_us': np.float64(4.404), 'median_duration_us': np.float64(4.439), 'std_dev_duration_us': np.float64(0.24036430683443838), 'min_duration_us': np.float64(3.799), 'max_duration_us': np.float64(4.639)}]","[{'name': 'void at::native::vectorized_elementwise_kernel<4, at::native::Bi...', 'stream': 0, 'mean_duration_us': np.float64(4.4)}]","{'shape_in1': (32768,), 'shape_in2': (32768,), 'dtype_in1_in2_out': ('float', 'float', None), 'stride_input1': (1,), 'stride_input2': (1,), 'stride_output': None}",True,0.0002968397766489,99.9963840228694,elementwise,elementwise
aten::copy_,elementwise,python,CPU,thread 166178 (python),"((), (), ())","('int', 'float', 'Scalar')","((), (), ())","('', '', 'False')",17129,8,46.013,5.751625,0.2446040167290798,1e-09,,,,,,2.284286086872716e-07,4.7850976450440764e-09,4.37939453125,0.0905551584903543,35.03515625,5.792999999999999,5.437,6.159,,,,2.283211511907262e-07,2.213097039118219e-07,2.3813953488372095e-07,4.3798828125,4.19921875,4.5185546875,"[{'name': 'void at::native::elementwise_kernel_manual_unroll<128, 4, at::native::gpu_kernel_impl<at::native::direct_copy_kernel_cuda(at::TensorIteratorBase&)::{lambda()#3}::operator()() const::{lambda()#3}::operator()() const::{lambda(int)#1}>(at::TensorIteratorBase&, at::native::direct_copy_kernel_cuda(at::TensorIteratorBase&)::{lambda()#3}::operator()() const::{lambda()#3}::operator()() const::{lambda(int)#1} const&)::{lambda(int, bool)#1}>(int, at::native::gpu_kernel_impl<at::native::direct_copy_kernel_cuda(at::TensorIteratorBase&)::{lambda()#3}::operator()() const::{lambda()#3}::operator()() const::{lambda(int)#1}>(at::TensorIteratorBase&, at::native::direct_copy_kernel_cuda(at::TensorIteratorBase&)::{lambda()#3}::operator()() const::{lambda()#3}::operator()() const::{lambda(int)#1} const&)::{lambda(int, bool)#1})', 'stream': 0, 'count': 8, 'total_duration_us': np.float64(35.033), 'mean_duration_us': np.float64(4.379125), 'median_duration_us': np.float64(4.3795), 'std_dev_duration_us': np.float64(0.08482399056281195), 'min_duration_us': np.float64(4.199), 'max_duration_us': np.float64(4.519)}]","[{'name': 'void at::native::elementwise_kernel_manual_unroll<128, 4, at::na...', 'stream': 0, 'mean_duration_us': np.float64(4.38)}]","{'op_shape': (), 'dtype_in_out': ('int', None), 'stride_input': (), 'stride_output': None}",True,0.0002951777766799,99.99667920064608,elementwise,elementwise
aten::fill_,elementwise,python,CPU,thread 166178 (python),"((1,), ())","('float', 'Scalar')","((1,), ())","('', '1.')",17166,16,107.956,6.74725,1.4347518949281788,,,,,,,,,2.1717529296875,0.1579794727463163,34.748046875,6.3285,4.576,9.022,,,,,,,2.13916015625,1.958984375,2.5595703125,"[{'name': 'void at::native::vectorized_elementwise_kernel<4, at::native::FillFunctor<float>, std::array<char*, 1ul> >(int, at::native::FillFunctor<float>, std::array<char*, 1ul>)', 'stream': 0, 'count': 16, 'total_duration_us': np.float64(34.746), 'mean_duration_us': np.float64(2.171625), 'median_duration_us': np.float64(2.1390000000000002), 'std_dev_duration_us': np.float64(0.15297298576872972), 'min_duration_us': np.float64(1.959), 'max_duration_us': np.float64(2.56)}]","[{'name': 'void at::native::vectorized_elementwise_kernel<4, at::native::Fi...', 'stream': 0, 'mean_duration_us': np.float64(2.17)}]",,False,0.0002927588262299,99.9969719594723,elementwise,elementwise
aten::mul,elementwise,python,CPU,thread 166796 (pt_autograd_0),"((32768,), (32768,))","('float', 'float')","((0,), (1,))","('', '')",138012,8,91.846,11.48075,1.832898309859473,3.2768e-05,0.375,0.0833333333333333,vector_fp32,0.0968659212274961,0.0035517646392281,0.0080721601022913,0.0002959803866023,4.0640869140625,0.1466256178244843,32.5126953125,10.82,10.414,15.891,0.0959291931736179,0.0927558590186592,0.1024302172475197,0.0079940994311348,0.0077296549182216,0.0085358514372933,4.09912109375,3.8388671875,4.2392578125,"[{'name': 'void at::native::elementwise_kernel_manual_unroll<128, 4, at::native::gpu_kernel_impl_nocast<at::native::BinaryFunctor<float, float, float, at::native::binary_internal::MulFunctor<float> > >(at::TensorIteratorBase&, at::native::BinaryFunctor<float, float, float, at::native::binary_internal::MulFunctor<float> > const&)::{lambda(int, bool)#1}>(int, at::native::gpu_kernel_impl_nocast<at::native::BinaryFunctor<float, float, float, at::native::binary_internal::MulFunctor<float> > >(at::TensorIteratorBase&, at::native::BinaryFunctor<float, float, float, at::native::binary_internal::MulFunctor<float> > const&)::{lambda(int, bool)#1})', 'stream': 0, 'count': 8, 'total_duration_us': np.float64(32.512), 'mean_duration_us': np.float64(4.064), 'median_duration_us': np.float64(4.099), 'std_dev_duration_us': np.float64(0.13702189606044715), 'min_duration_us': np.float64(3.839), 'max_duration_us': np.float64(4.239)}]","[{'name': 'void at::native::elementwise_kernel_manual_unroll<128, 4, at::na...', 'stream': 0, 'mean_duration_us': np.float64(4.06)}]","{'shape_in1': (32768,), 'shape_in2': (32768,), 'dtype_in1_in2_out': ('float', 'float', None), 'stride_input1': (0,), 'stride_input2': (1,), 'stride_output': None}",True,0.0002739255691549,99.99724588504148,elementwise,elementwise
aten::add_,elementwise,python,CPU,thread 166178 (python),"((), (), ())","('int', 'int', 'Scalar')","((), (), ())","('', '', '1')",17171,8,100.809,12.601125,0.881712041995571,1e-09,,,,,,2.986842536441985e-07,9.176225517471061e-08,3.7989501953125,1.687815273443164,30.3916015625,12.8425,10.525,13.418,,,,3.451034886770411e-07,1.5247170935080406e-07,3.67816091954023e-07,2.89892578125,2.71875,6.55859375,"[{'name': 'void at::native::vectorized_elementwise_kernel<4, at::native::CUDAFunctor_add<int>, std::array<char*, 3ul> >(int, at::native::CUDAFunctor_add<int>, std::array<char*, 3ul>)', 'stream': 0, 'count': 8, 'total_duration_us': np.float64(30.393), 'mean_duration_us': np.float64(3.799125), 'median_duration_us': np.float64(2.899), 'std_dev_duration_us': np.float64(1.5789458855119134), 'min_duration_us': np.float64(2.719), 'max_duration_us': np.float64(6.559)}]","[{'name': 'void at::native::vectorized_elementwise_kernel<4, at::native::CU...', 'stream': 0, 'mean_duration_us': np.float64(3.8)}]","{'shape_in1': (), 'shape_in2': (), 'dtype_in1_in2_out': ('int', 'int', None), 'stride_input1': (), 'stride_input2': (), 'stride_output': None}",True,0.0002560549556264,99.9975019399971,elementwise,elementwise
aten::eq,elementwise,python,CPU,thread 166178 (python),"((), ())","('float', 'Scalar')","((), ())","('', 'inf')",17154,8,113.515,14.189375,0.898458193239952,,,,,,,,,3.339111328125,0.2811791466974266,26.712890625,14.049,13.368,16.182,,,,,,,3.359375,2.8388671875,3.7587890625,"[{'name': 'void at::native::vectorized_elementwise_kernel<4, at::native::AUnaryFunctor<float, float, bool, at::native::(anonymous namespace)::CompareEqFunctor<float> >, std::array<char*, 2ul> >(int, at::native::AUnaryFunctor<float, float, bool, at::native::(anonymous namespace)::CompareEqFunctor<float> >, std::array<char*, 2ul>)', 'stream': 0, 'count': 8, 'total_duration_us': np.float64(26.712000000000003), 'mean_duration_us': np.float64(3.3390000000000004), 'median_duration_us': np.float64(3.359), 'std_dev_duration_us': np.float64(0.2630589287593181), 'min_duration_us': np.float64(2.839), 'max_duration_us': np.float64(3.759)}]","[{'name': 'void at::native::vectorized_elementwise_kernel<4, at::native::AU...', 'stream': 0, 'mean_duration_us': np.float64(3.34)}]",,False,0.0002250611245206,99.99772700112162,elementwise,elementwise
aten::div,elementwise,python,CPU,thread 166796 (pt_autograd_0),"((), ())","('float', 'int')","((), ())","('', '')",138003,8,79.118,9.88975,0.4708508256337668,1e-09,,,vector_fp32,,,3.00037243409475e-07,6.636612013641007e-09,3.3343505859375,0.0739446180842303,26.6748046875,9.9785,9.343,10.535,,,,3.013089186531297e-07,2.9074389551391253e-07,3.087126921917395e-07,3.3193359375,3.2392578125,3.439453125,"[{'name': 'void at::native::elementwise_kernel_manual_unroll<128, 4, at::native::gpu_kernel_impl<at::native::BinaryFunctor<float, float, float, at::native::binary_internal::DivFunctor<float> > >(at::TensorIteratorBase&, at::native::BinaryFunctor<float, float, float, at::native::binary_internal::DivFunctor<float> > const&)::{lambda(int, bool)#1}>(int, at::native::gpu_kernel_impl<at::native::BinaryFunctor<float, float, float, at::native::binary_internal::DivFunctor<float> > >(at::TensorIteratorBase&, at::native::BinaryFunctor<float, float, float, at::native::binary_internal::DivFunctor<float> > const&)::{lambda(int, bool)#1})', 'stream': 0, 'count': 8, 'total_duration_us': np.float64(26.672), 'mean_duration_us': np.float64(3.334), 'median_duration_us': np.float64(3.319), 'std_dev_duration_us': np.float64(0.06910137480542633), 'min_duration_us': np.float64(3.239), 'max_duration_us': np.float64(3.439)}]","[{'name': 'void at::native::elementwise_kernel_manual_unroll<128, 4, at::na...', 'stream': 0, 'mean_duration_us': np.float64(3.33)}]","{'shape_in1': (), 'shape_in2': (), 'dtype_in1_in2_out': ('float', 'int', None), 'stride_input1': (), 'stride_input2': (), 'stride_output': None}",True,0.0002247402433384,99.99795174136496,elementwise,elementwise
aten::clamp,elementwise,python,CPU,thread 166178 (python),"((), (), ())","('int', 'Scalar', '')","((), (), ())","('', '1', '')",17158,8,123.82,15.4775,0.510689729679382,,,,,,,,,2.8739013671875,0.1564490548998108,22.9912109375,15.5815,14.45,15.972,,,,,,,2.8388671875,2.71875,3.1591796875,"[{'name': 'void at::native::vectorized_elementwise_kernel<4, at::native::(anonymous namespace)::launch_clamp_scalar(at::TensorIteratorBase&, c10::Scalar, c10::Scalar, at::native::detail::ClampLimits)::{lambda()#1}::operator()() const::{lambda()#3}::operator()() const::{lambda(int)#1}, std::array<char*, 2ul> >(int, at::native::(anonymous namespace)::launch_clamp_scalar(at::TensorIteratorBase&, c10::Scalar, c10::Scalar, at::native::detail::ClampLimits)::{lambda()#1}::operator()() const::{lambda()#3}::operator()() const::{lambda(int)#1}, std::array<char*, 2ul>)', 'stream': 0, 'count': 8, 'total_duration_us': np.float64(22.991999999999997), 'mean_duration_us': np.float64(2.8739999999999997), 'median_duration_us': np.float64(2.839), 'std_dev_duration_us': np.float64(0.1462019151721345), 'min_duration_us': np.float64(2.719), 'max_duration_us': np.float64(3.159)}]","[{'name': 'void at::native::vectorized_elementwise_kernel<4, at::native::(a...', 'stream': 0, 'mean_duration_us': np.float64(2.87)}]",,False,0.0001937052736195,99.99814544663856,elementwise,elementwise
aten::mul,elementwise,python,CPU,thread 166796 (pt_autograd_0),"((1,), (1,))","('float', 'float')","((1,), (1,))","('', '')",137992,8,437.917,54.739625,3.3120806553973203,1e-09,1.1444091796875e-05,0.0833333333333333,vector_fp32,4.391771991310742e-06,6.494341730710903e-07,3.659809992758952e-07,5.411951442259087e-08,2.779052734375,0.3627850356185368,22.232421875,56.807,48.347,57.118,4.1714771337566416e-06,3.750915750915751e-06,5.662672811059908e-06,3.476230944797201e-07,3.1257631257631256e-07,4.71889400921659e-07,2.87890625,2.119140625,3.19921875,"[{'name': 'void at::native::vectorized_elementwise_kernel<4, at::native::BinaryFunctor<float, float, float, at::native::binary_internal::MulFunctor<float> >, std::array<char*, 3ul> >(int, at::native::BinaryFunctor<float, float, float, at::native::binary_internal::MulFunctor<float> >, std::array<char*, 3ul>)', 'stream': 0, 'count': 8, 'total_duration_us': np.float64(22.232), 'mean_duration_us': np.float64(2.779), 'median_duration_us': np.float64(2.879), 'std_dev_duration_us': np.float64(0.3394112549695428), 'min_duration_us': np.float64(2.119), 'max_duration_us': np.float64(3.199)}]","[{'name': 'void at::native::vectorized_elementwise_kernel<4, at::native::Bi...', 'stream': 0, 'mean_duration_us': np.float64(2.78)}]","{'shape_in1': (1,), 'shape_in2': (1,), 'dtype_in1_in2_out': ('float', 'float', None), 'stride_input1': (1,), 'stride_input2': (1,), 'stride_output': None}",True,0.0001873123331445,99.99833275897171,elementwise,elementwise
aten::abs,elementwise,python,CPU,thread 166178 (python),"((), (0,))","('float', 'float')","((), (1,))","('', '')",17152,8,133.532,16.6915,1.0588484310797277,,,,,,,,,2.5888671875,0.0872418390455532,20.7109375,17.0235,14.96,17.824,,,,,,,2.55859375,2.48046875,2.71875,"[{'name': 'void at::native::vectorized_elementwise_kernel<4, at::native::AbsFunctor<float>, std::array<char*, 2ul> >(int, at::native::AbsFunctor<float>, std::array<char*, 2ul>)', 'stream': 0, 'count': 8, 'total_duration_us': np.float64(20.713), 'mean_duration_us': np.float64(2.589125), 'median_duration_us': np.float64(2.559), 'std_dev_duration_us': np.float64(0.08168604149424788), 'min_duration_us': np.float64(2.48), 'max_duration_us': np.float64(2.719)}]","[{'name': 'void at::native::vectorized_elementwise_kernel<4, at::native::Ab...', 'stream': 0, 'mean_duration_us': np.float64(2.59)}]",,False,0.0001744935413041,99.99850725251302,elementwise,elementwise
aten::mul,elementwise,python,CPU,thread 166178 (python),"((1,), ())","('float', 'float')","((1,), ())","('', '')",17172,8,846.789,105.848625,68.8310431957174,1e-09,1.1444091796875e-05,0.0833333333333333,vector_fp32,4.709362504967001e-06,3.307122103381484e-07,3.924468754139168e-07,2.7559350861512345e-08,2.558837890625,0.1747986472045986,20.470703125,128.58100000000002,8.222,171.064,4.690076335877863e-06,4.349734513274336e-06,5.264781491002571e-06,3.9083969465648857e-07,3.624778761061947e-07,4.387317909168809e-07,2.55859375,2.279296875,2.7587890625,"[{'name': 'void at::native::vectorized_elementwise_kernel<4, at::native::BinaryFunctor<float, float, float, at::native::binary_internal::MulFunctor<float> >, std::array<char*, 3ul> >(int, at::native::BinaryFunctor<float, float, float, at::native::binary_internal::MulFunctor<float> >, std::array<char*, 3ul>)', 'stream': 0, 'count': 8, 'total_duration_us': np.float64(20.472), 'mean_duration_us': np.float64(2.559), 'median_duration_us': np.float64(2.559), 'std_dev_duration_us': np.float64(0.16370705543744898), 'min_duration_us': np.float64(2.279), 'max_duration_us': np.float64(2.759)}]","[{'name': 'void at::native::vectorized_elementwise_kernel<4, at::native::Bi...', 'stream': 0, 'mean_duration_us': np.float64(2.56)}]","{'shape_in1': (1,), 'shape_in2': (), 'dtype_in1_in2_out': ('float', 'float', None), 'stride_input1': (1,), 'stride_input2': (), 'stride_output': None}",True,0.0001724695215398,99.99867972203457,elementwise,elementwise
aten::mul,elementwise,python,CPU,thread 166178 (python),"((1,), (1,))","('float', 'float')","((1,), (1,))","('', '')",17167,8,64.639,8.079875,0.4455357729745165,1e-09,1.1444091796875e-05,0.0833333333333333,vector_fp32,4.796128439738935e-06,2.72676449412629e-07,3.9967736997824457e-07,2.27230374510524e-08,2.5087890625,0.1361905853596242,20.0703125,8.026,7.49,8.752,4.690076335877863e-06,4.547742413027387e-06,5.264781491002571e-06,3.9083969465648857e-07,3.789785344189489e-07,4.387317909168809e-07,2.55859375,2.279296875,2.638671875,"[{'name': 'void at::native::vectorized_elementwise_kernel<4, at::native::BinaryFunctor<float, float, float, at::native::binary_internal::MulFunctor<float> >, std::array<char*, 3ul> >(int, at::native::BinaryFunctor<float, float, float, at::native::binary_internal::MulFunctor<float> >, std::array<char*, 3ul>)', 'stream': 0, 'count': 8, 'total_duration_us': np.float64(20.072000000000003), 'mean_duration_us': np.float64(2.5090000000000003), 'median_duration_us': np.float64(2.559), 'std_dev_duration_us': np.float64(0.12767145334803706), 'min_duration_us': np.float64(2.279), 'max_duration_us': np.float64(2.639)}]","[{'name': 'void at::native::vectorized_elementwise_kernel<4, at::native::Bi...', 'stream': 0, 'mean_duration_us': np.float64(2.51)}]","{'shape_in1': (1,), 'shape_in2': (1,), 'dtype_in1_in2_out': ('float', 'float', None), 'stride_input1': (1,), 'stride_input2': (1,), 'stride_output': None}",True,0.000169096155266,99.99884881818984,elementwise,elementwise
aten::mul,elementwise,python,CPU,thread 166178 (python),"((1,), ())","('float', 'long int')","((1,), ())","('', '')",17168,8,68.696,8.587,0.5662261032485166,1e-09,1.52587890625e-05,0.0625,vector_fp32,6.831404113415221e-06,2.268034965826559e-07,4.269627570884513e-07,1.4175218536415994e-08,2.3443603515625,0.0769794952820152,18.7548828125,8.626999999999999,7.671,9.553,6.783410492042071e-06,6.55884707766213e-06,7.145224596598343e-06,4.239631557526295e-07,4.0992794235388313e-07,4.4657653728739643e-07,2.359375,2.2392578125,2.439453125,"[{'name': 'void at::native::vectorized_elementwise_kernel<4, at::native::AUnaryFunctor<float, float, float, at::native::binary_internal::MulFunctor<float> >, std::array<char*, 2ul> >(int, at::native::AUnaryFunctor<float, float, float, at::native::binary_internal::MulFunctor<float> >, std::array<char*, 2ul>)', 'stream': 0, 'count': 8, 'total_duration_us': np.float64(18.752000000000002), 'mean_duration_us': np.float64(2.3440000000000003), 'median_duration_us': np.float64(2.359), 'std_dev_duration_us': np.float64(0.07193747284969086), 'min_duration_us': np.float64(2.239), 'max_duration_us': np.float64(2.439)}]","[{'name': 'void at::native::vectorized_elementwise_kernel<4, at::native::AU...', 'stream': 0, 'mean_duration_us': np.float64(2.34)}]","{'shape_in1': (1,), 'shape_in2': (), 'dtype_in1_in2_out': ('float', 'long int', None), 'stride_input1': (1,), 'stride_input2': (), 'stride_output': None}",True,0.0001580134128982,99.99900683160271,elementwise,elementwise
aten::div_,elementwise,python,CPU,thread 166178 (python),"((), ())","('float', 'long int')","((), ())","('', '')",17162,8,65.19800000000001,8.149750000000001,0.6325611771656104,1e-09,1.52587890625e-05,0.0625,vector_fp32,7.952874005669012e-06,2.809531395019845e-07,4.970546253543133e-07,1.7559571218874027e-08,2.0140380859375,0.0707797315152549,16.1123046875,8.056000000000001,7.23,9.393,7.925325726649784e-06,7.550230414746543e-06,8.337913486005088e-06,4.953328579156115e-07,4.71889400921659e-07,5.21119592875318e-07,2.01904296875,1.9189453125,2.119140625,"[{'name': 'void at::native::vectorized_elementwise_kernel<4, at::native::BUnaryFunctor<float, float, float, at::native::binary_internal::MulFunctor<float> >, std::array<char*, 2ul> >(int, at::native::BUnaryFunctor<float, float, float, at::native::binary_internal::MulFunctor<float> >, std::array<char*, 2ul>)', 'stream': 0, 'count': 8, 'total_duration_us': np.float64(16.112000000000002), 'mean_duration_us': np.float64(2.0140000000000002), 'median_duration_us': np.float64(2.019), 'std_dev_duration_us': np.float64(0.06614378277661483), 'min_duration_us': np.float64(1.919), 'max_duration_us': np.float64(2.119)}]","[{'name': 'void at::native::vectorized_elementwise_kernel<4, at::native::BU...', 'stream': 0, 'mean_duration_us': np.float64(2.01)}]","{'shape_in1': (), 'shape_in2': (), 'dtype_in1_in2_out': ('float', 'long int', None), 'stride_input1': (), 'stride_input2': (), 'stride_output': None}",True,0.0001357491954911,99.99914258079822,elementwise,elementwise
aten::div,elementwise,python,CPU,thread 166178 (python),"((1,), ())","('float', 'long int')","((1,), ())","('', '')",17169,8,57.78,7.2225,0.5001851085919522,1e-09,1.52587890625e-05,0.0625,vector_fp32,8.898198327867499e-06,5.394412009552293e-07,5.561373954917187e-07,3.3715075059701835e-08,1.8038330078125,0.107941162547069,14.4306640625,7.4155,6.419,7.741,8.894679695982626e-06,8.167497507477567e-06,9.764004767580451e-06,5.559174809989141e-07,5.104685942173479e-07,6.102502979737783e-07,1.798828125,1.638671875,1.958984375,"[{'name': 'void at::native::vectorized_elementwise_kernel<4, at::native::BUnaryFunctor<float, float, float, at::native::binary_internal::MulFunctor<float> >, std::array<char*, 2ul> >(int, at::native::BUnaryFunctor<float, float, float, at::native::binary_internal::MulFunctor<float> >, std::array<char*, 2ul>)', 'stream': 0, 'count': 8, 'total_duration_us': np.float64(14.431999999999999), 'mean_duration_us': np.float64(1.8039999999999998), 'median_duration_us': np.float64(1.799), 'std_dev_duration_us': np.float64(0.10087120500916008), 'min_duration_us': np.float64(1.639), 'max_duration_us': np.float64(1.959)}]","[{'name': 'void at::native::vectorized_elementwise_kernel<4, at::native::BU...', 'stream': 0, 'mean_duration_us': np.float64(1.8)}]","{'shape_in1': (1,), 'shape_in2': (), 'dtype_in1_in2_out': ('float', 'long int', None), 'stride_input1': (1,), 'stride_input2': (), 'stride_output': None}",True,0.0001215810571412,99.99926416185536,elementwise,elementwise
aten::copy_,elementwise,python,CPU,thread 166178 (python),"((6437904,), (6437904,), ())","('c10::BFloat16', 'float', 'Scalar')","((1,), (1,), ())","('', '', 'False')",136856,1,5.548,5.548,,0.006437904,36.837982177734375,0.1666666666666666,vector_bf16,3.86311965777908,,0.6438532762965135,,9.9990234375,,9.9990234375,5.548,5.548,5.548,3.86311965777908,3.86311965777908,3.86311965777908,0.6438532762965135,0.6438532762965135,0.6438532762965135,9.9990234375,9.9990234375,9.9990234375,"[{'name': 'void at::native::vectorized_elementwise_kernel<4, at::native::bfloat16_copy_kernel_cuda(at::TensorIteratorBase&)::{lambda(float)#1}, std::array<char*, 2ul> >(int, at::native::bfloat16_copy_kernel_cuda(at::TensorIteratorBase&)::{lambda(float)#1}, std::array<char*, 2ul>)', 'stream': 0, 'count': 1, 'total_duration_us': np.float64(9.999), 'mean_duration_us': np.float64(9.999), 'median_duration_us': np.float64(9.999), 'std_dev_duration_us': np.float64(0.0), 'min_duration_us': np.float64(9.999), 'max_duration_us': np.float64(9.999)}]","[{'name': 'void at::native::vectorized_elementwise_kernel<4, at::native::bf...', 'stream': 0, 'mean_duration_us': np.float64(10.0)}]","{'op_shape': (6437904,), 'dtype_in_out': ('c10::BFloat16', 'float'), 'stride_input': (1,), 'stride_output': (1,)}",True,8.424365189612919e-05,99.99934840550726,elementwise,elementwise
aten::mul,elementwise,python,CPU,thread 166178 (python),"((24,), ())","('float', 'double')","((1,), ())","('', '')",137926,2,18.244,9.122,4.446287440101011,2.4e-08,0.0001907348632812,0.12,vector_fp32,4.8090861975806896e-05,6.547172384429075e-07,5.770903437096828e-06,7.856606861314813e-08,4.1591796875,0.056623785212204,8.318359375,9.122,5.978,12.266,4.8090861975806896e-05,4.7627906976744186e-05,4.8553816974869606e-05,5.770903437096828e-06,5.715348837209303e-06,5.826458036984352e-06,4.1591796875,4.119140625,4.19921875,"[{'name': 'void at::native::vectorized_elementwise_kernel<4, at::native::AUnaryFunctor<float, float, float, at::native::binary_internal::MulFunctor<float> >, std::array<char*, 2ul> >(int, at::native::AUnaryFunctor<float, float, float, at::native::binary_internal::MulFunctor<float> >, std::array<char*, 2ul>)', 'stream': 0, 'count': 2, 'total_duration_us': np.float64(8.318), 'mean_duration_us': np.float64(4.159), 'median_duration_us': np.float64(4.159), 'std_dev_duration_us': np.float64(0.040000000000000036), 'min_duration_us': np.float64(4.119), 'max_duration_us': np.float64(4.199)}]","[{'name': 'void at::native::vectorized_elementwise_kernel<4, at::native::AU...', 'stream': 0, 'mean_duration_us': np.float64(4.16)}]","{'shape_in1': (24,), 'shape_in2': (), 'dtype_in1_in2_out': ('float', 'double', None), 'stride_input1': (1,), 'stride_input2': (), 'stride_output': None}",True,7.008374126879855e-05,99.99949262102932,elementwise,elementwise
aten::fill_,elementwise,python,CPU,thread 166178 (python),"((1,), ())","('int', 'Scalar')","((1,), ())","('', '0')",136338,3,36.298,12.099333333333334,7.226386118478124,,,,,,,,,2.7587890625,0.2001953125,8.2763671875,8.872,7.049,20.377,,,,,,,2.7587890625,2.55859375,2.958984375,"[{'name': 'void at::native::vectorized_elementwise_kernel<4, at::native::FillFunctor<int>, std::array<char*, 1ul> >(int, at::native::FillFunctor<int>, std::array<char*, 1ul>)', 'stream': 0, 'count': 3, 'total_duration_us': np.float64(8.277000000000001), 'mean_duration_us': np.float64(2.7590000000000003), 'median_duration_us': np.float64(2.759), 'std_dev_duration_us': np.float64(0.16329931618554516), 'min_duration_us': np.float64(2.559), 'max_duration_us': np.float64(2.959)}]","[{'name': 'void at::native::vectorized_elementwise_kernel<4, at::native::Fi...', 'stream': 0, 'mean_duration_us': np.float64(2.76)}]",,False,6.972994919618076e-05,99.99956235097852,elementwise,elementwise
aten::add_,elementwise,python,CPU,thread 166178 (python),"((1,), (), ())","('float', 'float', 'Scalar')","((1,), (), ())","('', '', '1')",137933,2,13.849,6.9245,1.791101476745525,1e-09,1.1444091796875e-05,0.0833333333333333,vector_fp32,2.95813236498628e-06,1.031641208373595e-07,2.465110304155233e-07,8.597010069779922e-09,4.05908203125,0.14155946303051,8.1181640625,6.9245,5.658,8.191,2.95813236498628e-06,2.8851843155670347e-06,3.031080414405525e-06,2.465110304155233e-07,2.404320262972529e-07,2.5259003453379374e-07,4.05908203125,3.958984375,4.1591796875,"[{'name': 'void at::native::vectorized_elementwise_kernel<4, at::native::CUDAFunctor_add<float>, std::array<char*, 3ul> >(int, at::native::CUDAFunctor_add<float>, std::array<char*, 3ul>)', 'stream': 0, 'count': 2, 'total_duration_us': np.float64(8.118), 'mean_duration_us': np.float64(4.059), 'median_duration_us': np.float64(4.059), 'std_dev_duration_us': np.float64(0.09999999999999987), 'min_duration_us': np.float64(3.959), 'max_duration_us': np.float64(4.159)}]","[{'name': 'void at::native::vectorized_elementwise_kernel<4, at::native::CU...', 'stream': 0, 'mean_duration_us': np.float64(4.06)}]","{'shape_in1': (1,), 'shape_in2': (), 'dtype_in1_in2_out': ('float', 'float', None), 'stride_input1': (1,), 'stride_input2': (), 'stride_output': None}",True,6.839705813189978e-05,99.99963074803664,elementwise,elementwise
aten::fill_,elementwise,python,CPU,thread 166178 (python),"((24,), ())","('float', 'Scalar')","((1,), ())","('', '0')",137940,2,10.935,5.467499999999999,1.7416040020624663,,,,,,,,,3.77880859375,0.311430818667122,7.5576171875,5.467499999999999,4.236,6.699,,,,,,,3.77880859375,3.55859375,3.9990234375,"[{'name': 'void at::native::vectorized_elementwise_kernel<4, at::native::FillFunctor<float>, std::array<char*, 1ul> >(int, at::native::FillFunctor<float>, std::array<char*, 1ul>)', 'stream': 0, 'count': 2, 'total_duration_us': np.float64(7.558), 'mean_duration_us': np.float64(3.779), 'median_duration_us': np.float64(3.779), 'std_dev_duration_us': np.float64(0.21999999999999997), 'min_duration_us': np.float64(3.559), 'max_duration_us': np.float64(3.999)}]","[{'name': 'void at::native::vectorized_elementwise_kernel<4, at::native::Fi...', 'stream': 0, 'mean_duration_us': np.float64(3.78)}]",,False,6.367434534858324e-05,99.999694422382,elementwise,elementwise
aten::pow,elementwise,python,CPU,thread 166178 (python),"((1,), ())","('float', 'Scalar')","((1,), ())","('', '2.')",136346,1,22.971,22.971,,,,,,,,,,5.0390625,,5.0390625,22.971,22.971,22.971,,,,,,,5.0390625,5.0390625,5.0390625,"[{'name': 'void at::native::vectorized_elementwise_kernel<4, at::native::(anonymous namespace)::pow_tensor_scalar_kernel_impl<float, float>(at::TensorIteratorBase&, float)::{lambda(float)#1}, std::array<char*, 2ul> >(int, at::native::(anonymous namespace)::pow_tensor_scalar_kernel_impl<float, float>(at::TensorIteratorBase&, float)::{lambda(float)#1}, std::array<char*, 2ul>)', 'stream': 0, 'count': 1, 'total_duration_us': np.float64(5.039), 'mean_duration_us': np.float64(5.039), 'median_duration_us': np.float64(5.039), 'std_dev_duration_us': np.float64(0.0), 'min_duration_us': np.float64(5.039), 'max_duration_us': np.float64(5.039)}]","[{'name': 'void at::native::vectorized_elementwise_kernel<4, at::native::(a...', 'stream': 0, 'mean_duration_us': np.float64(5.04)}]",,False,4.245504871413485e-05,99.99978472986548,elementwise,elementwise
aten::copy_,elementwise,python,CPU,thread 166178 (python),"((2880,), (2880,), ())","('c10::BFloat16', 'float', 'Scalar')","((1,), (1,), ())","('', '', 'False')",136956,1,5.177,5.177,,2.88e-06,0.0164794921875,0.1666666666666666,vector_bf16,0.0042782205029013,,0.0007130367504835,,4.0390625,,4.0390625,5.177,5.177,5.177,0.0042782205029013,0.0042782205029013,0.0042782205029013,0.0007130367504835,0.0007130367504835,0.0007130367504835,4.0390625,4.0390625,4.0390625,"[{'name': 'void at::native::vectorized_elementwise_kernel<4, at::native::bfloat16_copy_kernel_cuda(at::TensorIteratorBase&)::{lambda(float)#1}, std::array<char*, 2ul> >(int, at::native::bfloat16_copy_kernel_cuda(at::TensorIteratorBase&)::{lambda(float)#1}, std::array<char*, 2ul>)', 'stream': 0, 'count': 1, 'total_duration_us': np.float64(4.039), 'mean_duration_us': np.float64(4.039), 'median_duration_us': np.float64(4.039), 'std_dev_duration_us': np.float64(0.0), 'min_duration_us': np.float64(4.039), 'max_duration_us': np.float64(4.039)}]","[{'name': 'void at::native::vectorized_elementwise_kernel<4, at::native::bf...', 'stream': 0, 'mean_duration_us': np.float64(4.04)}]","{'op_shape': (2880,), 'dtype_in_out': ('c10::BFloat16', 'float'), 'stride_input': (1,), 'stride_output': (1,)}",True,3.402986075226002e-05,99.99981875972622,elementwise,elementwise
aten::fill_,elementwise,python,CPU,thread 166178 (python),"((), ())","('int', 'Scalar')","((), ())","('', '0')",8,1,7.32,7.32,,,,,,,,,,3.55859375,,3.55859375,7.32,7.32,7.32,,,,,,,3.55859375,3.55859375,3.55859375,"[{'name': 'void at::native::vectorized_elementwise_kernel<4, at::native::FillFunctor<int>, std::array<char*, 1ul> >(int, at::native::FillFunctor<int>, std::array<char*, 1ul>)', 'stream': 0, 'count': 1, 'total_duration_us': np.float64(3.559), 'mean_duration_us': np.float64(3.559), 'median_duration_us': np.float64(3.559), 'std_dev_duration_us': np.float64(0.0), 'min_duration_us': np.float64(3.559), 'max_duration_us': np.float64(3.559)}]","[{'name': 'void at::native::vectorized_elementwise_kernel<4, at::native::Fi...', 'stream': 0, 'mean_duration_us': np.float64(3.56)}]",,False,2.9981821223702976e-05,99.9999124158928,elementwise,elementwise
aten::add,elementwise,python,CPU,thread 166178 (python),"((1,), (), ())","('float', 'float', 'Scalar')","((1,), (), ())","('', '', '1')",137897,1,12.788,12.788,,1e-09,1.1444091796875e-05,0.0833333333333333,vector_fp32,4.413793103448276e-06,,3.67816091954023e-07,,2.71875,,2.71875,12.788,12.788,12.788,4.413793103448276e-06,4.413793103448276e-06,4.413793103448276e-06,3.67816091954023e-07,3.67816091954023e-07,3.67816091954023e-07,2.71875,2.71875,2.71875,"[{'name': 'void at::native::vectorized_elementwise_kernel<4, at::native::CUDAFunctor_add<float>, std::array<char*, 3ul> >(int, at::native::CUDAFunctor_add<float>, std::array<char*, 3ul>)', 'stream': 0, 'count': 1, 'total_duration_us': np.float64(2.719), 'mean_duration_us': np.float64(2.719), 'median_duration_us': np.float64(2.719), 'std_dev_duration_us': np.float64(0.0), 'min_duration_us': np.float64(2.719), 'max_duration_us': np.float64(2.719)}]","[{'name': 'void at::native::vectorized_elementwise_kernel<4, at::native::CU...', 'stream': 0, 'mean_duration_us': np.float64(2.72)}]","{'shape_in1': (1,), 'shape_in2': (), 'dtype_in1_in2_out': ('float', 'float', None), 'stride_input1': (1,), 'stride_input2': (), 'stride_output': None}",True,2.290597977134717e-05,99.999961263882,elementwise,elementwise
aten::div,elementwise,python,CPU,thread 166178 (python),"((), ())","('float', 'float')","((), ())","('', '')",137886,1,13.939,13.939,,1e-09,1.1444091796875e-05,0.0833333333333333,vector_fp32,4.764637456378441e-06,,3.970531213648701e-07,,2.5185546875,,2.5185546875,13.939,13.939,13.939,4.764637456378441e-06,4.764637456378441e-06,4.764637456378441e-06,3.970531213648701e-07,3.970531213648701e-07,3.970531213648701e-07,2.5185546875,2.5185546875,2.5185546875,"[{'name': 'void at::native::unrolled_elementwise_kernel<at::native::BinaryFunctor<float, float, float, at::native::binary_internal::DivFunctor<float> >, std::array<char*, 3ul>, 4, TrivialOffsetCalculator<2, unsigned int>, TrivialOffsetCalculator<1, unsigned int>, at::native::memory::LoadWithoutCast, at::native::memory::StoreWithoutCast>(int, at::native::BinaryFunctor<float, float, float, at::native::binary_internal::DivFunctor<float> >, std::array<char*, 3ul>, TrivialOffsetCalculator<2, unsigned int>, TrivialOffsetCalculator<1, unsigned int>, at::native::memory::LoadWithoutCast, at::native::memory::StoreWithoutCast)', 'stream': 0, 'count': 1, 'total_duration_us': np.float64(2.519), 'mean_duration_us': np.float64(2.519), 'median_duration_us': np.float64(2.519), 'std_dev_duration_us': np.float64(0.0), 'min_duration_us': np.float64(2.519), 'max_duration_us': np.float64(2.519)}]","[{'name': 'void at::native::unrolled_elementwise_kernel<at::native::BinaryF...', 'stream': 0, 'mean_duration_us': np.float64(2.52)}]","{'shape_in1': (), 'shape_in2': (), 'dtype_in1_in2_out': ('float', 'float', None), 'stride_input1': (), 'stride_input2': (), 'stride_output': None}",True,2.12192966344484e-05,99.99998248317864,elementwise,elementwise
aten::fill_,elementwise,python,CPU,thread 166178 (python),"((320,), ())","('float', 'Scalar')","((1,), ())","('', '0')",136342,1,7.25,7.25,,,,,,,,,,2.0791015625,,2.0791015625,7.25,7.25,7.25,,,,,,,2.0791015625,2.0791015625,2.0791015625,"[{'name': 'void at::native::vectorized_elementwise_kernel<4, at::native::FillFunctor<float>, std::array<char*, 1ul> >(int, at::native::FillFunctor<float>, std::array<char*, 1ul>)', 'stream': 0, 'count': 1, 'total_duration_us': np.float64(2.079), 'mean_duration_us': np.float64(2.079), 'median_duration_us': np.float64(2.079), 'std_dev_duration_us': np.float64(0.0), 'min_duration_us': np.float64(2.079), 'max_duration_us': np.float64(2.079)}]","[{'name': 'void at::native::vectorized_elementwise_kernel<4, at::native::Fi...', 'stream': 0, 'mean_duration_us': np.float64(2.08)}]",,False,1.751682145589013e-05,100.00000000000009,elementwise,elementwise
