name,op category,process_name,process_label,thread_name,Input Dims,Input type,Input Strides,Concrete Inputs,ex_UID,operation_count,total_duration_us,mean_duration_us,std_duration_us,GFLOPS,Data Moved (MB),FLOPS/Byte,Compute Spec,TB/s_mean,TB/s_std,TFLOPS/s_mean,TFLOPS/s_std,Kernel Time (µs)_mean,Kernel Time (µs)_std,Kernel Time (µs)_sum,duration_us_median,duration_us_min,duration_us_max,TB/s_median,TB/s_min,TB/s_max,TFLOPS/s_median,TFLOPS/s_min,TFLOPS/s_max,Kernel Time (µs)_median,Kernel Time (µs)_min,Kernel Time (µs)_max,kernel_details_summary,trunc_kernel_details,perf_params,has_perf_model,Percentage (%),Cumulative Percentage (%),enhanced_category,display_name
AiterFlashAttnFuncBackward,other,python,CPU,thread 166796 (pt_autograd_0),"((8, 4096, 64, 64),)","('c10::BFloat16',)","((4096, 32768, 64, 1),)","('',)",138810,192,81793.099,426.00572395833336,37.63481429066756,,,,,,,,,14052.082290649414,150.45036929190468,2697999.7998046875,415.729,393.979,631.264,,,,,,,14034.1875,13732.203125,14415.5302734375,"[{'name': 'void at::native::vectorized_elementwise_kernel<4, at::native::FillFunctor<float>, std::array<char*, 1ul> >(int, at::native::FillFunctor<float>, std::array<char*, 1ul>)', 'stream': 0, 'count': 192, 'total_duration_us': np.float64(1283.1770000000001), 'mean_duration_us': np.float64(6.683213541666667), 'median_duration_us': np.float64(6.058999999999999), 'std_dev_duration_us': np.float64(1.9636465337754374), 'min_duration_us': np.float64(3.839), 'max_duration_us': np.float64(14.159)}, {'name': 'void at::native::vectorized_elementwise_kernel<8, at::native::FillFunctor<c10::BFloat16>, std::array<char*, 1ul> >(int, at::native::FillFunctor<c10::BFloat16>, std::array<char*, 1ul>)', 'stream': 0, 'count': 192, 'total_duration_us': np.float64(6587.387), 'mean_duration_us': np.float64(34.30930729166666), 'median_duration_us': np.float64(34.16), 'std_dev_duration_us': np.float64(1.669098092393064), 'min_duration_us': np.float64(32.119), 'max_duration_us': np.float64(53.72)}, {'name': 'void at::native::vectorized_elementwise_kernel<4, at::native::FillFunctor<float>, std::array<char*, 1ul> >(int, at::native::FillFunctor<float>, std::array<char*, 1ul>)', 'stream': 0, 'count': 192, 'total_duration_us': np.float64(1384.2620000000002), 'mean_duration_us': np.float64(7.209697916666667), 'median_duration_us': np.float64(6.599), 'std_dev_duration_us': np.float64(1.6550028330778348), 'min_duration_us': np.float64(5.239), 'max_duration_us': np.float64(11.519)}, {'name': '_bwd_preprocess_BLOCK_M_128_BLOCK_D_MODEL_64_IS_VARLEN_0_IS_FP8_0', 'stream': 0, 'count': 192, 'total_duration_us': np.float64(28652.476), 'mean_duration_us': np.float64(149.23164583333332), 'median_duration_us': np.float64(145.36), 'std_dev_duration_us': np.float64(11.874733548746795), 'min_duration_us': np.float64(131.441), 'max_duration_us': np.float64(191.481)}, {'name': 'bwd_kernel_causal_BLOCK_M1_32_BLOCK_N1_128_BLOCK_M2_128_BLOCK_N2_32_BLK_SLICE_FACTOR_2_HEAD_DIM_64_ENABLE_DROPOUT_0_IS_VARLEN_0_USE_ALIBI_0_USE_EXP2_1_IS_FP8_0_USE_INT64_STRIDES_0_ENABLE_SINK_1', 'stream': 0, 'count': 192, 'total_duration_us': np.float64(2660092.49), 'mean_duration_us': np.float64(13854.648385416667), 'median_duration_us': np.float64(13844.349), 'std_dev_duration_us': np.float64(147.9878803426124), 'min_duration_us': np.float64(13549.526), 'max_duration_us': np.float64(14232.133)}]","[{'name': 'void at::native::vectorized_elementwise_kernel<4, at::native::Fi...', 'stream': 0, 'mean_duration_us': np.float64(6.68)}, {'name': 'void at::native::vectorized_elementwise_kernel<8, at::native::Fi...', 'stream': 0, 'mean_duration_us': np.float64(34.31)}, {'name': 'void at::native::vectorized_elementwise_kernel<4, at::native::Fi...', 'stream': 0, 'mean_duration_us': np.float64(7.21)}, {'name': '_bwd_preprocess_BLOCK_M_128_BLOCK_D_MODEL_64_IS_VARLEN_0_IS_FP8_...', 'stream': 0, 'mean_duration_us': np.float64(149.23)}, {'name': 'bwd_kernel_causal_BLOCK_M1_32_BLOCK_N1_128_BLOCK_M2_128_BLOCK_N2...', 'stream': 0, 'mean_duration_us': np.float64(13854.65)}]",,False,22.73115543445513,22.73115543445513,other,other
_GroupedLinearBackward,other,python,CPU,thread 166796 (pt_autograd_0),"((131072, 5760),)","('c10::BFloat16',)","((5760, 1),)","('',)",138295,192,71093.897,370.2807135416666,32.36778410212707,,,,,,,,,7724.689682006836,114.47895666416824,1483140.4189453125,362.927,330.262,560.527,,,,,,,7750.79150390625,7142.3837890625,7884.912109375,"[{'name': 'Cijk_Ailk_Bljk_BBS_BH_Bias_HA_S_SAV_UserArgs_MT256x256x64_MI16x16x1_CMS_SN_LDSB0_AFC1_AFEM1_AFEM1_ASEM1_CLR1_CADS0_DTLA1_DTLB1_DTVA0_DTVB0_EPS0_FDSI0_GRPM1_GRVWA8_GRVWB8_GSU0_GSUAMB_GLS0_ISA950_IU1_K1_LBSPPA4096_LBSPPB1024_LBSPPM0_LPA0_LPB16_LPM0_LRVW8_LWPMn1_MIAV0_MIWT8_8_MO40_NTn1_NTA0_NTB0_NTC0_NTD4_NTM0_NEPBS0_NLCA1_NLCB1_ONLL1_PGR2_PLR1_PKA1_SIA3_SS1_SPO0_SRVW0_SSO0_SVW8_SK3_SKXCCM0_TLDS1_ULSGRO0_USL1_UIOFGRO0_USFGRO0_VSn1_VWA8_VWB8_WSGRA0_WSGRB0_WS64_WG32_8_1', 'stream': 16, 'count': 192, 'total_duration_us': np.float64(265921.635), 'mean_duration_us': np.float64(1385.008515625), 'median_duration_us': np.float64(1392.6125), 'std_dev_duration_us': np.float64(56.52483677488011), 'min_duration_us': np.float64(702.406), 'max_duration_us': np.float64(1462.933)}, {'name': 'Cijk_Ailk_Bljk_BBS_BH_Bias_HA_S_SAV_UserArgs_MT256x256x64_MI16x16x1_CMS_SN_LDSB0_AFC1_AFEM1_AFEM1_ASEM1_CLR1_CADS0_DTLA1_DTLB1_DTVA0_DTVB0_EPS0_FDSI0_GRPM1_GRVWA8_GRVWB8_GSU0_GSUAMB_GLS0_ISA950_IU1_K1_LBSPPA4096_LBSPPB1024_LBSPPM0_LPA0_LPB16_LPM0_LRVW8_LWPMn1_MIAV0_MIWT8_8_MO40_NTn1_NTA0_NTB0_NTC0_NTD4_NTM0_NEPBS0_NLCA1_NLCB1_ONLL1_PGR2_PLR1_PKA1_SIA3_SS1_SPO0_SRVW0_SSO0_SVW8_SK3_SKXCCM0_TLDS1_ULSGRO0_USL1_UIOFGRO0_USFGRO0_VSn1_VWA8_VWB8_WSGRA0_WSGRB0_WS64_WG32_8_1', 'stream': 17, 'count': 192, 'total_duration_us': np.float64(266146.83999999997), 'mean_duration_us': np.float64(1386.1814583333332), 'median_duration_us': np.float64(1387.8519999999999), 'std_dev_duration_us': np.float64(27.417058618113966), 'min_duration_us': np.float64(1286.452), 'max_duration_us': np.float64(1449.773)}, {'name': 'Cijk_Ailk_Bljk_BBS_BH_Bias_HA_S_SAV_UserArgs_MT256x256x64_MI16x16x1_CMS_SN_LDSB0_AFC1_AFEM1_AFEM1_ASEM1_CLR1_CADS0_DTLA1_DTLB1_DTVA0_DTVB0_EPS0_FDSI0_GRPM1_GRVWA8_GRVWB8_GSU0_GSUAMB_GLS0_ISA950_IU1_K1_LBSPPA4096_LBSPPB1024_LBSPPM0_LPA0_LPB16_LPM0_LRVW8_LWPMn1_MIAV0_MIWT8_8_MO40_NTn1_NTA0_NTB0_NTC0_NTD4_NTM0_NEPBS0_NLCA1_NLCB1_ONLL1_PGR2_PLR1_PKA1_SIA3_SS1_SPO0_SRVW0_SSO0_SVW8_SK3_SKXCCM0_TLDS1_ULSGRO0_USL1_UIOFGRO0_USFGRO0_VSn1_VWA8_VWB8_WSGRA0_WSGRB0_WS64_WG32_8_1', 'stream': 18, 'count': 192, 'total_duration_us': np.float64(201855.457), 'mean_duration_us': np.float64(1051.3305052083333), 'median_duration_us': np.float64(770.1859999999999), 'std_dev_duration_us': np.float64(345.94665889284863), 'min_duration_us': np.float64(657.165), 'max_duration_us': np.float64(1494.373)}, {'name': 'Cijk_Ailk_Bljk_BBS_BH_Bias_HA_S_SAV_UserArgs_MT256x256x64_MI16x16x1_CMS_SN_LDSB0_AFC1_AFEM1_AFEM1_ASEM1_CLR1_CADS0_DTLA1_DTLB1_DTVA0_DTVB0_EPS0_FDSI0_GRPM1_GRVWA8_GRVWB8_GSU0_GSUAMB_GLS0_ISA950_IU1_K1_LBSPPA4096_LBSPPB1024_LBSPPM0_LPA0_LPB16_LPM0_LRVW8_LWPMn1_MIAV0_MIWT8_8_MO40_NTn1_NTA0_NTB0_NTC0_NTD4_NTM0_NEPBS0_NLCA1_NLCB1_ONLL1_PGR2_PLR1_PKA1_SIA3_SS1_SPO0_SRVW0_SSO0_SVW8_SK3_SKXCCM0_TLDS1_ULSGRO0_USL1_UIOFGRO0_USFGRO0_VSn1_VWA8_VWB8_WSGRA0_WSGRB0_WS64_WG32_8_1', 'stream': 19, 'count': 192, 'total_duration_us': np.float64(221121.88199999998), 'mean_duration_us': np.float64(1151.67646875), 'median_duration_us': np.float64(1390.712), 'std_dev_duration_us': np.float64(339.375709160292), 'min_duration_us': np.float64(678.005), 'max_duration_us': np.float64(1494.853)}, {'name': 'Cijk_Ailk_Bjlk_BBS_BH_Bias_HA_S_SAV_UserArgs_MT192x192x64_MI16x16x1_SN_LDSB0_AFC1_AFEM1_AFEM1_ASEM1_CLR1_CADS0_DTLA0_DTLB0_DTVA0_DTVB0_EPS0_FDSI0_GRPM1_GRVWA8_GRVWB8_GSU0_GSUAMB_GLS0_ISA950_IU1_K1_LBSPPA3072_LBSPPB3072_LBSPPM0_LPA32_LPB32_LPM0_LRVW8_LWPMn1_MIAV0_MIWT6_6_MO40_NTn1_NTA0_NTB0_NTC0_NTD0_NTM0_NEPBS0_NLCA3_NLCB3_ONLL1_PGR2_PLR1_PKA1_SIA3_SS1_SPO0_SRVW0_SSO0_SVW2_SK3_SKXCCM8_TLDS0_ULSGRO0_USL1_UIOFGRO0_USFGRO0_VSn1_VWA2_VWB2_WSGRA0_WSGRB0_WS64_WG32_8_1', 'stream': 16, 'count': 192, 'total_duration_us': np.float64(474416.588), 'mean_duration_us': np.float64(2470.9197291666665), 'median_duration_us': np.float64(2492.0024999999996), 'std_dev_duration_us': np.float64(101.29370826030888), 'min_duration_us': np.float64(1854.776), 'max_duration_us': np.float64(2584.943)}, {'name': 'Cijk_Ailk_Bjlk_BBS_BH_Bias_HA_S_SAV_UserArgs_MT192x192x64_MI16x16x1_SN_LDSB0_AFC1_AFEM1_AFEM1_ASEM1_CLR1_CADS0_DTLA0_DTLB0_DTVA0_DTVB0_EPS0_FDSI0_GRPM1_GRVWA8_GRVWB8_GSU0_GSUAMB_GLS0_ISA950_IU1_K1_LBSPPA3072_LBSPPB3072_LBSPPM0_LPA32_LPB32_LPM0_LRVW8_LWPMn1_MIAV0_MIWT6_6_MO40_NTn1_NTA0_NTB0_NTC0_NTD0_NTM0_NEPBS0_NLCA3_NLCB3_ONLL1_PGR2_PLR1_PKA1_SIA3_SS1_SPO0_SRVW0_SSO0_SVW2_SK3_SKXCCM8_TLDS0_ULSGRO0_USL1_UIOFGRO0_USFGRO0_VSn1_VWA2_VWB2_WSGRA0_WSGRB0_WS64_WG32_8_1', 'stream': 17, 'count': 192, 'total_duration_us': np.float64(473228.382), 'mean_duration_us': np.float64(2464.73115625), 'median_duration_us': np.float64(2490.8824999999997), 'std_dev_duration_us': np.float64(116.18237006142614), 'min_duration_us': np.float64(1830.896), 'max_duration_us': np.float64(2599.344)}, {'name': 'Cijk_Ailk_Bjlk_BBS_BH_Bias_HA_S_SAV_UserArgs_MT192x192x64_MI16x16x1_SN_LDSB0_AFC1_AFEM1_AFEM1_ASEM1_CLR1_CADS0_DTLA0_DTLB0_DTVA0_DTVB0_EPS0_FDSI0_GRPM1_GRVWA8_GRVWB8_GSU0_GSUAMB_GLS0_ISA950_IU1_K1_LBSPPA3072_LBSPPB3072_LBSPPM0_LPA32_LPB32_LPM0_LRVW8_LWPMn1_MIAV0_MIWT6_6_MO40_NTn1_NTA0_NTB0_NTC0_NTD0_NTM0_NEPBS0_NLCA3_NLCB3_ONLL1_PGR2_PLR1_PKA1_SIA3_SS1_SPO0_SRVW0_SSO0_SVW2_SK3_SKXCCM8_TLDS0_ULSGRO0_USL1_UIOFGRO0_USFGRO0_VSn1_VWA2_VWB2_WSGRA0_WSGRB0_WS64_WG32_8_1', 'stream': 18, 'count': 192, 'total_duration_us': np.float64(427071.23600000003), 'mean_duration_us': np.float64(2224.3293541666667), 'median_duration_us': np.float64(2398.5205), 'std_dev_duration_us': np.float64(260.8622215203475), 'min_duration_us': np.float64(1694.935), 'max_duration_us': np.float64(2507.143)}, {'name': 'Cijk_Ailk_Bjlk_BBS_BH_Bias_HA_S_SAV_UserArgs_MT192x192x64_MI16x16x1_SN_LDSB0_AFC1_AFEM1_AFEM1_ASEM1_CLR1_CADS0_DTLA0_DTLB0_DTVA0_DTVB0_EPS0_FDSI0_GRPM1_GRVWA8_GRVWB8_GSU0_GSUAMB_GLS0_ISA950_IU1_K1_LBSPPA3072_LBSPPB3072_LBSPPM0_LPA32_LPB32_LPM0_LRVW8_LWPMn1_MIAV0_MIWT6_6_MO40_NTn1_NTA0_NTB0_NTC0_NTD0_NTM0_NEPBS0_NLCA3_NLCB3_ONLL1_PGR2_PLR1_PKA1_SIA3_SS1_SPO0_SRVW0_SSO0_SVW2_SK3_SKXCCM8_TLDS0_ULSGRO0_USL1_UIOFGRO0_USFGRO0_VSn1_VWA2_VWB2_WSGRA0_WSGRB0_WS64_WG32_8_1', 'stream': 19, 'count': 192, 'total_duration_us': np.float64(408990.522), 'mean_duration_us': np.float64(2130.15896875), 'median_duration_us': np.float64(1942.1570000000002), 'std_dev_duration_us': np.float64(272.3256565553284), 'min_duration_us': np.float64(1707.535), 'max_duration_us': np.float64(2481.182)}]","[{'name': 'Cijk_Ailk_Bljk_BBS_BH_Bias_HA_S_SAV_UserArgs_MT256x256x64_MI16x1...', 'stream': 16, 'mean_duration_us': np.float64(1385.01)}, {'name': 'Cijk_Ailk_Bljk_BBS_BH_Bias_HA_S_SAV_UserArgs_MT256x256x64_MI16x1...', 'stream': 17, 'mean_duration_us': np.float64(1386.18)}, {'name': 'Cijk_Ailk_Bljk_BBS_BH_Bias_HA_S_SAV_UserArgs_MT256x256x64_MI16x1...', 'stream': 18, 'mean_duration_us': np.float64(1051.33)}, {'name': 'Cijk_Ailk_Bljk_BBS_BH_Bias_HA_S_SAV_UserArgs_MT256x256x64_MI16x1...', 'stream': 19, 'mean_duration_us': np.float64(1151.68)}, {'name': 'Cijk_Ailk_Bjlk_BBS_BH_Bias_HA_S_SAV_UserArgs_MT192x192x64_MI16x1...', 'stream': 16, 'mean_duration_us': np.float64(2470.92)}, {'name': 'Cijk_Ailk_Bjlk_BBS_BH_Bias_HA_S_SAV_UserArgs_MT192x192x64_MI16x1...', 'stream': 17, 'mean_duration_us': np.float64(2464.73)}, {'name': 'Cijk_Ailk_Bjlk_BBS_BH_Bias_HA_S_SAV_UserArgs_MT192x192x64_MI16x1...', 'stream': 18, 'mean_duration_us': np.float64(2224.33)}, {'name': 'Cijk_Ailk_Bjlk_BBS_BH_Bias_HA_S_SAV_UserArgs_MT192x192x64_MI16x1...', 'stream': 19, 'mean_duration_us': np.float64(2130.16)}]",,False,12.495736803468024,35.22689223792315,other,other
_GroupedLinearBackward,other,python,CPU,thread 166796 (pt_autograd_0),"((131072, 2880),)","('c10::BFloat16',)","((2880, 1),)","('',)",138241,192,71473.956,372.2601875,31.61724759515691,,,,,,,,,5052.77131652832,693.4971953705622,970132.0927734376,363.3375,335.69,529.915,,,,,,,4516.5400390625,4270.5576171875,6208.0986328125,"[{'name': 'Cijk_Ailk_Bljk_BBS_BH_Bias_HA_S_SAV_UserArgs_MT256x256x64_MI16x16x1_CMS_SN_LDSB0_AFC1_AFEM1_AFEM1_ASEM1_CLR1_CADS0_DTLA1_DTLB1_DTVA0_DTVB0_EPS0_FDSI0_GRPM1_GRVWA8_GRVWB8_GSU0_GSUAMB_GLS0_ISA950_IU1_K1_LBSPPA4096_LBSPPB1024_LBSPPM0_LPA0_LPB16_LPM0_LRVW8_LWPMn1_MIAV0_MIWT8_8_MO40_NTn1_NTA0_NTB0_NTC0_NTD4_NTM0_NEPBS0_NLCA1_NLCB1_ONLL1_PGR2_PLR1_PKA1_SIA3_SS1_SPO0_SRVW0_SSO0_SVW8_SK3_SKXCCM0_TLDS1_ULSGRO0_USL1_UIOFGRO0_USFGRO0_VSn1_VWA8_VWB8_WSGRA0_WSGRB0_WS64_WG32_8_1', 'stream': 16, 'count': 192, 'total_duration_us': np.float64(226325.185), 'mean_duration_us': np.float64(1178.7770052083333), 'median_duration_us': np.float64(874.668), 'std_dev_duration_us': np.float64(436.02538116710804), 'min_duration_us': np.float64(453.083), 'max_duration_us': np.float64(2135.019)}, {'name': 'Cijk_Ailk_Bljk_BBS_BH_Bias_HA_S_SAV_UserArgs_MT256x256x64_MI16x16x1_CMS_SN_LDSB0_AFC1_AFEM1_AFEM1_ASEM1_CLR1_CADS0_DTLA1_DTLB1_DTVA0_DTVB0_EPS0_FDSI0_GRPM1_GRVWA8_GRVWB8_GSU0_GSUAMB_GLS0_ISA950_IU1_K1_LBSPPA4096_LBSPPB1024_LBSPPM0_LPA0_LPB16_LPM0_LRVW8_LWPMn1_MIAV0_MIWT8_8_MO40_NTn1_NTA0_NTB0_NTC0_NTD4_NTM0_NEPBS0_NLCA1_NLCB1_ONLL1_PGR2_PLR1_PKA1_SIA3_SS1_SPO0_SRVW0_SSO0_SVW8_SK3_SKXCCM0_TLDS1_ULSGRO0_USL1_UIOFGRO0_USFGRO0_VSn1_VWA8_VWB8_WSGRA0_WSGRB0_WS64_WG32_8_1', 'stream': 17, 'count': 192, 'total_duration_us': np.float64(227290.266), 'mean_duration_us': np.float64(1183.80346875), 'median_duration_us': np.float64(870.1475), 'std_dev_duration_us': np.float64(430.7025495287455), 'min_duration_us': np.float64(818.847), 'max_duration_us': np.float64(1972.258)}, {'name': 'Cijk_Ailk_Bljk_BBS_BH_Bias_HA_S_SAV_UserArgs_MT256x256x64_MI16x16x1_CMS_SN_LDSB0_AFC1_AFEM1_AFEM1_ASEM1_CLR1_CADS0_DTLA1_DTLB1_DTVA0_DTVB0_EPS0_FDSI0_GRPM1_GRVWA8_GRVWB8_GSU0_GSUAMB_GLS0_ISA950_IU1_K1_LBSPPA4096_LBSPPB1024_LBSPPM0_LPA0_LPB16_LPM0_LRVW8_LWPMn1_MIAV0_MIWT8_8_MO40_NTn1_NTA0_NTB0_NTC0_NTD4_NTM0_NEPBS0_NLCA1_NLCB1_ONLL1_PGR2_PLR1_PKA1_SIA3_SS1_SPO0_SRVW0_SSO0_SVW8_SK3_SKXCCM0_TLDS1_ULSGRO0_USL1_UIOFGRO0_USFGRO0_VSn1_VWA8_VWB8_WSGRA0_WSGRB0_WS64_WG32_8_1', 'stream': 18, 'count': 192, 'total_duration_us': np.float64(183557.41700000002), 'mean_duration_us': np.float64(956.0282135416668), 'median_duration_us': np.float64(871.467), 'std_dev_duration_us': np.float64(423.8254456179838), 'min_duration_us': np.float64(433.763), 'max_duration_us': np.float64(2081.539)}, {'name': 'Cijk_Ailk_Bljk_BBS_BH_Bias_HA_S_SAV_UserArgs_MT256x256x64_MI16x16x1_CMS_SN_LDSB0_AFC1_AFEM1_AFEM1_ASEM1_CLR1_CADS0_DTLA1_DTLB1_DTVA0_DTVB0_EPS0_FDSI0_GRPM1_GRVWA8_GRVWB8_GSU0_GSUAMB_GLS0_ISA950_IU1_K1_LBSPPA4096_LBSPPB1024_LBSPPM0_LPA0_LPB16_LPM0_LRVW8_LWPMn1_MIAV0_MIWT8_8_MO40_NTn1_NTA0_NTB0_NTC0_NTD4_NTM0_NEPBS0_NLCA1_NLCB1_ONLL1_PGR2_PLR1_PKA1_SIA3_SS1_SPO0_SRVW0_SSO0_SVW8_SK3_SKXCCM0_TLDS1_ULSGRO0_USL1_UIOFGRO0_USFGRO0_VSn1_VWA8_VWB8_WSGRA0_WSGRB0_WS64_WG32_8_1', 'stream': 19, 'count': 192, 'total_duration_us': np.float64(191338.56300000002), 'mean_duration_us': np.float64(996.5550156250001), 'median_duration_us': np.float64(869.2874999999999), 'std_dev_duration_us': np.float64(411.1846539079122), 'min_duration_us': np.float64(445.443), 'max_duration_us': np.float64(2025.498)}, {'name': 'Cijk_Ailk_Bjlk_BBS_BH_Bias_HA_S_SAV_UserArgs_MT192x192x64_MI16x16x1_SN_LDSB0_AFC1_AFEM1_AFEM1_ASEM1_CLR1_CADS0_DTLA0_DTLB0_DTVA0_DTVB0_EPS0_FDSI0_GRPM1_GRVWA8_GRVWB8_GSU0_GSUAMB_GLS0_ISA950_IU1_K1_LBSPPA3072_LBSPPB3072_LBSPPM0_LPA32_LPB32_LPM0_LRVW8_LWPMn1_MIAV0_MIWT6_6_MO40_NTn1_NTA0_NTB0_NTC0_NTD0_NTM0_NEPBS0_NLCA3_NLCB3_ONLL1_PGR2_PLR1_PKA1_SIA3_SS1_SPO0_SRVW0_SSO0_SVW2_SK3_SKXCCM8_TLDS0_ULSGRO0_USL1_UIOFGRO0_USFGRO0_VSn1_VWA2_VWB2_WSGRA0_WSGRB0_WS64_WG32_8_1', 'stream': 16, 'count': 192, 'total_duration_us': np.float64(283768.23699999996), 'mean_duration_us': np.float64(1477.9595677083332), 'median_duration_us': np.float64(1447.473), 'std_dev_duration_us': np.float64(151.0634627553985), 'min_duration_us': np.float64(720.206), 'max_duration_us': np.float64(2280.181)}, {'name': 'Cijk_Ailk_Bjlk_BBS_BH_Bias_HA_S_SAV_UserArgs_MT192x192x64_MI16x16x1_SN_LDSB0_AFC1_AFEM1_AFEM1_ASEM1_CLR1_CADS0_DTLA0_DTLB0_DTVA0_DTVB0_EPS0_FDSI0_GRPM1_GRVWA8_GRVWB8_GSU0_GSUAMB_GLS0_ISA950_IU1_K1_LBSPPA3072_LBSPPB3072_LBSPPM0_LPA32_LPB32_LPM0_LRVW8_LWPMn1_MIAV0_MIWT6_6_MO40_NTn1_NTA0_NTB0_NTC0_NTD0_NTM0_NEPBS0_NLCA3_NLCB3_ONLL1_PGR2_PLR1_PKA1_SIA3_SS1_SPO0_SRVW0_SSO0_SVW2_SK3_SKXCCM8_TLDS0_ULSGRO0_USL1_UIOFGRO0_USFGRO0_VSn1_VWA2_VWB2_WSGRA0_WSGRB0_WS64_WG32_8_1', 'stream': 17, 'count': 192, 'total_duration_us': np.float64(281964.335), 'mean_duration_us': np.float64(1468.5642447916669), 'median_duration_us': np.float64(1444.673), 'std_dev_duration_us': np.float64(162.73112877271885), 'min_duration_us': np.float64(687.485), 'max_duration_us': np.float64(2045.138)}, {'name': 'Cijk_Ailk_Bjlk_BBS_BH_Bias_HA_S_SAV_UserArgs_MT192x192x64_MI16x16x1_SN_LDSB0_AFC1_AFEM1_AFEM1_ASEM1_CLR1_CADS0_DTLA0_DTLB0_DTVA0_DTVB0_EPS0_FDSI0_GRPM1_GRVWA8_GRVWB8_GSU0_GSUAMB_GLS0_ISA950_IU1_K1_LBSPPA3072_LBSPPB3072_LBSPPM0_LPA32_LPB32_LPM0_LRVW8_LWPMn1_MIAV0_MIWT6_6_MO40_NTn1_NTA0_NTB0_NTC0_NTD0_NTM0_NEPBS0_NLCA3_NLCB3_ONLL1_PGR2_PLR1_PKA1_SIA3_SS1_SPO0_SRVW0_SSO0_SVW2_SK3_SKXCCM8_TLDS0_ULSGRO0_USL1_UIOFGRO0_USFGRO0_VSn1_VWA2_VWB2_WSGRA0_WSGRB0_WS64_WG32_8_1', 'stream': 18, 'count': 192, 'total_duration_us': np.float64(207770.25), 'mean_duration_us': np.float64(1082.13671875), 'median_duration_us': np.float64(1231.5705), 'std_dev_duration_us': np.float64(278.0763765534159), 'min_duration_us': np.float64(598.884), 'max_duration_us': np.float64(1408.212)}, {'name': 'Cijk_Ailk_Bjlk_BBS_BH_Bias_HA_S_SAV_UserArgs_MT192x192x64_MI16x16x1_SN_LDSB0_AFC1_AFEM1_AFEM1_ASEM1_CLR1_CADS0_DTLA0_DTLB0_DTVA0_DTVB0_EPS0_FDSI0_GRPM1_GRVWA8_GRVWB8_GSU0_GSUAMB_GLS0_ISA950_IU1_K1_LBSPPA3072_LBSPPB3072_LBSPPM0_LPA32_LPB32_LPM0_LRVW8_LWPMn1_MIAV0_MIWT6_6_MO40_NTn1_NTA0_NTB0_NTC0_NTD0_NTM0_NEPBS0_NLCA3_NLCB3_ONLL1_PGR2_PLR1_PKA1_SIA3_SS1_SPO0_SRVW0_SSO0_SVW2_SK3_SKXCCM8_TLDS0_ULSGRO0_USL1_UIOFGRO0_USFGRO0_VSn1_VWA2_VWB2_WSGRA0_WSGRB0_WS64_WG32_8_1', 'stream': 19, 'count': 192, 'total_duration_us': np.float64(206041.142), 'mean_duration_us': np.float64(1073.1309479166666), 'median_duration_us': np.float64(1232.3905), 'std_dev_duration_us': np.float64(281.52918793842343), 'min_duration_us': np.float64(598.365), 'max_duration_us': np.float64(1426.333)}]","[{'name': 'Cijk_Ailk_Bljk_BBS_BH_Bias_HA_S_SAV_UserArgs_MT256x256x64_MI16x1...', 'stream': 16, 'mean_duration_us': np.float64(1178.78)}, {'name': 'Cijk_Ailk_Bljk_BBS_BH_Bias_HA_S_SAV_UserArgs_MT256x256x64_MI16x1...', 'stream': 17, 'mean_duration_us': np.float64(1183.8)}, {'name': 'Cijk_Ailk_Bljk_BBS_BH_Bias_HA_S_SAV_UserArgs_MT256x256x64_MI16x1...', 'stream': 18, 'mean_duration_us': np.float64(956.03)}, {'name': 'Cijk_Ailk_Bljk_BBS_BH_Bias_HA_S_SAV_UserArgs_MT256x256x64_MI16x1...', 'stream': 19, 'mean_duration_us': np.float64(996.56)}, {'name': 'Cijk_Ailk_Bjlk_BBS_BH_Bias_HA_S_SAV_UserArgs_MT192x192x64_MI16x1...', 'stream': 16, 'mean_duration_us': np.float64(1477.96)}, {'name': 'Cijk_Ailk_Bjlk_BBS_BH_Bias_HA_S_SAV_UserArgs_MT192x192x64_MI16x1...', 'stream': 17, 'mean_duration_us': np.float64(1468.56)}, {'name': 'Cijk_Ailk_Bjlk_BBS_BH_Bias_HA_S_SAV_UserArgs_MT192x192x64_MI16x1...', 'stream': 18, 'mean_duration_us': np.float64(1082.14)}, {'name': 'Cijk_Ailk_Bjlk_BBS_BH_Bias_HA_S_SAV_UserArgs_MT192x192x64_MI16x1...', 'stream': 19, 'mean_duration_us': np.float64(1073.13)}]",,False,8.173545229463192,43.40043746738635,other,other
_GroupedLinear,other,python,CPU,thread 166178 (python),"((131072, 2880), (), (), (), (), (), (), (), (), (), (), (), (), (), (), (), (), (5760, 2880), (5760, 2880), (5760, 2880), (5760, 2880), (0,), (0,), (0,), (0,))","('c10::BFloat16', 'ScalarList', 'Scalar', 'Scalar', 'Scalar', 'Scalar', '', '', '', '', 'Scalar', 'Scalar', 'Scalar', 'Scalar', '', 'Scalar', '', 'c10::BFloat16', 'c10::BFloat16', 'c10::BFloat16', 'c10::BFloat16', 'c10::BFloat16', 'c10::BFloat16', 'c10::BFloat16', 'c10::BFloat16')","((2880, 1), (), (), (), (), (), (), (), (), (), (), (), (), (), (), (), (), (2880, 1), (2880, 1), (2880, 1), (2880, 1), (1,), (1,), (1,), (1,))","('', '[32768, 32768, 32768, 32768]', 'False', 'False', 'False', 'False', '', '', '', '', 'False', 'False', 'False', 'True', '', 'False', '', '', '', '', '', '', '', '', '')",695,192,48724.546,253.77367708333333,42.55579660112016,,,,,,,,,3858.4939575195312,340.4057695055721,740830.83984375,235.6675,223.165,480.497,,,,,,,3864.57568359375,3087.34765625,5346.330078125,"[{'name': 'Cijk_Alik_Bljk_BBS_BH_Bias_HA_S_SAV_UserArgs_MT256x256x64_MI16x16x1_CMS_SN_LDSB0_AFC1_AFEM1_AFEM1_ASEM1_CLR1_CADS0_DTLA1_DTLB1_DTVA0_DTVB0_EPS0_FDSI0_GRPM1_GRVWA8_GRVWB8_GSU0_GSUAMB_GLS0_ISA950_IU1_K1_LBSPPA1024_LBSPPB1024_LBSPPM0_LPA16_LPB16_LPM0_LRVW8_LWPMn1_MIAV0_MIWT8_8_MO40_NTn1_NTA0_NTB0_NTC0_NTD4_NTM0_NEPBS0_NLCA1_NLCB1_ONLL1_PGR2_PLR1_PKA1_SIA3_SS1_SPO0_SRVW0_SSO0_SVW8_SK3_SKXCCM0_TLDS1_ULSGRO0_USL1_UIOFGRO0_USFGRO0_VSn1_VWA8_VWB8_WSGRA0_WSGRB0_WS64_WG32_8_1', 'stream': 16, 'count': 192, 'total_duration_us': np.float64(385449.387), 'mean_duration_us': np.float64(2007.548890625), 'median_duration_us': np.float64(2196.739), 'std_dev_duration_us': np.float64(502.3377529522732), 'min_duration_us': np.float64(778.127), 'max_duration_us': np.float64(3915.596)}, {'name': 'Cijk_Alik_Bljk_BBS_BH_Bias_HA_S_SAV_UserArgs_MT256x256x64_MI16x16x1_CMS_SN_LDSB0_AFC1_AFEM1_AFEM1_ASEM1_CLR1_CADS0_DTLA1_DTLB1_DTVA0_DTVB0_EPS0_FDSI0_GRPM1_GRVWA8_GRVWB8_GSU0_GSUAMB_GLS0_ISA950_IU1_K1_LBSPPA1024_LBSPPB1024_LBSPPM0_LPA16_LPB16_LPM0_LRVW8_LWPMn1_MIAV0_MIWT8_8_MO40_NTn1_NTA0_NTB0_NTC0_NTD4_NTM0_NEPBS0_NLCA1_NLCB1_ONLL1_PGR2_PLR1_PKA1_SIA3_SS1_SPO0_SRVW0_SSO0_SVW8_SK3_SKXCCM0_TLDS1_ULSGRO0_USL1_UIOFGRO0_USFGRO0_VSn1_VWA8_VWB8_WSGRA0_WSGRB0_WS64_WG32_8_1', 'stream': 17, 'count': 192, 'total_duration_us': np.float64(354369.74), 'mean_duration_us': np.float64(1845.6757291666665), 'median_duration_us': np.float64(1644.194), 'std_dev_duration_us': np.float64(613.5997852491234), 'min_duration_us': np.float64(770.566), 'max_duration_us': np.float64(3331.35)}, {'name': 'Cijk_Alik_Bljk_BBS_BH_Bias_HA_S_SAV_UserArgs_MT256x256x64_MI16x16x1_CMS_SN_LDSB0_AFC1_AFEM1_AFEM1_ASEM1_CLR1_CADS0_DTLA1_DTLB1_DTVA0_DTVB0_EPS0_FDSI0_GRPM1_GRVWA8_GRVWB8_GSU0_GSUAMB_GLS0_ISA950_IU1_K1_LBSPPA1024_LBSPPB1024_LBSPPM0_LPA16_LPB16_LPM0_LRVW8_LWPMn1_MIAV0_MIWT8_8_MO40_NTn1_NTA0_NTB0_NTC0_NTD4_NTM0_NEPBS0_NLCA1_NLCB1_ONLL1_PGR2_PLR1_PKA1_SIA3_SS1_SPO0_SRVW0_SSO0_SVW8_SK3_SKXCCM0_TLDS1_ULSGRO0_USL1_UIOFGRO0_USFGRO0_VSn1_VWA8_VWB8_WSGRA0_WSGRB0_WS64_WG32_8_1', 'stream': 18, 'count': 192, 'total_duration_us': np.float64(299071.562), 'mean_duration_us': np.float64(1557.6643854166666), 'median_duration_us': np.float64(1549.0725), 'std_dev_duration_us': np.float64(242.1397223482399), 'min_duration_us': np.float64(778.807), 'max_duration_us': np.float64(3021.387)}, {'name': 'Cijk_Alik_Bljk_BBS_BH_Bias_HA_S_SAV_UserArgs_MT256x256x64_MI16x16x1_CMS_SN_LDSB0_AFC1_AFEM1_AFEM1_ASEM1_CLR1_CADS0_DTLA1_DTLB1_DTVA0_DTVB0_EPS0_FDSI0_GRPM1_GRVWA8_GRVWB8_GSU0_GSUAMB_GLS0_ISA950_IU1_K1_LBSPPA1024_LBSPPB1024_LBSPPM0_LPA16_LPB16_LPM0_LRVW8_LWPMn1_MIAV0_MIWT8_8_MO40_NTn1_NTA0_NTB0_NTC0_NTD4_NTM0_NEPBS0_NLCA1_NLCB1_ONLL1_PGR2_PLR1_PKA1_SIA3_SS1_SPO0_SRVW0_SSO0_SVW8_SK3_SKXCCM0_TLDS1_ULSGRO0_USL1_UIOFGRO0_USFGRO0_VSn1_VWA8_VWB8_WSGRA0_WSGRB0_WS64_WG32_8_1', 'stream': 19, 'count': 192, 'total_duration_us': np.float64(302136.24899999995), 'mean_duration_us': np.float64(1573.6262968749998), 'median_duration_us': np.float64(1558.693), 'std_dev_duration_us': np.float64(215.8706854600457), 'min_duration_us': np.float64(808.246), 'max_duration_us': np.float64(2714.744)}]","[{'name': 'Cijk_Alik_Bljk_BBS_BH_Bias_HA_S_SAV_UserArgs_MT256x256x64_MI16x1...', 'stream': 16, 'mean_duration_us': np.float64(2007.55)}, {'name': 'Cijk_Alik_Bljk_BBS_BH_Bias_HA_S_SAV_UserArgs_MT256x256x64_MI16x1...', 'stream': 17, 'mean_duration_us': np.float64(1845.68)}, {'name': 'Cijk_Alik_Bljk_BBS_BH_Bias_HA_S_SAV_UserArgs_MT256x256x64_MI16x1...', 'stream': 18, 'mean_duration_us': np.float64(1557.66)}, {'name': 'Cijk_Alik_Bljk_BBS_BH_Bias_HA_S_SAV_UserArgs_MT256x256x64_MI16x1...', 'stream': 19, 'mean_duration_us': np.float64(1573.63)}]",,False,6.241639073637176,49.64207654102352,other,other
_LinearBackward,other,python,CPU,thread 166796 (pt_autograd_0),"((4096, 8, 5760),)","('c10::BFloat16',)","((46080, 5760, 1),)","('',)",138572,192,28567.112,148.78704166666668,8.791765907845804,,,,,,,,,3113.923151652018,1076.26975372209,597873.2451171875,147.2815,136.326,196.619,,,,,,,2441.060546875,2082.2978515625,6559.5380859375,"[{'name': 'Cijk_Ailk_Bljk_BBS_BH_Bias_HA_S_SAV_UserArgs_MT256x256x64_MI16x16x1_CMS_SN_LDSB0_AFC1_AFEM1_AFEM1_ASEM1_CLR1_CADS0_DTLA1_DTLB1_DTVA0_DTVB0_EPS0_FDSI0_GRPM1_GRVWA8_GRVWB8_GSU0_GSUAMB_GLS0_ISA950_IU1_K1_LBSPPA4096_LBSPPB1024_LBSPPM0_LPA0_LPB16_LPM0_LRVW8_LWPMn1_MIAV0_MIWT8_8_MO40_NTn1_NTA0_NTB0_NTC0_NTD4_NTM0_NEPBS0_NLCA1_NLCB1_ONLL1_PGR2_PLR1_PKA1_SIA3_SS1_SPO0_SRVW0_SSO0_SVW8_SK3_SKXCCM0_TLDS1_ULSGRO0_USL1_UIOFGRO0_USFGRO0_VSn1_VWA8_VWB8_WSGRA0_WSGRB0_WS64_WG32_8_1', 'stream': 42, 'count': 192, 'total_duration_us': np.float64(212851.09), 'mean_duration_us': np.float64(1108.5994270833332), 'median_duration_us': np.float64(811.1865), 'std_dev_duration_us': np.float64(335.0023735135676), 'min_duration_us': np.float64(801.487), 'max_duration_us': np.float64(1572.414)}, {'name': 'Cijk_Ailk_Bjlk_BBS_BH_Bias_HA_S_SAV_UserArgs_MT192x192x64_MI16x16x1_SN_LDSB0_AFC1_AFEM1_AFEM1_ASEM1_CLR1_CADS0_DTLA0_DTLB0_DTVA0_DTVB0_EPS0_FDSI0_GRPM1_GRVWA8_GRVWB8_GSU0_GSUAMB_GLS0_ISA950_IU1_K1_LBSPPA3072_LBSPPB3072_LBSPPM0_LPA32_LPB32_LPM0_LRVW8_LWPMn1_MIAV0_MIWT6_6_MO40_NTn1_NTA0_NTB0_NTC0_NTD0_NTM0_NEPBS0_NLCA3_NLCB3_ONLL1_PGR2_PLR1_PKA1_SIA3_SS1_SPO0_SRVW0_SSO0_SVW2_SK3_SKXCCM8_TLDS0_ULSGRO0_USL1_UIOFGRO0_USFGRO0_VSn1_VWA2_VWB2_WSGRA0_WSGRB0_WS64_WG32_8_1', 'stream': 42, 'count': 192, 'total_duration_us': np.float64(385022.147), 'mean_duration_us': np.float64(2005.3236822916667), 'median_duration_us': np.float64(1406.1725000000001), 'std_dev_duration_us': np.float64(759.5334666697189), 'min_duration_us': np.float64(1277.851), 'max_duration_us': np.float64(4995.686)}]","[{'name': 'Cijk_Ailk_Bljk_BBS_BH_Bias_HA_S_SAV_UserArgs_MT256x256x64_MI16x1...', 'stream': 42, 'mean_duration_us': np.float64(1108.6)}, {'name': 'Cijk_Ailk_Bjlk_BBS_BH_Bias_HA_S_SAV_UserArgs_MT192x192x64_MI16x1...', 'stream': 42, 'mean_duration_us': np.float64(2005.32)}]",,False,5.037194467488362,54.67927100851188,other,other
_LinearBackward,other,python,CPU,thread 166796 (pt_autograd_0),"((4096, 8, 2880),)","('c10::BFloat16',)","((23040, 2880, 1),)","('',)",138125,384,54603.066,142.195484375,18.384181282006463,,,,,,,,,1410.6049524943037,409.31069290271785,541672.3017578125,141.228,118.552,288.945,,,,,,,1239.8896484375,1043.6474609375,2433.3798828125,"[{'name': 'Cijk_Ailk_Bljk_BBS_BH_Bias_HA_S_SAV_UserArgs_MT256x256x64_MI16x16x1_CMS_SN_LDSB0_AFC1_AFEM1_AFEM1_ASEM1_CLR1_CADS0_DTLA1_DTLB1_DTVA0_DTVB0_EPS0_FDSI0_GRPM1_GRVWA8_GRVWB8_GSU0_GSUAMB_GLS0_ISA950_IU1_K1_LBSPPA4096_LBSPPB1024_LBSPPM0_LPA0_LPB16_LPM0_LRVW8_LWPMn1_MIAV0_MIWT8_8_MO40_NTn1_NTA0_NTB0_NTC0_NTD4_NTM0_NEPBS0_NLCA1_NLCB1_ONLL1_PGR2_PLR1_PKA1_SIA3_SS1_SPO0_SRVW0_SSO0_SVW8_SK3_SKXCCM0_TLDS1_ULSGRO0_USL1_UIOFGRO0_USFGRO0_VSn1_VWA8_VWB8_WSGRA0_WSGRB0_WS64_WG32_8_1', 'stream': 42, 'count': 384, 'total_duration_us': np.float64(218912.91499999998), 'mean_duration_us': np.float64(570.0857161458333), 'median_duration_us': np.float64(541.2845), 'std_dev_duration_us': np.float64(136.64181177944747), 'min_duration_us': np.float64(428.483), 'max_duration_us': np.float64(1152.69)}, {'name': 'Cijk_Ailk_Bjlk_BBS_BH_Bias_HA_S_SAV_UserArgs_MT192x192x64_MI16x16x1_SN_LDSB0_AFC1_AFEM1_AFEM1_ASEM1_CLR1_CADS0_DTLA0_DTLB0_DTVA0_DTVB0_EPS0_FDSI0_GRPM1_GRVWA8_GRVWB8_GSU0_GSUAMB_GLS0_ISA950_IU1_K1_LBSPPA3072_LBSPPB3072_LBSPPM0_LPA32_LPB32_LPM0_LRVW8_LWPMn1_MIAV0_MIWT6_6_MO40_NTn1_NTA0_NTB0_NTC0_NTD0_NTM0_NEPBS0_NLCA3_NLCB3_ONLL1_PGR2_PLR1_PKA1_SIA3_SS1_SPO0_SRVW0_SSO0_SVW2_SK3_SKXCCM8_TLDS0_ULSGRO0_USL1_UIOFGRO0_USFGRO0_VSn1_VWA2_VWB2_WSGRA0_WSGRB0_WS64_WG32_8_1', 'stream': 42, 'count': 384, 'total_duration_us': np.float64(322759.39599999995), 'mean_duration_us': np.float64(840.5192604166665), 'median_duration_us': np.float64(698.486), 'std_dev_duration_us': np.float64(288.6200206794662), 'min_duration_us': np.float64(615.164), 'max_duration_us': np.float64(1428.172)}]","[{'name': 'Cijk_Ailk_Bljk_BBS_BH_Bias_HA_S_SAV_UserArgs_MT256x256x64_MI16x1...', 'stream': 42, 'mean_duration_us': np.float64(570.09)}, {'name': 'Cijk_Ailk_Bjlk_BBS_BH_Bias_HA_S_SAV_UserArgs_MT192x192x64_MI16x1...', 'stream': 42, 'mean_duration_us': np.float64(840.52)}]",,False,4.563690956050947,59.24296196456283,other,other
AiterFlashAttnFunc,other,python,CPU,thread 166178 (python),"((8, 4096, 64, 64), (8, 4096, 8, 64), (8, 4096, 8, 64), (), (), (), (), (), (), (), (), (), (), (), (), (64,))","('c10::BFloat16', 'c10::BFloat16', 'c10::BFloat16', 'Scalar', '', 'Scalar', '', '', '', 'Scalar', 'Scalar', 'Scalar', 'Scalar', '', 'Scalar', 'c10::BFloat16')","((16777216, 4096, 64, 1), (2097152, 512, 64, 1), (2097152, 512, 64, 1), (), (), (), (), (), (), (), (), (), (), (), (), (1,))","('', '', '', '0.', '', 'True', '', '', '', 'False', 'False', 'False', 'True', '', '1', '')",191,192,56715.395,295.39268229166663,105.82985800995098,,,,,,,,,1717.239267985026,41.18651226617524,329709.939453125,258.4285,236.374,1272.901,,,,,,,1712.63330078125,1642.33203125,1929.974609375,"[{'name': 'void at::native::vectorized_elementwise_kernel<8, at::native::FillFunctor<c10::BFloat16>, std::array<char*, 1ul> >(int, at::native::FillFunctor<c10::BFloat16>, std::array<char*, 1ul>)', 'stream': 0, 'count': 192, 'total_duration_us': np.float64(6551.237999999999), 'mean_duration_us': np.float64(34.121031249999994), 'median_duration_us': np.float64(34.119), 'std_dev_duration_us': np.float64(0.7432639091243234), 'min_duration_us': np.float64(32.639), 'max_duration_us': np.float64(36.32)}, {'name': 'void at::native::vectorized_elementwise_kernel<4, at::native::FillFunctor<float>, std::array<char*, 1ul> >(int, at::native::FillFunctor<float>, std::array<char*, 1ul>)', 'stream': 0, 'count': 192, 'total_duration_us': np.float64(1186.1779999999999), 'mean_duration_us': np.float64(6.178010416666666), 'median_duration_us': np.float64(6.119), 'std_dev_duration_us': np.float64(0.30418043900755093), 'min_duration_us': np.float64(5.439), 'max_duration_us': np.float64(7.279)}, {'name': '_attn_fwd_IS_CAUSAL_1_NUM_Q_HEADS_64_NUM_K_HEADS_8_BLOCK_M_128_BLOCK_N_64_BLOCK_DMODEL_64_RETURN_SCORES_0_ENABLE_DROPOUT_0_IS_FP8_0_VARLEN_0_NUM_XCD_8_USE_INT64_STRIDES_1_ENABLE_SINK_1', 'stream': 0, 'count': 192, 'total_duration_us': np.float64(321972.51300000004), 'mean_duration_us': np.float64(1676.9401718750003), 'median_duration_us': np.float64(1672.315), 'std_dev_duration_us': np.float64(41.189891755373885), 'min_duration_us': np.float64(1602.134), 'max_duration_us': np.float64(1890.737)}]","[{'name': 'void at::native::vectorized_elementwise_kernel<8, at::native::Fi...', 'stream': 0, 'mean_duration_us': np.float64(34.12)}, {'name': 'void at::native::vectorized_elementwise_kernel<4, at::native::Fi...', 'stream': 0, 'mean_duration_us': np.float64(6.18)}, {'name': '_attn_fwd_IS_CAUSAL_1_NUM_Q_HEADS_64_NUM_K_HEADS_8_BLOCK_M_128_B...', 'stream': 0, 'mean_duration_us': np.float64(1676.94)}]",,False,2.7778682127909446,65.09994955900852,other,other
_GroupedLinear,other,python,CPU,thread 166178 (python),"((131072, 2880), (), (), (), (), (), (), (), (), (), (), (), (), (), (), (), (), (2880, 2880), (2880, 2880), (2880, 2880), (2880, 2880), (0,), (0,), (0,), (0,))","('c10::BFloat16', 'ScalarList', 'Scalar', 'Scalar', 'Scalar', 'Scalar', '', '', '', '', 'Scalar', 'Scalar', 'Scalar', 'Scalar', '', 'Scalar', '', 'c10::BFloat16', 'c10::BFloat16', 'c10::BFloat16', 'c10::BFloat16', 'c10::BFloat16', 'c10::BFloat16', 'c10::BFloat16', 'c10::BFloat16')","((2880, 1), (), (), (), (), (), (), (), (), (), (), (), (), (), (), (), (), (2880, 1), (2880, 1), (2880, 1), (2880, 1), (1,), (1,), (1,), (1,))","('', '[32768, 32768, 32768, 32768]', 'False', 'False', 'False', 'False', '', '', '', '', 'False', 'False', 'False', 'True', '', 'False', '', '', '', '', '', '', '', '', '')",716,192,44439.727,231.4569114583333,85.94137818509415,,,,,,,,,1534.438720703125,87.0080796729079,294612.234375,216.311,202.277,1366.711,,,,,,,1507.61279296875,1391.2119140625,1843.017578125,"[{'name': 'Cijk_Alik_Bljk_BBS_BH_Bias_HA_S_SAV_UserArgs_MT256x256x64_MI16x16x1_CMS_SN_LDSB0_AFC1_AFEM1_AFEM1_ASEM1_CLR1_CADS0_DTLA1_DTLB1_DTVA0_DTVB0_EPS0_FDSI0_GRPM1_GRVWA8_GRVWB8_GSU0_GSUAMB_GLS0_ISA950_IU1_K1_LBSPPA1024_LBSPPB1024_LBSPPM0_LPA16_LPB16_LPM0_LRVW8_LWPMn1_MIAV0_MIWT8_8_MO40_NTn1_NTA0_NTB0_NTC0_NTD4_NTM0_NEPBS0_NLCA1_NLCB1_ONLL1_PGR2_PLR1_PKA1_SIA3_SS1_SPO0_SRVW0_SSO0_SVW8_SK3_SKXCCM0_TLDS1_ULSGRO0_USL1_UIOFGRO0_USFGRO0_VSn1_VWA8_VWB8_WSGRA0_WSGRB0_WS64_WG32_8_1', 'stream': 16, 'count': 192, 'total_duration_us': np.float64(149509.808), 'mean_duration_us': np.float64(778.6969166666667), 'median_duration_us': np.float64(773.966), 'std_dev_duration_us': np.float64(69.71593524986872), 'min_duration_us': np.float64(365.882), 'max_duration_us': np.float64(993.649)}, {'name': 'Cijk_Alik_Bljk_BBS_BH_Bias_HA_S_SAV_UserArgs_MT256x256x64_MI16x16x1_CMS_SN_LDSB0_AFC1_AFEM1_AFEM1_ASEM1_CLR1_CADS0_DTLA1_DTLB1_DTVA0_DTVB0_EPS0_FDSI0_GRPM1_GRVWA8_GRVWB8_GSU0_GSUAMB_GLS0_ISA950_IU1_K1_LBSPPA1024_LBSPPB1024_LBSPPM0_LPA16_LPB16_LPM0_LRVW8_LWPMn1_MIAV0_MIWT8_8_MO40_NTn1_NTA0_NTB0_NTC0_NTD4_NTM0_NEPBS0_NLCA1_NLCB1_ONLL1_PGR2_PLR1_PKA1_SIA3_SS1_SPO0_SRVW0_SSO0_SVW8_SK3_SKXCCM0_TLDS1_ULSGRO0_USL1_UIOFGRO0_USFGRO0_VSn1_VWA8_VWB8_WSGRA0_WSGRB0_WS64_WG32_8_1', 'stream': 17, 'count': 192, 'total_duration_us': np.float64(148722.834), 'mean_duration_us': np.float64(774.59809375), 'median_duration_us': np.float64(775.466), 'std_dev_duration_us': np.float64(82.2327808440489), 'min_duration_us': np.float64(369.202), 'max_duration_us': np.float64(961.088)}, {'name': 'Cijk_Alik_Bljk_BBS_BH_Bias_HA_S_SAV_UserArgs_MT256x256x64_MI16x16x1_CMS_SN_LDSB0_AFC1_AFEM1_AFEM1_ASEM1_CLR1_CADS0_DTLA1_DTLB1_DTVA0_DTVB0_EPS0_FDSI0_GRPM1_GRVWA8_GRVWB8_GSU0_GSUAMB_GLS0_ISA950_IU1_K1_LBSPPA1024_LBSPPB1024_LBSPPM0_LPA16_LPB16_LPM0_LRVW8_LWPMn1_MIAV0_MIWT8_8_MO40_NTn1_NTA0_NTB0_NTC0_NTD4_NTM0_NEPBS0_NLCA1_NLCB1_ONLL1_PGR2_PLR1_PKA1_SIA3_SS1_SPO0_SRVW0_SSO0_SVW8_SK3_SKXCCM0_TLDS1_ULSGRO0_USL1_UIOFGRO0_USFGRO0_VSn1_VWA8_VWB8_WSGRA0_WSGRB0_WS64_WG32_8_1', 'stream': 18, 'count': 192, 'total_duration_us': np.float64(115462.179), 'mean_duration_us': np.float64(601.3655156250001), 'median_duration_us': np.float64(707.446), 'std_dev_duration_us': np.float64(169.2061082804531), 'min_duration_us': np.float64(352.203), 'max_duration_us': np.float64(835.327)}, {'name': 'Cijk_Alik_Bljk_BBS_BH_Bias_HA_S_SAV_UserArgs_MT256x256x64_MI16x16x1_CMS_SN_LDSB0_AFC1_AFEM1_AFEM1_ASEM1_CLR1_CADS0_DTLA1_DTLB1_DTVA0_DTVB0_EPS0_FDSI0_GRPM1_GRVWA8_GRVWB8_GSU0_GSUAMB_GLS0_ISA950_IU1_K1_LBSPPA1024_LBSPPB1024_LBSPPM0_LPA16_LPB16_LPM0_LRVW8_LWPMn1_MIAV0_MIWT8_8_MO40_NTn1_NTA0_NTB0_NTC0_NTD4_NTM0_NEPBS0_NLCA1_NLCB1_ONLL1_PGR2_PLR1_PKA1_SIA3_SS1_SPO0_SRVW0_SSO0_SVW8_SK3_SKXCCM0_TLDS1_ULSGRO0_USL1_UIOFGRO0_USFGRO0_VSn1_VWA8_VWB8_WSGRA0_WSGRB0_WS64_WG32_8_1', 'stream': 19, 'count': 192, 'total_duration_us': np.float64(107789.098), 'mean_duration_us': np.float64(561.4015520833333), 'median_duration_us': np.float64(463.4435), 'std_dev_duration_us': np.float64(172.346536899067), 'min_duration_us': np.float64(355.842), 'max_duration_us': np.float64(848.087)}]","[{'name': 'Cijk_Alik_Bljk_BBS_BH_Bias_HA_S_SAV_UserArgs_MT256x256x64_MI16x1...', 'stream': 16, 'mean_duration_us': np.float64(778.7)}, {'name': 'Cijk_Alik_Bljk_BBS_BH_Bias_HA_S_SAV_UserArgs_MT256x256x64_MI16x1...', 'stream': 17, 'mean_duration_us': np.float64(774.6)}, {'name': 'Cijk_Alik_Bljk_BBS_BH_Bias_HA_S_SAV_UserArgs_MT256x256x64_MI16x1...', 'stream': 18, 'mean_duration_us': np.float64(601.37)}, {'name': 'Cijk_Alik_Bljk_BBS_BH_Bias_HA_S_SAV_UserArgs_MT256x256x64_MI16x1...', 'stream': 19, 'mean_duration_us': np.float64(561.4)}]",,False,2.482163450477293,67.58211300948581,other,other
aten::index_add_,other,python,CPU,thread 166796 (pt_autograd_0),"((32768, 2880), (), (131072,), (131072, 2880), ())","('c10::BFloat16', 'Scalar', 'long int', 'c10::BFloat16', 'Scalar')","((2880, 1), (), (1,), (2880, 1), ())","('', '0', '', '', '1')",138604,192,2024.059,10.541973958333331,5.068041083436682,,,,,,,,,1245.9271240234375,32.0726703717616,239218.0078125,9.3125,8.061,64.468,,,,,,,1238.15087890625,1194.25,1324.970703125,"[{'name': 'void at::native::indexFuncLargeIndex<c10::BFloat16, long, unsigned int, 2, 2, -2, true, at::native::(anonymous namespace)::ReduceAdd>(at::cuda::detail::TensorInfo<c10::BFloat16, unsigned int>, at::cuda::detail::TensorInfo<c10::BFloat16 const, unsigned int>, at::cuda::detail::TensorInfo<long const, unsigned int>, int, int, unsigned int, unsigned int, long, long, at::native::(anonymous namespace)::ReduceAdd const&, c10::BFloat16)', 'stream': 0, 'count': 192, 'total_duration_us': np.float64(239218.005), 'mean_duration_us': np.float64(1245.927109375), 'median_duration_us': np.float64(1238.1509999999998), 'std_dev_duration_us': np.float64(31.989015950686028), 'min_duration_us': np.float64(1194.25), 'max_duration_us': np.float64(1324.971)}]","[{'name': 'void at::native::indexFuncLargeIndex<c10::BFloat16, long, unsign...', 'stream': 0, 'mean_duration_us': np.float64(1245.93)}]",,False,2.015456679685552,71.81769904862861,other,other
aten::cat,other,python,CPU,thread 166178 (python),"((), ())","('TensorList', 'Scalar')","((), ())","('', '0')",637,576,11820.849,20.522307291666667,5.512635215592468,,,,,,,,,412.28883192274304,267.1850375460903,237478.3671875,20.3775,12.678,45.462,,,,,,,533.564453125,5.638671875,931.7275390625,"[{'name': 'void at::native::(anonymous namespace)::CatArrayBatchedCopy_contig<at::native::(anonymous namespace)::OpaqueType<2u>, unsigned int, 2, 128, 1>(at::native::(anonymous namespace)::OpaqueType<2u>*, at::native::(anonymous namespace)::CatArrInputTensorMetadata<at::native::(anonymous namespace)::OpaqueType<2u>, unsigned int, 128, 1>, at::native::(anonymous namespace)::TensorSizeStride<unsigned int, 4u>, int, unsigned int)', 'stream': 0, 'count': 576, 'total_duration_us': np.float64(237478.37700000004), 'mean_duration_us': np.float64(412.2888489583334), 'median_duration_us': np.float64(533.564), 'std_dev_duration_us': np.float64(266.9529763290545), 'min_duration_us': np.float64(5.639), 'max_duration_us': np.float64(931.728)}]","[{'name': 'void at::native::(anonymous namespace)::CatArrayBatchedCopy_cont...', 'stream': 0, 'mean_duration_us': np.float64(412.29)}]",,False,2.000799880433813,73.81849892906243,other,other
_Linear,other,python,CPU,thread 166178 (python),"((5760, 2880), (4096, 8, 2880), (), (), (), (), (), (), (), (), (), (), (), (), (), (), (), (), (), (), (), (), (), (), (), (), (), (), (), (), (), (), (), ())","('c10::BFloat16', 'c10::BFloat16', '', 'Scalar', 'Scalar', 'Scalar', '', '', '', '', '', '', 'Scalar', 'Scalar', 'Scalar', 'Scalar', 'Scalar', '', 'Scalar', 'Scalar', 'Scalar', 'Scalar', 'Scalar', 'Scalar', 'Scalar', '', 'Scalar', '', '', '', 'Scalar', 'Scalar', 'Scalar', 'Scalar')","((2880, 1), (23040, 2880, 1), (), (), (), (), (), (), (), (), (), (), (), (), (), (), (), (), (), (), (), (), (), (), (), (), (), (), (), (), (), (), (), ())","('', '', '', 'False', 'False', 'False', '', '', '', '', '', '', 'False', 'False', '1', 'False', 'False', '', 'True', 'False', 'False', 'False', 'False', 'False', 'False', '', 'False', '', '', '', 'False', 'False', 'True', 'False')",582,192,22267.128,115.974625,35.03466643758252,,,,,,,,,1171.4995727539062,370.3463001448142,224927.91796875,105.6245,100.587,303.315,,,,,,,1150.0693359375,782.40625,1581.8935546875,"[{'name': 'Cijk_Alik_Bljk_BBS_BH_Bias_HA_S_SAV_UserArgs_MT256x256x64_MI16x16x1_CMS_SN_LDSB0_AFC1_AFEM1_AFEM1_ASEM1_CLR1_CADS0_DTLA1_DTLB1_DTVA0_DTVB0_EPS0_FDSI0_GRPM1_GRVWA8_GRVWB8_GSU0_GSUAMB_GLS0_ISA950_IU1_K1_LBSPPA1024_LBSPPB1024_LBSPPM0_LPA16_LPB16_LPM0_LRVW8_LWPMn1_MIAV0_MIWT8_8_MO40_NTn1_NTA0_NTB0_NTC0_NTD4_NTM0_NEPBS0_NLCA1_NLCB1_ONLL1_PGR2_PLR1_PKA1_SIA3_SS1_SPO0_SRVW0_SSO0_SVW8_SK3_SKXCCM0_TLDS1_ULSGRO0_USL1_UIOFGRO0_USFGRO0_VSn1_VWA8_VWB8_WSGRA0_WSGRB0_WS64_WG32_8_1', 'stream': 11, 'count': 192, 'total_duration_us': np.float64(224927.923), 'mean_duration_us': np.float64(1171.4995989583333), 'median_duration_us': np.float64(1150.0695), 'std_dev_duration_us': np.float64(369.3806361978208), 'min_duration_us': np.float64(782.406), 'max_duration_us': np.float64(1581.894)}]","[{'name': 'Cijk_Alik_Bljk_BBS_BH_Bias_HA_S_SAV_UserArgs_MT256x256x64_MI16x1...', 'stream': 11, 'mean_duration_us': np.float64(1171.5)}]",,False,1.89505998675988,77.65157267470288,other,other
aten::cat,other,python,CPU,thread 166796 (pt_autograd_0),"((), ())","('TensorList', 'Scalar')","((), ())","('', '0')",138239,576,8988.674,15.605336805555558,6.637173927752255,,,,,,,,,377.14988708496094,264.5385301453205,217238.3349609375,16.072000000000003,9.913,147.642,,,,,,,530.62353515625,5.71875,767.6064453125,"[{'name': 'void at::native::(anonymous namespace)::CatArrayBatchedCopy_contig<at::native::(anonymous namespace)::OpaqueType<2u>, unsigned int, 2, 128, 1>(at::native::(anonymous namespace)::OpaqueType<2u>*, at::native::(anonymous namespace)::CatArrInputTensorMetadata<at::native::(anonymous namespace)::OpaqueType<2u>, unsigned int, 128, 1>, at::native::(anonymous namespace)::TensorSizeStride<unsigned int, 4u>, int, unsigned int)', 'stream': 0, 'count': 576, 'total_duration_us': np.float64(217238.343), 'mean_duration_us': np.float64(377.1499010416667), 'median_duration_us': np.float64(530.624), 'std_dev_duration_us': np.float64(264.30880087464084), 'min_duration_us': np.float64(5.719), 'max_duration_us': np.float64(767.606)}]","[{'name': 'void at::native::(anonymous namespace)::CatArrayBatchedCopy_cont...', 'stream': 0, 'mean_duration_us': np.float64(377.15)}]",,False,1.8302738045706208,79.4818464792735,other,other
_Linear,other,python,CPU,thread 166178 (python),"((2880, 2880), (4096, 8, 2880), (), (), (), (), (), (), (), (), (), (), (), (), (), (), (), (), (), (), (), (), (), (), (), (), (), (), (), (), (), (), (), ())","('c10::BFloat16', 'c10::BFloat16', '', 'Scalar', 'Scalar', 'Scalar', '', '', '', '', '', '', 'Scalar', 'Scalar', 'Scalar', 'Scalar', 'Scalar', '', 'Scalar', 'Scalar', 'Scalar', 'Scalar', 'Scalar', 'Scalar', 'Scalar', '', 'Scalar', '', '', '', 'Scalar', 'Scalar', 'Scalar', 'Scalar')","((2880, 1), (23040, 2880, 1), (), (), (), (), (), (), (), (), (), (), (), (), (), (), (), (), (), (), (), (), (), (), (), (), (), (), (), (), (), (), (), ())","('', '', '', 'False', 'False', 'False', '', '', '', '', '', '', 'False', 'False', '1', 'False', 'False', '', 'True', 'False', 'False', 'False', 'False', 'False', 'False', '', 'False', '', '', '', 'False', 'False', 'True', 'False')",783,192,18740.898,97.60884375,16.184283021433675,,,,,,,,,587.920399983724,487.5085660068333,112880.716796875,93.4075,87.339,226.76,,,,,,,405.7822265625,385.5634765625,3509.232421875,"[{'name': 'Cijk_Alik_Bljk_BBS_BH_Bias_HA_S_SAV_UserArgs_MT256x256x64_MI16x16x1_CMS_SN_LDSB0_AFC1_AFEM1_AFEM1_ASEM1_CLR1_CADS0_DTLA1_DTLB1_DTVA0_DTVB0_EPS0_FDSI0_GRPM1_GRVWA8_GRVWB8_GSU0_GSUAMB_GLS0_ISA950_IU1_K1_LBSPPA1024_LBSPPB1024_LBSPPM0_LPA16_LPB16_LPM0_LRVW8_LWPMn1_MIAV0_MIWT8_8_MO40_NTn1_NTA0_NTB0_NTC0_NTD4_NTM0_NEPBS0_NLCA1_NLCB1_ONLL1_PGR2_PLR1_PKA1_SIA3_SS1_SPO0_SRVW0_SSO0_SVW8_SK3_SKXCCM0_TLDS1_ULSGRO0_USL1_UIOFGRO0_USFGRO0_VSn1_VWA8_VWB8_WSGRA0_WSGRB0_WS64_WG32_8_1', 'stream': 11, 'count': 192, 'total_duration_us': np.float64(112880.711), 'mean_duration_us': np.float64(587.9203697916666), 'median_duration_us': np.float64(405.7825), 'std_dev_duration_us': np.float64(486.23735934797463), 'min_duration_us': np.float64(385.563), 'max_duration_us': np.float64(3509.232)}]","[{'name': 'Cijk_Alik_Bljk_BBS_BH_Bias_HA_S_SAV_UserArgs_MT256x256x64_MI16x1...', 'stream': 11, 'mean_duration_us': np.float64(587.92)}]",,False,0.9510412562848322,81.70921207963556,other,other
_OperationFuserAutogradFunctionBackward,other,python,CPU,thread 166796 (pt_autograd_0),"((4096, 8, 64, 64),)","('c10::BFloat16',)","((32768, 4096, 64, 1),)","('',)",138903,192,12978.267,67.595140625,53.67914910575932,,,,,,,,,551.5819600423177,6.182154296299165,105903.736328125,62.3605,55.175,801.356,,,,,,,551.7236328125,537.04296875,573.04296875,"[{'name': 'void transformer_engine::normalization::rmsnorm_bwd_general_kernel<transformer_engine::normalization::Kernel_traits<hip_bfloat16, hip_bfloat16, hip_bfloat16, float, unsigned int, 128u, 1u, 4u, 1u, 8u, transformer_engine::normalization::Kernel_traits_base<128u, hip_bfloat16, hip_bfloat16, hip_bfloat16, float, unsigned int, 128u> >, false>(transformer_engine::normalization::BackwardKernelParams)', 'stream': 0, 'count': 192, 'total_duration_us': np.float64(58220.27100000001), 'mean_duration_us': np.float64(303.230578125), 'median_duration_us': np.float64(301.9815), 'std_dev_duration_us': np.float64(4.757845201627149), 'min_duration_us': np.float64(294.161), 'max_duration_us': np.float64(318.322)}, {'name': 'void transformer_engine::normalization::rmsnorm_bwd_finalize_general_kernel<hip_bfloat16, float, 4u, 1u, 4u, 32u>(transformer_engine::normalization::BackwardKernelParams)', 'stream': 0, 'count': 192, 'total_duration_us': np.float64(47683.46), 'mean_duration_us': np.float64(248.35135416666665), 'median_duration_us': np.float64(247.761), 'std_dev_duration_us': np.float64(3.8883385241941886), 'min_duration_us': np.float64(241.202), 'max_duration_us': np.float64(261.401)}]","[{'name': 'void transformer_engine::normalization::rmsnorm_bwd_general_kern...', 'stream': 0, 'mean_duration_us': np.float64(303.23)}, {'name': 'void transformer_engine::normalization::rmsnorm_bwd_finalize_gen...', 'stream': 0, 'mean_duration_us': np.float64(248.35)}]",,False,0.8922588844292839,83.51127373092972,other,other
_Linear,other,python,CPU,thread 166178 (python),"((2880, 4096), (4096, 8, 4096), (), (), (), (), (), (), (), (), (), (), (), (), (), (), (), (), (), (), (), (), (), (), (), (), (), (), (), (), (), (), ())","('c10::BFloat16', 'c10::BFloat16', '', 'Scalar', 'Scalar', 'Scalar', '', '', '', '', '', '', 'Scalar', 'Scalar', 'Scalar', 'Scalar', 'Scalar', 'Scalar', 'Scalar', 'Scalar', 'Scalar', 'Scalar', 'Scalar', 'Scalar', '', 'Scalar', '', '', '', 'Scalar', 'Scalar', 'Scalar', 'Scalar')","((4096, 1), (32768, 4096, 1), (), (), (), (), (), (), (), (), (), (), (), (), (), (), (), (), (), (), (), (), (), (), (), (), (), (), (), (), (), (), ())","('', '', '', 'False', 'False', 'False', '', '', '', '', '', '', 'False', 'False', '1', 'False', 'False', 'True', 'False', 'False', 'False', 'False', 'False', 'False', '', 'False', '', '', '', 'False', 'False', 'True', 'False')",219,192,17944.141,93.45906770833334,11.88996252644256,,,,,,,,,521.3978169759115,16.37774683593174,100108.380859375,90.053,81.422,176.952,,,,,,,518.06396484375,500.2841796875,593.6845703125,"[{'name': 'Cijk_Alik_Bljk_BBS_BH_Bias_HA_S_SAV_UserArgs_MT256x256x64_MI16x16x1_CMS_SN_LDSB0_AFC1_AFEM1_AFEM1_ASEM1_CLR1_CADS0_DTLA1_DTLB1_DTVA0_DTVB0_EPS0_FDSI0_GRPM1_GRVWA8_GRVWB8_GSU0_GSUAMB_GLS0_ISA950_IU1_K1_LBSPPA1024_LBSPPB1024_LBSPPM0_LPA16_LPB16_LPM0_LRVW8_LWPMn1_MIAV0_MIWT8_8_MO40_NTn1_NTA0_NTB0_NTC0_NTD4_NTM0_NEPBS0_NLCA1_NLCB1_ONLL1_PGR2_PLR1_PKA1_SIA3_SS1_SPO0_SRVW0_SSO0_SVW8_SK3_SKXCCM0_TLDS1_ULSGRO0_USL1_UIOFGRO0_USFGRO0_VSn1_VWA8_VWB8_WSGRA0_WSGRB0_WS64_WG32_8_1', 'stream': 0, 'count': 192, 'total_duration_us': np.float64(100108.389), 'mean_duration_us': np.float64(521.3978593749999), 'median_duration_us': np.float64(518.064), 'std_dev_duration_us': np.float64(16.335084645671905), 'min_duration_us': np.float64(500.284), 'max_duration_us': np.float64(593.685)}]","[{'name': 'Cijk_Alik_Bljk_BBS_BH_Bias_HA_S_SAV_UserArgs_MT256x256x64_MI16x1...', 'stream': 0, 'mean_duration_us': np.float64(521.4)}]",,False,0.843431925299186,86.07701952186991,other,other
aten::cat,other,python,CPU,thread 166796 (pt_autograd_0),"(((4096, 8, 8, 512), (4096, 8, 8, 64), (4096, 8, 8, 64)), ())","('TensorList', 'Scalar')","(((32768, 4096, 512, 1), (4096, 512, 64, 1), (512, 2097152, 64, 1)), ())","('', '3')",138932,192,2505.526,13.049614583333332,2.147129179753889,,,,,,,,,392.4435221354167,3.751873039016773,75349.15625,12.5525,10.544,32.475,,,,,,,392.5830078125,382.123046875,403.2421875,"[{'name': 'void at::native::(anonymous namespace)::CatArrayBatchedCopy<at::native::(anonymous namespace)::OpaqueType<2u>, unsigned int, 4, 64, 64>(at::native::(anonymous namespace)::OpaqueType<2u>*, at::native::(anonymous namespace)::CatArrInputTensorMetadata<at::native::(anonymous namespace)::OpaqueType<2u>, unsigned int, 64, 64>, at::native::(anonymous namespace)::TensorSizeStride<unsigned int, 4u>, int, unsigned int)', 'stream': 0, 'count': 192, 'total_duration_us': np.float64(75349.158), 'mean_duration_us': np.float64(392.44353125), 'median_duration_us': np.float64(392.58299999999997), 'std_dev_duration_us': np.float64(3.742063047730505), 'min_duration_us': np.float64(382.123), 'max_duration_us': np.float64(403.242)}]","[{'name': 'void at::native::(anonymous namespace)::CatArrayBatchedCopy<at::...', 'stream': 0, 'mean_duration_us': np.float64(392.44)}]",,False,0.6348308041749249,87.38974795947696,other,other
FusedRoPEFunc,other,python,CPU,thread 166178 (python),"((4096, 8, 64, 64), (4096, 1, 1, 64), (), (), (), (), ())","('c10::BFloat16', 'float', '', 'Scalar', '', 'Scalar', 'Scalar')","((32768, 4096, 64, 1), (64, 64, 64, 1), (), (), (), (), ())","('', '', '', 'False', '', '1', '0')",158,192,3927.255,20.454453125,8.93187664702003,,,,,,,,,314.5662841796875,4.742108554321652,60396.7265625,17.543999999999997,15.181,116.409,,,,,,,314.681640625,302.0009765625,327.001953125,"[{'name': 'void transformer_engine::fused_rope_forward_kernel<hip_bfloat16>(hip_bfloat16 const*, int const*, float const*, int const*, hip_bfloat16*, bool, int, int, int, int, int, int, int, int, int, int, int, int, int, int)', 'stream': 0, 'count': 192, 'total_duration_us': np.float64(60396.731), 'mean_duration_us': np.float64(314.56630729166665), 'median_duration_us': np.float64(314.682), 'std_dev_duration_us': np.float64(4.729768434292547), 'min_duration_us': np.float64(302.001), 'max_duration_us': np.float64(327.002)}]","[{'name': 'void transformer_engine::fused_rope_forward_kernel<hip_bfloat16>...', 'stream': 0, 'mean_duration_us': np.float64(314.57)}]",,False,0.5088537735710201,89.64517390340545,other,other
_OperationFuserAutogradFunctionBackward,other,python,CPU,thread 166796 (pt_autograd_0),"((4096, 8, 2880),)","('c10::BFloat16',)","((23040, 2880, 1),)","('',)",138064,200,19171.58,95.8579,20.05637273603164,,,,,,,,,296.0997705078125,32.13434444678778,59219.9541015625,90.374,84.355,225.729,,,,,,,292.140625,282.6806640625,719.1650390625,"[{'name': 'void transformer_engine::normalization::rmsnorm_bwd_general_kernel<transformer_engine::normalization::Kernel_traits<hip_bfloat16, hip_bfloat16, hip_bfloat16, float, unsigned int, 4096u, 1u, 1u, 4u, 16u, transformer_engine::normalization::Kernel_traits_base<4096u, hip_bfloat16, hip_bfloat16, hip_bfloat16, float, unsigned int, 128u> >, false>(transformer_engine::normalization::BackwardKernelParams)', 'stream': 0, 'count': 200, 'total_duration_us': np.float64(43937.376000000004), 'mean_duration_us': np.float64(219.68688000000003), 'median_duration_us': np.float64(216.62099999999998), 'std_dev_duration_us': np.float64(18.955451414186896), 'min_duration_us': np.float64(207.921), 'max_duration_us': np.float64(454.243)}, {'name': 'void transformer_engine::normalization::rmsnorm_bwd_finalize_general_kernel<hip_bfloat16, float, 4u, 1u, 4u, 32u>(transformer_engine::normalization::BackwardKernelParams)', 'stream': 0, 'count': 200, 'total_duration_us': np.float64(15282.583), 'mean_duration_us': np.float64(76.412915), 'median_duration_us': np.float64(74.72), 'std_dev_duration_us': np.float64(13.6517385382879), 'min_duration_us': np.float64(72.68), 'max_duration_us': np.float64(264.922)}]","[{'name': 'void transformer_engine::normalization::rmsnorm_bwd_general_kern...', 'stream': 0, 'mean_duration_us': np.float64(219.69)}, {'name': 'void transformer_engine::normalization::rmsnorm_bwd_finalize_gen...', 'stream': 0, 'mean_duration_us': np.float64(76.41)}]",,False,0.4989392443992637,90.14411314780472,other,other
_OperationFuserAutogradFunction,other,python,CPU,thread 166178 (python),"((4096, 8, 64, 64), (64,))","('c10::BFloat16', 'c10::BFloat16')","((32768, 4096, 64, 1), (1,))","('', '')",137,192,14796.542,77.06532291666666,17.97934079328682,,,,,,,,,299.7495574951172,3.47165105416048,57551.9150390625,71.04249999999999,64.098,226.189,,,,,,,299.9619140625,288.9619140625,312.4423828125,"[{'name': 'void transformer_engine::normalization::rmsnorm_fwd_general_kernel<transformer_engine::normalization::Kernel_traits<hip_bfloat16, hip_bfloat16, hip_bfloat16, float, unsigned int, 128u, 1u, 4u, 1u, 8u, transformer_engine::normalization::Kernel_traits_base<128u, hip_bfloat16, hip_bfloat16, hip_bfloat16, float, unsigned int, 128u> > >(transformer_engine::normalization::ForwardKernelParams)', 'stream': 0, 'count': 192, 'total_duration_us': np.float64(57551.914000000004), 'mean_duration_us': np.float64(299.74955208333336), 'median_duration_us': np.float64(299.962), 'std_dev_duration_us': np.float64(3.462620605209392), 'min_duration_us': np.float64(288.962), 'max_duration_us': np.float64(312.442)}]","[{'name': 'void transformer_engine::normalization::rmsnorm_fwd_general_kern...', 'stream': 0, 'mean_duration_us': np.float64(299.75)}]",,False,0.4848857017699517,91.12618329352148,other,other
_OperationFuserAutogradFunctionBackward,other,python,CPU,thread 166796 (pt_autograd_0),"((4096, 8, 8, 64),)","('c10::BFloat16',)","((4096, 512, 64, 1),)","('',)",138884,192,16468.677,85.774359375,6.771023170535795,,,,,,,,,291.4417724609375,4.697335249645392,55956.8203125,84.1905,78.398,132.15,,,,,,,290.5810546875,281.7998046875,308.720703125,"[{'name': 'void transformer_engine::normalization::rmsnorm_bwd_general_kernel<transformer_engine::normalization::Kernel_traits<hip_bfloat16, hip_bfloat16, hip_bfloat16, float, unsigned int, 128u, 1u, 4u, 1u, 8u, transformer_engine::normalization::Kernel_traits_base<128u, hip_bfloat16, hip_bfloat16, hip_bfloat16, float, unsigned int, 128u> >, false>(transformer_engine::normalization::BackwardKernelParams)', 'stream': 0, 'count': 192, 'total_duration_us': np.float64(8265.676), 'mean_duration_us': np.float64(43.05039583333333), 'median_duration_us': np.float64(42.679500000000004), 'std_dev_duration_us': np.float64(1.7758113373373796), 'min_duration_us': np.float64(39.879), 'max_duration_us': np.float64(48.04)}, {'name': 'void transformer_engine::normalization::rmsnorm_bwd_finalize_general_kernel<hip_bfloat16, float, 4u, 1u, 4u, 32u>(transformer_engine::normalization::BackwardKernelParams)', 'stream': 0, 'count': 192, 'total_duration_us': np.float64(47691.145), 'mean_duration_us': np.float64(248.39138020833332), 'median_duration_us': np.float64(247.801), 'std_dev_duration_us': np.float64(4.121749063178959), 'min_duration_us': np.float64(241.201), 'max_duration_us': np.float64(266.201)}]","[{'name': 'void transformer_engine::normalization::rmsnorm_bwd_general_kern...', 'stream': 0, 'mean_duration_us': np.float64(43.05)}, {'name': 'void transformer_engine::normalization::rmsnorm_bwd_finalize_gen...', 'stream': 0, 'mean_duration_us': np.float64(248.39)}]",,False,0.4714467288816674,91.59763002240317,other,other
FusedRoPEFuncBackward,other,python,CPU,thread 166796 (pt_autograd_0),"((4096, 8, 64, 64),)","('c10::BFloat16',)","((4096, 16777216, 64, 1),)","('',)",138880,192,2103.837,10.957484375,1.939715389001824,,,,,,,,,288.9938405354817,3.5836502624491837,55486.8173828125,10.65,8.662,31.984,,,,,,,289.9619140625,279.6416015625,296.0810546875,"[{'name': 'void transformer_engine::fused_rope_backward_kernel<hip_bfloat16>(hip_bfloat16 const*, int const*, float const*, hip_bfloat16*, bool, int, int, int, int, int, int, int, int, int, int, int, int, int, int)', 'stream': 0, 'count': 192, 'total_duration_us': np.float64(55486.815), 'mean_duration_us': np.float64(288.993828125), 'median_duration_us': np.float64(289.962), 'std_dev_duration_us': np.float64(3.574292898695813), 'min_duration_us': np.float64(279.642), 'max_duration_us': np.float64(296.081)}]","[{'name': 'void transformer_engine::fused_rope_backward_kernel<hip_bfloat16...', 'stream': 0, 'mean_duration_us': np.float64(288.99)}]",,False,0.4674868658564184,92.06511688825957,other,other
aten::gather,other,python,CPU,thread 166796 (pt_autograd_0),"((32768, 2880), (), (131072, 2880), ())","('c10::BFloat16', 'Scalar', 'long int', 'Scalar')","((2880, 1), (), (1, 0), ())","('', '0', '', 'False')",138113,192,2970.257,15.470088541666668,2.6043667191519195,,,,,,,,,268.79632059733075,28.290317890723568,51608.8935546875,14.7205,12.988,29.831,,,,,,,260.861328125,242.80078125,533.923828125,"[{'name': 'void at::native::vectorized_gather_kernel<16, long>(char*, char*, long*, int, long, long, long, long, bool)', 'stream': 0, 'count': 192, 'total_duration_us': np.float64(51608.895000000004), 'mean_duration_us': np.float64(268.796328125), 'median_duration_us': np.float64(260.8615), 'std_dev_duration_us': np.float64(28.216575327087604), 'min_duration_us': np.float64(242.801), 'max_duration_us': np.float64(533.924)}]","[{'name': 'void at::native::vectorized_gather_kernel<16, long>(char*, char*...', 'stream': 0, 'mean_duration_us': np.float64(268.8)}]",,False,0.4348146287026321,92.4999315169622,other,other
aten::gather,other,python,CPU,thread 166178 (python),"((32768, 2880), (), (131072, 2880), (), (131072, 2880))","('c10::BFloat16', 'Scalar', 'long int', 'Scalar', 'c10::BFloat16')","((2880, 1), (), (1, 0), (), (2880, 1))","('', '0', '', 'False', '')",566,192,2677.897,13.947380208333334,4.749460341482287,,,,,,,,,233.15953572591147,6.405244364133738,44766.630859375,12.572,10.234,49.938,,,,,,,233.4609375,217.681640625,248.4814453125,"[{'name': 'void at::native::vectorized_gather_kernel<16, long>(char*, char*, long*, int, long, long, long, long, bool)', 'stream': 0, 'count': 192, 'total_duration_us': np.float64(44766.630000000005), 'mean_duration_us': np.float64(233.15953125000001), 'median_duration_us': np.float64(233.461), 'std_dev_duration_us': np.float64(6.388537564056173), 'min_duration_us': np.float64(217.682), 'max_duration_us': np.float64(248.481)}]","[{'name': 'void at::native::vectorized_gather_kernel<16, long>(char*, char*...', 'stream': 0, 'mean_duration_us': np.float64(233.16)}]",,False,0.3771672794101001,93.2578590728838,other,other
_OperationFuserAutogradFunction,other,python,CPU,thread 166178 (python),"((4096, 8, 2880), (2880,))","('c10::BFloat16', 'c10::BFloat16')","((23040, 2880, 1), (1,))","('', '')",235,200,15543.672,77.71836,60.32481754310113,,,,,,,,,144.188583984375,2.4388668184171607,28837.716796875,71.518,67.212,920.67,,,,,,,144.1201171875,138.2001953125,153.6806640625,"[{'name': 'void transformer_engine::normalization::rmsnorm_fwd_general_kernel<transformer_engine::normalization::Kernel_traits<hip_bfloat16, hip_bfloat16, hip_bfloat16, float, unsigned int, 8192u, 1u, 1u, 4u, 16u, transformer_engine::normalization::Kernel_traits_base<8192u, hip_bfloat16, hip_bfloat16, hip_bfloat16, float, unsigned int, 128u> > >(transformer_engine::normalization::ForwardKernelParams)', 'stream': 0, 'count': 200, 'total_duration_us': np.float64(28837.716999999997), 'mean_duration_us': np.float64(144.188585), 'median_duration_us': np.float64(144.12), 'std_dev_duration_us': np.float64(2.432794952883412), 'min_duration_us': np.float64(138.2), 'max_duration_us': np.float64(153.681)}]","[{'name': 'void transformer_engine::normalization::rmsnorm_fwd_general_kern...', 'stream': 0, 'mean_duration_us': np.float64(144.19)}]",,False,0.2429631844049865,96.17191960985072,other,other
RouterGatingLinearFunctionBackward,other,python,CPU,thread 166796 (pt_autograd_0),"((4096, 8, 32),)","('c10::BFloat16',)","((256, 32, 1),)","('',)",138743,192,24596.831,128.10849479166666,14.409222016122882,,,,,,,,,133.54802958170572,3.221705794003812,25641.2216796875,124.185,115.728,261.638,,,,,,,132.91796875,126.91796875,141.9580078125,"[{'name': 'Cijk_Ailk_Bljk_BBS_BH_Bias_HA_S_SAV_UserArgs_MT256x256x32_MI32x32x1_SN_LDSB1_AFC0_AFEM1_AFEM1_ASEM1_CLR1_CADS0_DTLA0_DTLB0_DTVA0_DTVB0_EPS0_FDSI0_GRPM1_GRVWA2_GRVWB8_GSU0_GSUAMB_GLS0_ISA950_IU1_K1_LBSPPA0_LBSPPB256_LBSPPM0_LPA0_LPB8_LPM0_LRVW8_LWPMn1_MIAV0_MIWT4_4_MO40_NTn1_NTA0_NTB0_NTC4_NTD4_NTM0_NEPBS16_NLCA1_NLCB1_ONLL1_PGR2_PLR1_PKA1_SIA3_SS1_SPO1_SRVW0_SSO4_SVW4_SK3_SKXCCM8_TLDS1_ULSGRO0_USL1_UIOFGRO0_USFGROn1_VSn1_VWA4_VWB4_WSGRA0_WSGRB0_WS64_WG64_4_1', 'stream': 0, 'count': 192, 'total_duration_us': np.float64(13122.848999999998), 'mean_duration_us': np.float64(68.34817187499999), 'median_duration_us': np.float64(68.199), 'std_dev_duration_us': np.float64(1.0713650009453601), 'min_duration_us': np.float64(63.68), 'max_duration_us': np.float64(72.64)}, {'name': 'Cijk_Ailk_Bjlk_BBS_BH_Bias_HA_S_SAV_UserArgs_MT256x16x64_MI16x16x1_SN_LDSB1_AFC1_AFEM1_AFEM1_ASEM1_CLR1_CADS0_DTLA0_DTLB0_DTVA0_DTVB0_EPS0_FDSI0_GRPM1_GRVWA8_GRVWB4_GSU0_GSUAMB_GLS0_ISA950_IU1_K1_LBSPPA4096_LBSPPB256_LBSPPM0_LPA0_LPB16_LPM0_LRVW8_LWPMn1_MIAV0_MIWT4_1_MO40_NTn1_NTA0_NTB0_NTC0_NTD0_NTM0_NEPBS0_NLCA1_NLCB1_ONLL1_PGR2_PLR1_PKA1_SIA3_SS1_SPO0_SRVW0_SSO0_SVW4_SK3_SKXCCM8_TLDS0_ULSGRO0_USL1_UIOFGRO0_USFGRO0_VSn1_VWA4_VWB1_WSGRA0_WSGRB0_WS64_WG64_4_1', 'stream': 0, 'count': 192, 'total_duration_us': np.float64(10713.144), 'mean_duration_us': np.float64(55.797625000000004), 'median_duration_us': np.float64(55.799499999999995), 'std_dev_duration_us': np.float64(1.6362787637527823), 'min_duration_us': np.float64(52.079), 'max_duration_us': np.float64(60.12)}, {'name': 'Cijk_SB_BiasS_HAS_ScaleAlphaVec_PostGSU16_VW4', 'stream': 0, 'count': 192, 'total_duration_us': np.float64(1805.231), 'mean_duration_us': np.float64(9.402244791666666), 'median_duration_us': np.float64(8.7995), 'std_dev_duration_us': np.float64(1.5311527545563093), 'min_duration_us': np.float64(7.319), 'max_duration_us': np.float64(13.079)}]","[{'name': 'Cijk_Ailk_Bljk_BBS_BH_Bias_HA_S_SAV_UserArgs_MT256x256x32_MI32x3...', 'stream': 0, 'mean_duration_us': np.float64(68.35)}, {'name': 'Cijk_Ailk_Bjlk_BBS_BH_Bias_HA_S_SAV_UserArgs_MT256x16x64_MI16x16...', 'stream': 0, 'mean_duration_us': np.float64(55.8)}, {'name': 'Cijk_SB_BiasS_HAS_ScaleAlphaVec_PostGSU16_VW4', 'stream': 0, 'mean_duration_us': np.float64(9.4)}]",,False,0.2160321122234668,96.3879517220742,other,other
aten::topk,other,python,CPU,thread 166178 (python),"((32768, 32), (), (), (), ())","('float', 'Scalar', 'Scalar', 'Scalar', 'Scalar')","((32, 1), (), (), (), ())","('', '4', '1', 'True', 'True')",314,192,3145.134,16.38090625,4.008115844064042,,,,,,,,,120.71570841471356,3.8270271602686736,23177.416015625,14.84,12.477,32.865,,,,,,,120.0390625,113.51953125,136.4384765625,"[{'name': 'void at::native::sbtopk::gatherTopK<float, unsigned int, 2, false>(at::cuda::detail::TensorInfo<float const, unsigned int>, unsigned int, unsigned int, bool, unsigned int, unsigned int, at::cuda::detail::TensorInfo<float, unsigned int>, unsigned int, at::cuda::detail::TensorInfo<long, unsigned int>, unsigned int, float*)', 'stream': 0, 'count': 192, 'total_duration_us': np.float64(20693.761), 'mean_duration_us': np.float64(107.78000520833332), 'median_duration_us': np.float64(107.12), 'std_dev_duration_us': np.float64(3.4543194932477235), 'min_duration_us': np.float64(101.039), 'max_duration_us': np.float64(122.8)}, {'name': 'void at::native::bitonicSortKVInPlace<2, -1, 16, 16, float, long, at::native::GTOp<float, true>, unsigned int>(at::cuda::detail::TensorInfo<float, unsigned int>, unsigned int, unsigned int, unsigned int, at::cuda::detail::TensorInfo<long, unsigned int>, unsigned int, at::native::GTOp<float, true>)', 'stream': 0, 'count': 192, 'total_duration_us': np.float64(2483.6639999999998), 'mean_duration_us': np.float64(12.935749999999999), 'median_duration_us': np.float64(12.7595), 'std_dev_duration_us': np.float64(0.7706939108145767), 'min_duration_us': np.float64(11.679), 'max_duration_us': np.float64(17.919)}]","[{'name': 'void at::native::sbtopk::gatherTopK<float, unsigned int, 2, fals...', 'stream': 0, 'mean_duration_us': np.float64(107.78)}, {'name': 'void at::native::bitonicSortKVInPlace<2, -1, 16, 16, float, long...', 'stream': 0, 'mean_duration_us': np.float64(12.94)}]",,False,0.1952740864022084,96.5832258084764,other,other
aten::topk,other,python,CPU,thread 166178 (python),"((32768, 32), (), (), (), ())","('c10::BFloat16', 'Scalar', 'Scalar', 'Scalar', 'Scalar')","((32, 1), (), (), (), ())","('', '4', '1', 'True', 'True')",276,192,4048.131,21.084015625,7.756137628066795,,,,,,,,,108.67090861002605,2.9589562657511856,20864.814453125,17.859499999999997,15.861,57.098,,,,,,,108.0791015625,103.87890625,121.919921875,"[{'name': 'void at::native::sbtopk::gatherTopK<c10::BFloat16, unsigned int, 2, false>(at::cuda::detail::TensorInfo<c10::BFloat16 const, unsigned int>, unsigned int, unsigned int, bool, unsigned int, unsigned int, at::cuda::detail::TensorInfo<c10::BFloat16, unsigned int>, unsigned int, at::cuda::detail::TensorInfo<long, unsigned int>, unsigned int, c10::BFloat16*)', 'stream': 0, 'count': 192, 'total_duration_us': np.float64(18437.216), 'mean_duration_us': np.float64(96.02716666666667), 'median_duration_us': np.float64(95.42), 'std_dev_duration_us': np.float64(2.66180750253574), 'min_duration_us': np.float64(91.6), 'max_duration_us': np.float64(109.0)}, {'name': 'void at::native::bitonicSortKVInPlace<2, -1, 16, 16, c10::BFloat16, long, at::native::GTOp<c10::BFloat16, true>, unsigned int>(at::cuda::detail::TensorInfo<c10::BFloat16, unsigned int>, unsigned int, unsigned int, unsigned int, at::cuda::detail::TensorInfo<long, unsigned int>, unsigned int, at::native::GTOp<c10::BFloat16, true>)', 'stream': 0, 'count': 192, 'total_duration_us': np.float64(2427.599), 'mean_duration_us': np.float64(12.643744791666668), 'median_duration_us': np.float64(12.599), 'std_dev_duration_us': np.float64(0.5508400237307622), 'min_duration_us': np.float64(11.519), 'max_duration_us': np.float64(14.679)}]","[{'name': 'void at::native::sbtopk::gatherTopK<c10::BFloat16, unsigned int,...', 'stream': 0, 'mean_duration_us': np.float64(96.03)}, {'name': 'void at::native::bitonicSortKVInPlace<2, -1, 16, 16, c10::BFloat...', 'stream': 0, 'mean_duration_us': np.float64(12.64)}]",,False,0.1757899835572205,96.75901579203364,other,other
_OperationFuserAutogradFunction,other,python,CPU,thread 166178 (python),"((4096, 8, 8, 64), (64,))","('c10::BFloat16', 'c10::BFloat16')","((40960, 5120, 640, 1), (1,))","('', '')",145,192,12763.97,66.47901041666667,10.810328765621955,,,,,,,,,51.52891540527344,1.063849322129371,9893.5517578125,63.1565,56.387,143.916,,,,,,,51.3984375,49.3583984375,54.6787109375,"[{'name': 'void at::native::elementwise_kernel_manual_unroll<128, 8, at::native::gpu_kernel_impl_nocast<at::native::direct_copy_kernel_cuda(at::TensorIteratorBase&)::{lambda()#3}::operator()() const::{lambda()#12}::operator()() const::{lambda(c10::BFloat16)#1}>(at::TensorIteratorBase&, at::native::direct_copy_kernel_cuda(at::TensorIteratorBase&)::{lambda()#3}::operator()() const::{lambda()#12}::operator()() const::{lambda(c10::BFloat16)#1} const&)::{lambda(int, bool)#1}>(int, at::native::gpu_kernel_impl_nocast<at::native::direct_copy_kernel_cuda(at::TensorIteratorBase&)::{lambda()#3}::operator()() const::{lambda()#12}::operator()() const::{lambda(c10::BFloat16)#1}>(at::TensorIteratorBase&, at::native::direct_copy_kernel_cuda(at::TensorIteratorBase&)::{lambda()#3}::operator()() const::{lambda()#12}::operator()() const::{lambda(c10::BFloat16)#1} const&)::{lambda(int, bool)#1})', 'stream': 0, 'count': 192, 'total_duration_us': np.float64(3214.516), 'mean_duration_us': np.float64(16.742270833333333), 'median_duration_us': np.float64(16.599), 'std_dev_duration_us': np.float64(0.7476333977843946), 'min_duration_us': np.float64(15.52), 'max_duration_us': np.float64(19.639)}, {'name': 'void transformer_engine::normalization::rmsnorm_fwd_general_kernel<transformer_engine::normalization::Kernel_traits<hip_bfloat16, hip_bfloat16, hip_bfloat16, float, unsigned int, 128u, 1u, 4u, 1u, 8u, transformer_engine::normalization::Kernel_traits_base<128u, hip_bfloat16, hip_bfloat16, hip_bfloat16, float, unsigned int, 128u> > >(transformer_engine::normalization::ForwardKernelParams)', 'stream': 0, 'count': 192, 'total_duration_us': np.float64(6679.034), 'mean_duration_us': np.float64(34.78663541666666), 'median_duration_us': np.float64(34.5595), 'std_dev_duration_us': np.float64(0.7654799436708493), 'min_duration_us': np.float64(33.479), 'max_duration_us': np.float64(37.28)}]","[{'name': 'void at::native::elementwise_kernel_manual_unroll<128, 8, at::na...', 'stream': 0, 'mean_duration_us': np.float64(16.74)}, {'name': 'void transformer_engine::normalization::rmsnorm_fwd_general_kern...', 'stream': 0, 'mean_duration_us': np.float64(34.79)}]",,False,0.0833550331701073,98.24050104894278,other,other
FusedRoPEFunc,other,python,CPU,thread 166178 (python),"((4096, 8, 8, 64), (4096, 1, 1, 64), (), (), (), (), ())","('c10::BFloat16', 'float', '', 'Scalar', '', 'Scalar', 'Scalar')","((4096, 512, 64, 1), (64, 64, 64, 1), (), (), (), (), ())","('', '', '', 'False', '', '1', '0')",161,192,2506.709,13.055776041666666,3.024982299606207,,,,,,,,,50.02531941731771,1.378792535916465,9604.861328125,12.407,9.653,27.518,,,,,,,50.0390625,47.080078125,59.7197265625,"[{'name': 'void transformer_engine::fused_rope_forward_kernel<hip_bfloat16>(hip_bfloat16 const*, int const*, float const*, int const*, hip_bfloat16*, bool, int, int, int, int, int, int, int, int, int, int, int, int, int, int)', 'stream': 0, 'count': 192, 'total_duration_us': np.float64(9604.864), 'mean_duration_us': np.float64(50.02533333333333), 'median_duration_us': np.float64(50.039), 'std_dev_duration_us': np.float64(1.3751478607367604), 'min_duration_us': np.float64(47.08), 'max_duration_us': np.float64(59.72)}]","[{'name': 'void transformer_engine::fused_rope_forward_kernel<hip_bfloat16>...', 'stream': 0, 'mean_duration_us': np.float64(50.03)}]",,False,0.0809227620371957,98.32142381097997,other,other
FusedRoPEFuncBackward,other,python,CPU,thread 166796 (pt_autograd_0),"((4096, 8, 8, 64),)","('c10::BFloat16',)","((512, 2097152, 64, 1),)","('',)",138876,192,3810.696,19.847375,3.7707753039222793,,,,,,,,,46.1627451578776,1.7265891481732978,8863.2470703125,18.8705,16.673,52.742,,,,,,,45.939453125,42.6796875,51.16015625,"[{'name': 'void transformer_engine::fused_rope_backward_kernel<hip_bfloat16>(hip_bfloat16 const*, int const*, float const*, hip_bfloat16*, bool, int, int, int, int, int, int, int, int, int, int, int, int, int, int)', 'stream': 0, 'count': 192, 'total_duration_us': np.float64(8863.248), 'mean_duration_us': np.float64(46.162749999999996), 'median_duration_us': np.float64(45.939499999999995), 'std_dev_duration_us': np.float64(1.7220640776405505), 'min_duration_us': np.float64(42.68), 'max_duration_us': np.float64(51.16)}]","[{'name': 'void transformer_engine::fused_rope_backward_kernel<hip_bfloat16...', 'stream': 0, 'mean_duration_us': np.float64(46.16)}]",,False,0.0746745225199191,98.47618130011708,other,other
RouterGatingLinearFunction,other,python,CPU,thread 166178 (python),"((4096, 8, 2880), (32, 2880), ())","('c10::BFloat16', 'c10::BFloat16', '')","((23040, 2880, 1), (2880, 1), ())","('', '', '')",243,192,12961.248,67.5065,15.262842681918212,,,,,,,,,42.14915466308594,0.9434147880600908,8092.6376953125,62.856,58.49,211.449,,,,,,,42.07958984375,39.3603515625,48.1591796875,"[{'name': 'Cijk_Alik_Bljk_BBS_BH_Bias_HA_S_SAV_UserArgs_MT32x128x64_MI16x16x1_SN_LDSB1_AFC1_AFEM1_AFEM1_ASEM1_CLR1_CADS0_DTLA0_DTLB0_DTVA0_DTVB0_EPS0_FDSI0_GRPM1_GRVWA8_GRVWB8_GSU0_GSUAMB_GLS0_ISA950_IU1_K1_LBSPPA128_LBSPPB512_LBSPPM0_LPA16_LPB16_LPM0_LRVW8_LWPMn1_MIAV0_MIWT1_4_MO40_NTn1_NTA0_NTB0_NTC0_NTD0_NTM0_NEPBS0_NLCA1_NLCB1_ONLL1_PGR2_PLR1_PKA1_SIA3_SS1_SPO0_SRVW0_SSO0_SVW1_SK3_SKXCCM8_TLDS1_ULSGRO0_USL1_UIOFGRO0_USFGRO0_VSn1_VWA1_VWB4_WSGRA0_WSGRB0_WS64_WG32_8_1', 'stream': 0, 'count': 192, 'total_duration_us': np.float64(8092.641), 'mean_duration_us': np.float64(42.149171875), 'median_duration_us': np.float64(42.079499999999996), 'std_dev_duration_us': np.float64(0.9409357247800284), 'min_duration_us': np.float64(39.36), 'max_duration_us': np.float64(48.159)}]","[{'name': 'Cijk_Alik_Bljk_BBS_BH_Bias_HA_S_SAV_UserArgs_MT32x128x64_MI16x16...', 'stream': 0, 'mean_duration_us': np.float64(42.15)}]",,False,0.0681819936903612,98.61329193687004,other,other
aten::masked_scatter_,other,python,CPU,thread 166796 (pt_autograd_0),"((32, 32768), (32, 32768), (131072,))","('c10::BFloat16', 'bool', 'c10::BFloat16')","((32768, 1), (32768, 1), (1,))","('', '', '')",138616,192,6680.033,34.79183854166667,5.628802473699968,,,,,,,,,34.131927490234375,4.80614532114679,6553.330078125,33.2605,29.7,65.39,,,,,,,32.255859375,27.2783203125,45.4365234375,"[{'name': 'void rocprim::ROCPRIM_400200_NS::detail::init_lookback_scan_state_kernel<rocprim::ROCPRIM_400200_NS::detail::lookback_scan_state<long, false, true>, rocprim::ROCPRIM_400200_NS::detail::block_id_wrapper<unsigned int, true> >(rocprim::ROCPRIM_400200_NS::detail::lookback_scan_state<long, false, true>, unsigned int, rocprim::ROCPRIM_400200_NS::detail::block_id_wrapper<unsigned int, true>, unsigned int, rocprim::ROCPRIM_400200_NS::detail::lookback_scan_state<long, false, true>::value_type*)', 'stream': 0, 'count': 192, 'total_duration_us': np.float64(1304.221), 'mean_duration_us': np.float64(6.792817708333334), 'median_duration_us': np.float64(6.138999999999999), 'std_dev_duration_us': np.float64(2.0113083876699305), 'min_duration_us': np.float64(3.839), 'max_duration_us': np.float64(14.159)}, {'name': 'void rocprim::ROCPRIM_400200_NS::detail::trampoline_kernel<rocprim::ROCPRIM_400200_NS::detail::wrapped_scan_config<rocprim::ROCPRIM_400200_NS::default_config, long>, (rocprim::ROCPRIM_400200_NS::detail::target_arch)950, rocprim::ROCPRIM_400200_NS::detail::scan_impl<(rocprim::ROCPRIM_400200_NS::detail::lookback_scan_determinism)0, true, true, rocprim::ROCPRIM_400200_NS::default_config, hipcub::HIPCUB_400200_NS::TransformInputIterator<bool, at::cuda::cub::(anonymous namespace)::CountMaskOp, unsigned char const*, long>, long*, long, at::cuda::cub::(anonymous namespace)::SumOp<long>, long>(void*, unsigned long&, hipcub::HIPCUB_400200_NS::TransformInputIterator<bool, at::cuda::cub::(anonymous namespace)::CountMaskOp, unsigned char const*, long>, long*, long, unsigned long, at::cuda::cub::(anonymous namespace)::SumOp<long>, ihipStream_t*, bool)::{lambda(auto:1, auto:2)#1}::operator()<std::integral_constant<bool, false>, std::integral_constant<bool, true> >(std::integral_constant<bool, false>, std::integral_constant<bool, true>) const::{lambda(auto:1)#1}, rocprim::ROCPRIM_400200_NS::detail::default_config_selector>(rocprim::ROCPRIM_400200_NS::detail::scan_impl<(rocprim::ROCPRIM_400200_NS::detail::lookback_scan_determinism)0, true, true, rocprim::ROCPRIM_400200_NS::default_config, hipcub::HIPCUB_400200_NS::TransformInputIterator<bool, at::cuda::cub::(anonymous namespace)::CountMaskOp, unsigned char const*, long>, long*, long, at::cuda::cub::(anonymous namespace)::SumOp<long>, long>(void*, unsigned long&, hipcub::HIPCUB_400200_NS::TransformInputIterator<bool, at::cuda::cub::(anonymous namespace)::CountMaskOp, unsigned char const*, long>, long*, long, unsigned long, at::cuda::cub::(anonymous namespace)::SumOp<long>, ihipStream_t*, bool)::{lambda(auto:1, auto:2)#1}::operator()<std::integral_constant<bool, false>, std::integral_constant<bool, true> >(std::integral_constant<bool, false>, std::integral_constant<bool, true>) const::{lambda(auto:1)#1})', 'stream': 0, 'count': 192, 'total_duration_us': np.float64(2978.154), 'mean_duration_us': np.float64(15.51121875), 'median_duration_us': np.float64(15.459), 'std_dev_duration_us': np.float64(0.9215824276202524), 'min_duration_us': np.float64(13.439), 'max_duration_us': np.float64(17.919)}, {'name': 'at::native::(anonymous namespace)::masked_scatter_size_check(long const*, bool const*, long)', 'stream': 0, 'count': 192, 'total_duration_us': np.float64(1291.7020000000002), 'mean_duration_us': np.float64(6.7276145833333345), 'median_duration_us': np.float64(6.058999999999999), 'std_dev_duration_us': np.float64(1.9597683821999627), 'min_duration_us': np.float64(3.999), 'max_duration_us': np.float64(11.479)}, {'name': 'void at::native::vectorized_elementwise_kernel<4, at::native::launch_masked_scatter_kernel(at::TensorBase const&, at::TensorBase const&, at::TensorBase const&, at::TensorBase const&)::{lambda()#1}::operator()() const::{lambda()#11}::operator()() const::{lambda(c10::BFloat16, bool, long)#1}, std::array<char*, 4ul> >(int, at::native::launch_masked_scatter_kernel(at::TensorBase const&, at::TensorBase const&, at::TensorBase const&, at::TensorBase const&)::{lambda()#1}::operator()() const::{lambda()#11}::operator()() const::{lambda(c10::BFloat16, bool, long)#1}, std::array<char*, 4ul>)', 'stream': 0, 'count': 192, 'total_duration_us': np.float64(979.298), 'mean_duration_us': np.float64(5.100510416666666), 'median_duration_us': np.float64(4.799), 'std_dev_duration_us': np.float64(0.8450282662283116), 'min_duration_us': np.float64(4.079), 'max_duration_us': np.float64(8.759)}]","[{'name': 'void rocprim::ROCPRIM_400200_NS::detail::init_lookback_scan_stat...', 'stream': 0, 'mean_duration_us': np.float64(6.79)}, {'name': 'void rocprim::ROCPRIM_400200_NS::detail::trampoline_kernel<rocpr...', 'stream': 0, 'mean_duration_us': np.float64(15.51)}, {'name': 'at::native::(anonymous namespace)::masked_scatter_size_check(lon...', 'stream': 0, 'mean_duration_us': np.float64(6.73)}, {'name': 'void at::native::vectorized_elementwise_kernel<4, at::native::la...', 'stream': 0, 'mean_duration_us': np.float64(5.1)}]",,False,0.0552130376844109,98.7343171948929,other,other
aten::embedding_dense_backward,other,python,CPU,thread 166796 (pt_autograd_0),"((8, 4096, 2880), (8, 4096), (), (), ())","('c10::BFloat16', 'long int', 'Scalar', 'Scalar', 'Scalar')","((2880, 23040, 1), (4096, 1), (), (), ())","('', '', '100096', '-1', 'False')",159337,8,2082.811,260.351375,21.473799630097403,,,,,,,,,796.4854736328125,39.60854775582549,6371.8837890625,260.712,222.995,295.865,,,,,,,793.0439453125,761.6279296875,887.8662109375,"[{'name': 'void at::native::elementwise_kernel_manual_unroll<128, 8, at::native::gpu_kernel_impl_nocast<at::native::direct_copy_kernel_cuda(at::TensorIteratorBase&)::{lambda()#3}::operator()() const::{lambda()#12}::operator()() const::{lambda(c10::BFloat16)#1}>(at::TensorIteratorBase&, at::native::direct_copy_kernel_cuda(at::TensorIteratorBase&)::{lambda()#3}::operator()() const::{lambda()#12}::operator()() const::{lambda(c10::BFloat16)#1} const&)::{lambda(int, bool)#1}>(int, at::native::gpu_kernel_impl_nocast<at::native::direct_copy_kernel_cuda(at::TensorIteratorBase&)::{lambda()#3}::operator()() const::{lambda()#12}::operator()() const::{lambda(c10::BFloat16)#1}>(at::TensorIteratorBase&, at::native::direct_copy_kernel_cuda(at::TensorIteratorBase&)::{lambda()#3}::operator()() const::{lambda()#12}::operator()() const::{lambda(c10::BFloat16)#1} const&)::{lambda(int, bool)#1})', 'stream': 0, 'count': 8, 'total_duration_us': np.float64(1184.123), 'mean_duration_us': np.float64(148.015375), 'median_duration_us': np.float64(145.5405), 'std_dev_duration_us': np.float64(9.136106609731245), 'min_duration_us': np.float64(140.481), 'max_duration_us': np.float64(171.2)}, {'name': 'void (anonymous namespace)::elementwise_kernel_with_index<int, at::native::arange_cuda_out(c10::Scalar const&, c10::Scalar const&, c10::Scalar const&, at::Tensor&)::{lambda()#1}::operator()() const::{lambda()#4}::operator()() const::{lambda(long)#1}>(int, at::native::arange_cuda_out(c10::Scalar const&, c10::Scalar const&, c10::Scalar const&, at::Tensor&)::{lambda()#1}::operator()() const::{lambda()#4}::operator()() const::{lambda(long)#1}, function_traits<at::native::arange_cuda_out(c10::Scalar const&, c10::Scalar const&, c10::Scalar const&, at::Tensor&)::{lambda()#1}::operator()() const::{lambda()#4}::operator()() const::{lambda(long)#1}>::result_type*)', 'stream': 0, 'count': 8, 'total_duration_us': np.float64(38.032), 'mean_duration_us': np.float64(4.754), 'median_duration_us': np.float64(4.679), 'std_dev_duration_us': np.float64(0.34781460578877366), 'min_duration_us': np.float64(4.439), 'max_duration_us': np.float64(5.599)}, {'name': 'void rocprim::ROCPRIM_400200_NS::detail::trampoline_kernel<rocprim::ROCPRIM_400200_NS::detail::wrapped_radix_sort_block_sort_config<rocprim::ROCPRIM_400200_NS::kernel_config<256u, 4u, 4294967295u>, long, at::cuda::cub::detail::OpaqueType<8> >, (rocprim::ROCPRIM_400200_NS::detail::target_arch)950, rocprim::ROCPRIM_400200_NS::detail::radix_sort_block_sort<rocprim::ROCPRIM_400200_NS::kernel_config<256u, 4u, 4294967295u>, false, long const*, long*, at::cuda::cub::detail::OpaqueType<8> const*, at::cuda::cub::detail::OpaqueType<8>*, rocprim::ROCPRIM_400200_NS::identity_decomposer>(long const*, long*, at::cuda::cub::detail::OpaqueType<8> const*, at::cuda::cub::detail::OpaqueType<8>*, unsigned int, unsigned int&, rocprim::ROCPRIM_400200_NS::identity_decomposer, unsigned int, unsigned int, ihipStream_t*, bool)::{lambda(auto:1)#1}, rocprim::ROCPRIM_400200_NS::detail::radix_sort_config_selector>(rocprim::ROCPRIM_400200_NS::detail::radix_sort_block_sort<rocprim::ROCPRIM_400200_NS::kernel_config<256u, 4u, 4294967295u>, false, long const*, long*, at::cuda::cub::detail::OpaqueType<8> const*, at::cuda::cub::detail::OpaqueType<8>*, rocprim::ROCPRIM_400200_NS::identity_decomposer>(long const*, long*, at::cuda::cub::detail::OpaqueType<8> const*, at::cuda::cub::detail::OpaqueType<8>*, unsigned int, unsigned int&, rocprim::ROCPRIM_400200_NS::identity_decomposer, unsigned int, unsigned int, ihipStream_t*, bool)::{lambda(auto:1)#1})', 'stream': 0, 'count': 8, 'total_duration_us': np.float64(158.632), 'mean_duration_us': np.float64(19.829), 'median_duration_us': np.float64(19.519), 'std_dev_duration_us': np.float64(0.8054191455385206), 'min_duration_us': np.float64(18.959), 'max_duration_us': np.float64(21.079)}, {'name': 'void rocprim::ROCPRIM_400200_NS::detail::trampoline_kernel<rocprim::ROCPRIM_400200_NS::detail::wrapped_merge_sort_block_merge_config<rocprim::ROCPRIM_400200_NS::default_config, long, at::cuda::cub::detail::OpaqueType<8> >, (rocprim::ROCPRIM_400200_NS::detail::target_arch)950, rocprim::ROCPRIM_400200_NS::detail::merge_sort_block_merge_impl<rocprim::ROCPRIM_400200_NS::default_config, long*, at::cuda::cub::detail::OpaqueType<8>*, unsigned int, rocprim::ROCPRIM_400200_NS::detail::radix_merge_compare<false, false, long, rocprim::ROCPRIM_400200_NS::identity_decomposer> >(long*, at::cuda::cub::detail::OpaqueType<8>*, unsigned int, unsigned int, rocprim::ROCPRIM_400200_NS::detail::radix_merge_compare<false, false, long, rocprim::ROCPRIM_400200_NS::identity_decomposer>, ihipStream_t*, bool, std::iterator_traits<long*>::value_type*, std::iterator_traits<at::cuda::cub::detail::OpaqueType<8>*>::value_type*, unsigned int*, rocprim::ROCPRIM_400200_NS::detail::vsmem_t)::{lambda(auto:1, auto:2, auto:3, auto:4)#1}::operator()<long*, long*, at::cuda::cub::detail::OpaqueType<8>*, at::cuda::cub::detail::OpaqueType<8>*>(long*, long*, at::cuda::cub::detail::OpaqueType<8>*, at::cuda::cub::detail::OpaqueType<8>*) const::{lambda(auto:1)#3}, rocprim::ROCPRIM_400200_NS::detail::merge_oddeven_config_selector>(rocprim::ROCPRIM_400200_NS::detail::merge_sort_block_merge_impl<rocprim::ROCPRIM_400200_NS::default_config, long*, at::cuda::cub::detail::OpaqueType<8>*, unsigned int, rocprim::ROCPRIM_400200_NS::detail::radix_merge_compare<false, false, long, rocprim::ROCPRIM_400200_NS::identity_decomposer> >(long*, at::cuda::cub::detail::OpaqueType<8>*, unsigned int, unsigned int, rocprim::ROCPRIM_400200_NS::detail::radix_merge_compare<false, false, long, rocprim::ROCPRIM_400200_NS::identity_decomposer>, ihipStream_t*, bool, std::iterator_traits<long*>::value_type*, std::iterator_traits<at::cuda::cub::detail::OpaqueType<8>*>::value_type*, unsigned int*, rocprim::ROCPRIM_400200_NS::detail::vsmem_t)::{lambda(auto:1, auto:2, auto:3, auto:4)#1}::operator()<long*, long*, at::cuda::cub::detail::OpaqueType<8>*, at::cuda::cub::detail::OpaqueType<8>*>(long*, long*, at::cuda::cub::detail::OpaqueType<8>*, at::cuda::cub::detail::OpaqueType<8>*) const::{lambda(auto:1)#3})', 'stream': 0, 'count': 8, 'total_duration_us': np.float64(55.554), 'mean_duration_us': np.float64(6.94425), 'median_duration_us': np.float64(5.599), 'std_dev_duration_us': np.float64(3.7595974102954157), 'min_duration_us': np.float64(5.199), 'max_duration_us': np.float64(16.88)}, {'name': 'void rocprim::ROCPRIM_400200_NS::detail::trampoline_kernel<rocprim::ROCPRIM_400200_NS::detail::wrapped_merge_sort_block_merge_config<rocprim::ROCPRIM_400200_NS::default_config, long, at::cuda::cub::detail::OpaqueType<8> >, (rocprim::ROCPRIM_400200_NS::detail::target_arch)950, rocprim::ROCPRIM_400200_NS::detail::merge_sort_block_merge_impl<rocprim::ROCPRIM_400200_NS::default_config, long*, at::cuda::cub::detail::OpaqueType<8>*, unsigned int, rocprim::ROCPRIM_400200_NS::detail::radix_merge_compare<false, false, long, rocprim::ROCPRIM_400200_NS::identity_decomposer> >(long*, at::cuda::cub::detail::OpaqueType<8>*, unsigned int, unsigned int, rocprim::ROCPRIM_400200_NS::detail::radix_merge_compare<false, false, long, rocprim::ROCPRIM_400200_NS::identity_decomposer>, ihipStream_t*, bool, std::iterator_traits<long*>::value_type*, std::iterator_traits<at::cuda::cub::detail::OpaqueType<8>*>::value_type*, unsigned int*, rocprim::ROCPRIM_400200_NS::detail::vsmem_t)::{lambda(auto:1, auto:2, auto:3, auto:4)#1}::operator()<long*, long*, at::cuda::cub::detail::OpaqueType<8>*, at::cuda::cub::detail::OpaqueType<8>*>(long*, long*, at::cuda::cub::detail::OpaqueType<8>*, at::cuda::cub::detail::OpaqueType<8>*) const::{lambda(auto:1)#3}, rocprim::ROCPRIM_400200_NS::detail::merge_oddeven_config_selector>(rocprim::ROCPRIM_400200_NS::detail::merge_sort_block_merge_impl<rocprim::ROCPRIM_400200_NS::default_config, long*, at::cuda::cub::detail::OpaqueType<8>*, unsigned int, rocprim::ROCPRIM_400200_NS::detail::radix_merge_compare<false, false, long, rocprim::ROCPRIM_400200_NS::identity_decomposer> >(long*, at::cuda::cub::detail::OpaqueType<8>*, unsigned int, unsigned int, rocprim::ROCPRIM_400200_NS::detail::radix_merge_compare<false, false, long, rocprim::ROCPRIM_400200_NS::identity_decomposer>, ihipStream_t*, bool, std::iterator_traits<long*>::value_type*, std::iterator_traits<at::cuda::cub::detail::OpaqueType<8>*>::value_type*, unsigned int*, rocprim::ROCPRIM_400200_NS::detail::vsmem_t)::{lambda(auto:1, auto:2, auto:3, auto:4)#1}::operator()<long*, long*, at::cuda::cub::detail::OpaqueType<8>*, at::cuda::cub::detail::OpaqueType<8>*>(long*, long*, at::cuda::cub::detail::OpaqueType<8>*, at::cuda::cub::detail::OpaqueType<8>*) const::{lambda(auto:1)#3})', 'stream': 0, 'count': 8, 'total_duration_us': np.float64(55.19199999999999), 'mean_duration_us': np.float64(6.898999999999999), 'median_duration_us': np.float64(5.559), 'std_dev_duration_us': np.float64(3.6859734128178405), 'min_duration_us': np.float64(5.119), 'max_duration_us': np.float64(16.639)}, {'name': 'void rocprim::ROCPRIM_400200_NS::detail::trampoline_kernel<rocprim::ROCPRIM_400200_NS::detail::wrapped_merge_sort_block_merge_config<rocprim::ROCPRIM_400200_NS::default_config, long, at::cuda::cub::detail::OpaqueType<8> >, (rocprim::ROCPRIM_400200_NS::detail::target_arch)950, rocprim::ROCPRIM_400200_NS::detail::merge_sort_block_merge_impl<rocprim::ROCPRIM_400200_NS::default_config, long*, at::cuda::cub::detail::OpaqueType<8>*, unsigned int, rocprim::ROCPRIM_400200_NS::detail::radix_merge_compare<false, false, long, rocprim::ROCPRIM_400200_NS::identity_decomposer> >(long*, at::cuda::cub::detail::OpaqueType<8>*, unsigned int, unsigned int, rocprim::ROCPRIM_400200_NS::detail::radix_merge_compare<false, false, long, rocprim::ROCPRIM_400200_NS::identity_decomposer>, ihipStream_t*, bool, std::iterator_traits<long*>::value_type*, std::iterator_traits<at::cuda::cub::detail::OpaqueType<8>*>::value_type*, unsigned int*, rocprim::ROCPRIM_400200_NS::detail::vsmem_t)::{lambda(auto:1, auto:2, auto:3, auto:4)#1}::operator()<long*, long*, at::cuda::cub::detail::OpaqueType<8>*, at::cuda::cub::detail::OpaqueType<8>*>(long*, long*, at::cuda::cub::detail::OpaqueType<8>*, at::cuda::cub::detail::OpaqueType<8>*) const::{lambda(auto:1)#3}, rocprim::ROCPRIM_400200_NS::detail::merge_oddeven_config_selector>(rocprim::ROCPRIM_400200_NS::detail::merge_sort_block_merge_impl<rocprim::ROCPRIM_400200_NS::default_config, long*, at::cuda::cub::detail::OpaqueType<8>*, unsigned int, rocprim::ROCPRIM_400200_NS::detail::radix_merge_compare<false, false, long, rocprim::ROCPRIM_400200_NS::identity_decomposer> >(long*, at::cuda::cub::detail::OpaqueType<8>*, unsigned int, unsigned int, rocprim::ROCPRIM_400200_NS::detail::radix_merge_compare<false, false, long, rocprim::ROCPRIM_400200_NS::identity_decomposer>, ihipStream_t*, bool, std::iterator_traits<long*>::value_type*, std::iterator_traits<at::cuda::cub::detail::OpaqueType<8>*>::value_type*, unsigned int*, rocprim::ROCPRIM_400200_NS::detail::vsmem_t)::{lambda(auto:1, auto:2, auto:3, auto:4)#1}::operator()<long*, long*, at::cuda::cub::detail::OpaqueType<8>*, at::cuda::cub::detail::OpaqueType<8>*>(long*, long*, at::cuda::cub::detail::OpaqueType<8>*, at::cuda::cub::detail::OpaqueType<8>*) const::{lambda(auto:1)#3})', 'stream': 0, 'count': 8, 'total_duration_us': np.float64(57.313), 'mean_duration_us': np.float64(7.164125), 'median_duration_us': np.float64(5.7595), 'std_dev_duration_us': np.float64(3.8093862838225006), 'min_duration_us': np.float64(5.559), 'max_duration_us': np.float64(17.239)}, {'name': 'void rocprim::ROCPRIM_400200_NS::detail::trampoline_kernel<rocprim::ROCPRIM_400200_NS::detail::wrapped_merge_sort_block_merge_config<rocprim::ROCPRIM_400200_NS::default_config, long, at::cuda::cub::detail::OpaqueType<8> >, (rocprim::ROCPRIM_400200_NS::detail::target_arch)950, rocprim::ROCPRIM_400200_NS::detail::merge_sort_block_merge_impl<rocprim::ROCPRIM_400200_NS::default_config, long*, at::cuda::cub::detail::OpaqueType<8>*, unsigned int, rocprim::ROCPRIM_400200_NS::detail::radix_merge_compare<false, false, long, rocprim::ROCPRIM_400200_NS::identity_decomposer> >(long*, at::cuda::cub::detail::OpaqueType<8>*, unsigned int, unsigned int, rocprim::ROCPRIM_400200_NS::detail::radix_merge_compare<false, false, long, rocprim::ROCPRIM_400200_NS::identity_decomposer>, ihipStream_t*, bool, std::iterator_traits<long*>::value_type*, std::iterator_traits<at::cuda::cub::detail::OpaqueType<8>*>::value_type*, unsigned int*, rocprim::ROCPRIM_400200_NS::detail::vsmem_t)::{lambda(auto:1, auto:2, auto:3, auto:4)#1}::operator()<long*, long*, at::cuda::cub::detail::OpaqueType<8>*, at::cuda::cub::detail::OpaqueType<8>*>(long*, long*, at::cuda::cub::detail::OpaqueType<8>*, at::cuda::cub::detail::OpaqueType<8>*) const::{lambda(auto:1)#3}, rocprim::ROCPRIM_400200_NS::detail::merge_oddeven_config_selector>(rocprim::ROCPRIM_400200_NS::detail::merge_sort_block_merge_impl<rocprim::ROCPRIM_400200_NS::default_config, long*, at::cuda::cub::detail::OpaqueType<8>*, unsigned int, rocprim::ROCPRIM_400200_NS::detail::radix_merge_compare<false, false, long, rocprim::ROCPRIM_400200_NS::identity_decomposer> >(long*, at::cuda::cub::detail::OpaqueType<8>*, unsigned int, unsigned int, rocprim::ROCPRIM_400200_NS::detail::radix_merge_compare<false, false, long, rocprim::ROCPRIM_400200_NS::identity_decomposer>, ihipStream_t*, bool, std::iterator_traits<long*>::value_type*, std::iterator_traits<at::cuda::cub::detail::OpaqueType<8>*>::value_type*, unsigned int*, rocprim::ROCPRIM_400200_NS::detail::vsmem_t)::{lambda(auto:1, auto:2, auto:3, auto:4)#1}::operator()<long*, long*, at::cuda::cub::detail::OpaqueType<8>*, at::cuda::cub::detail::OpaqueType<8>*>(long*, long*, at::cuda::cub::detail::OpaqueType<8>*, at::cuda::cub::detail::OpaqueType<8>*) const::{lambda(auto:1)#3})', 'stream': 0, 'count': 8, 'total_duration_us': np.float64(60.433), 'mean_duration_us': np.float64(7.554125), 'median_duration_us': np.float64(6.0395), 'std_dev_duration_us': np.float64(4.055538972735314), 'min_duration_us': np.float64(5.839), 'max_duration_us': np.float64(18.279)}, {'name': 'void rocprim::ROCPRIM_400200_NS::detail::trampoline_kernel<rocprim::ROCPRIM_400200_NS::detail::wrapped_merge_sort_block_merge_config<rocprim::ROCPRIM_400200_NS::default_config, long, at::cuda::cub::detail::OpaqueType<8> >, (rocprim::ROCPRIM_400200_NS::detail::target_arch)950, rocprim::ROCPRIM_400200_NS::detail::merge_sort_block_merge_impl<rocprim::ROCPRIM_400200_NS::default_config, long*, at::cuda::cub::detail::OpaqueType<8>*, unsigned int, rocprim::ROCPRIM_400200_NS::detail::radix_merge_compare<false, false, long, rocprim::ROCPRIM_400200_NS::identity_decomposer> >(long*, at::cuda::cub::detail::OpaqueType<8>*, unsigned int, unsigned int, rocprim::ROCPRIM_400200_NS::detail::radix_merge_compare<false, false, long, rocprim::ROCPRIM_400200_NS::identity_decomposer>, ihipStream_t*, bool, std::iterator_traits<long*>::value_type*, std::iterator_traits<at::cuda::cub::detail::OpaqueType<8>*>::value_type*, unsigned int*, rocprim::ROCPRIM_400200_NS::detail::vsmem_t)::{lambda(auto:1, auto:2, auto:3, auto:4)#1}::operator()<long*, long*, at::cuda::cub::detail::OpaqueType<8>*, at::cuda::cub::detail::OpaqueType<8>*>(long*, long*, at::cuda::cub::detail::OpaqueType<8>*, at::cuda::cub::detail::OpaqueType<8>*) const::{lambda(auto:1)#3}, rocprim::ROCPRIM_400200_NS::detail::merge_oddeven_config_selector>(rocprim::ROCPRIM_400200_NS::detail::merge_sort_block_merge_impl<rocprim::ROCPRIM_400200_NS::default_config, long*, at::cuda::cub::detail::OpaqueType<8>*, unsigned int, rocprim::ROCPRIM_400200_NS::detail::radix_merge_compare<false, false, long, rocprim::ROCPRIM_400200_NS::identity_decomposer> >(long*, at::cuda::cub::detail::OpaqueType<8>*, unsigned int, unsigned int, rocprim::ROCPRIM_400200_NS::detail::radix_merge_compare<false, false, long, rocprim::ROCPRIM_400200_NS::identity_decomposer>, ihipStream_t*, bool, std::iterator_traits<long*>::value_type*, std::iterator_traits<at::cuda::cub::detail::OpaqueType<8>*>::value_type*, unsigned int*, rocprim::ROCPRIM_400200_NS::detail::vsmem_t)::{lambda(auto:1, auto:2, auto:3, auto:4)#1}::operator()<long*, long*, at::cuda::cub::detail::OpaqueType<8>*, at::cuda::cub::detail::OpaqueType<8>*>(long*, long*, at::cuda::cub::detail::OpaqueType<8>*, at::cuda::cub::detail::OpaqueType<8>*) const::{lambda(auto:1)#3})', 'stream': 0, 'count': 8, 'total_duration_us': np.float64(63.353), 'mean_duration_us': np.float64(7.919125), 'median_duration_us': np.float64(6.439500000000001), 'std_dev_duration_us': np.float64(3.92158387764115), 'min_duration_us': np.float64(6.159), 'max_duration_us': np.float64(18.279)}, {'name': 'void rocprim::ROCPRIM_400200_NS::detail::trampoline_kernel<rocprim::ROCPRIM_400200_NS::detail::wrapped_transform_config<rocprim::ROCPRIM_400200_NS::default_config, long, true>, (rocprim::ROCPRIM_400200_NS::detail::target_arch)950, rocprim::ROCPRIM_400200_NS::detail::transform_impl<true, rocprim::ROCPRIM_400200_NS::default_config, long*, long*, rocprim::ROCPRIM_400200_NS::identity<long> >(long*, long*, unsigned long, rocprim::ROCPRIM_400200_NS::identity<long>, ihipStream_t*, bool)::{lambda(auto:1)#1}, rocprim::ROCPRIM_400200_NS::detail::default_config_selector>(rocprim::ROCPRIM_400200_NS::detail::transform_impl<true, rocprim::ROCPRIM_400200_NS::default_config, long*, long*, rocprim::ROCPRIM_400200_NS::identity<long> >(long*, long*, unsigned long, rocprim::ROCPRIM_400200_NS::identity<long>, ihipStream_t*, bool)::{lambda(auto:1)#1})', 'stream': 0, 'count': 8, 'total_duration_us': np.float64(39.632), 'mean_duration_us': np.float64(4.954), 'median_duration_us': np.float64(4.779), 'std_dev_duration_us': np.float64(0.46019017807858503), 'min_duration_us': np.float64(4.719), 'max_duration_us': np.float64(6.159)}, {'name': 'void rocprim::ROCPRIM_400200_NS::detail::trampoline_kernel<rocprim::ROCPRIM_400200_NS::detail::wrapped_transform_config<rocprim::ROCPRIM_400200_NS::default_config, at::cuda::cub::detail::OpaqueType<8>, true>, (rocprim::ROCPRIM_400200_NS::detail::target_arch)950, rocprim::ROCPRIM_400200_NS::detail::transform_impl<true, rocprim::ROCPRIM_400200_NS::default_config, at::cuda::cub::detail::OpaqueType<8>*, at::cuda::cub::detail::OpaqueType<8>*, rocprim::ROCPRIM_400200_NS::identity<at::cuda::cub::detail::OpaqueType<8> > >(at::cuda::cub::detail::OpaqueType<8>*, at::cuda::cub::detail::OpaqueType<8>*, unsigned long, rocprim::ROCPRIM_400200_NS::identity<at::cuda::cub::detail::OpaqueType<8> >, ihipStream_t*, bool)::{lambda(auto:1)#1}, rocprim::ROCPRIM_400200_NS::detail::default_config_selector>(rocprim::ROCPRIM_400200_NS::detail::transform_impl<true, rocprim::ROCPRIM_400200_NS::default_config, at::cuda::cub::detail::OpaqueType<8>*, at::cuda::cub::detail::OpaqueType<8>*, rocprim::ROCPRIM_400200_NS::identity<at::cuda::cub::detail::OpaqueType<8> > >(at::cuda::cub::detail::OpaqueType<8>*, at::cuda::cub::detail::OpaqueType<8>*, unsigned long, rocprim::ROCPRIM_400200_NS::identity<at::cuda::cub::detail::OpaqueType<8> >, ihipStream_t*, bool)::{lambda(auto:1)#1})', 'stream': 0, 'count': 8, 'total_duration_us': np.float64(38.55200000000001), 'mean_duration_us': np.float64(4.819000000000001), 'median_duration_us': np.float64(4.759), 'std_dev_duration_us': np.float64(0.3310589071449369), 'min_duration_us': np.float64(4.479), 'max_duration_us': np.float64(5.559)}, {'name': 'void at::native::vectorized_elementwise_kernel<8, at::native::FillFunctor<c10::BFloat16>, std::array<char*, 1ul> >(int, at::native::FillFunctor<c10::BFloat16>, std::array<char*, 1ul>)', 'stream': 0, 'count': 8, 'total_duration_us': np.float64(619.037), 'mean_duration_us': np.float64(77.379625), 'median_duration_us': np.float64(75.88), 'std_dev_duration_us': np.float64(4.958807844066453), 'min_duration_us': np.float64(74.279), 'max_duration_us': np.float64(90.16)}, {'name': 'void rocprim::ROCPRIM_400200_NS::detail::init_lookback_scan_state_kernel<rocprim::ROCPRIM_400200_NS::detail::lookback_scan_state<unsigned int, false, true>, rocprim::ROCPRIM_400200_NS::detail::block_id_wrapper<unsigned int, true> >(rocprim::ROCPRIM_400200_NS::detail::lookback_scan_state<unsigned int, false, true>, unsigned int, rocprim::ROCPRIM_400200_NS::detail::block_id_wrapper<unsigned int, true>, unsigned int, rocprim::ROCPRIM_400200_NS::detail::lookback_scan_state<unsigned int, false, true>::value_type*)', 'stream': 0, 'count': 8, 'total_duration_us': np.float64(36.833), 'mean_duration_us': np.float64(4.604125), 'median_duration_us': np.float64(4.4990000000000006), 'std_dev_duration_us': np.float64(0.48680988011234955), 'min_duration_us': np.float64(4.239), 'max_duration_us': np.float64(5.839)}, {'name': 'void rocprim::ROCPRIM_400200_NS::detail::trampoline_kernel<rocprim::ROCPRIM_400200_NS::detail::wrapped_partition_config<rocprim::ROCPRIM_400200_NS::default_config, (rocprim::ROCPRIM_400200_NS::detail::partition_subalgo)9, long, int>, (rocprim::ROCPRIM_400200_NS::detail::target_arch)950, rocprim::ROCPRIM_400200_NS::detail::partition_impl<(rocprim::ROCPRIM_400200_NS::detail::partition_subalgo)9, false, rocprim::ROCPRIM_400200_NS::default_config, unsigned int, long const*, thrust::THRUST_200805_400200_NS::counting_iterator<int, thrust::THRUST_200805_400200_NS::use_default, thrust::THRUST_200805_400200_NS::use_default, thrust::THRUST_200805_400200_NS::use_default>, rocprim::ROCPRIM_400200_NS::empty_type*, rocprim::ROCPRIM_400200_NS::tuple<long*, rocprim::ROCPRIM_400200_NS::empty_type>, rocprim::ROCPRIM_400200_NS::tuple<long*, rocprim::ROCPRIM_400200_NS::empty_type*>, rocprim::ROCPRIM_400200_NS::detail::inequality_wrapper<hipcub::HIPCUB_400200_NS::Equality>, long*, rocprim::ROCPRIM_400200_NS::empty_type>(void*, unsigned long&, long const*, thrust::THRUST_200805_400200_NS::counting_iterator<int, thrust::THRUST_200805_400200_NS::use_default, thrust::THRUST_200805_400200_NS::use_default, thrust::THRUST_200805_400200_NS::use_default>, rocprim::ROCPRIM_400200_NS::empty_type*, rocprim::ROCPRIM_400200_NS::tuple<long*, rocprim::ROCPRIM_400200_NS::empty_type>, rocprim::ROCPRIM_400200_NS::tuple<long*, rocprim::ROCPRIM_400200_NS::empty_type*>, long*, unsigned long, rocprim::ROCPRIM_400200_NS::detail::inequality_wrapper<hipcub::HIPCUB_400200_NS::Equality>, ihipStream_t*, bool, rocprim::ROCPRIM_400200_NS::empty_type)::{lambda(auto:1, auto:2)#1}::operator()<std::integral_constant<bool, false>, std::integral_constant<bool, true> >(std::integral_constant<bool, false>, std::integral_constant<bool, true>) const::{lambda(auto:1)#1}, rocprim::ROCPRIM_400200_NS::detail::default_config_selector>(rocprim::ROCPRIM_400200_NS::detail::partition_impl<(rocprim::ROCPRIM_400200_NS::detail::partition_subalgo)9, false, rocprim::ROCPRIM_400200_NS::default_config, unsigned int, long const*, thrust::THRUST_200805_400200_NS::counting_iterator<int, thrust::THRUST_200805_400200_NS::use_default, thrust::THRUST_200805_400200_NS::use_default, thrust::THRUST_200805_400200_NS::use_default>, rocprim::ROCPRIM_400200_NS::empty_type*, rocprim::ROCPRIM_400200_NS::tuple<long*, rocprim::ROCPRIM_400200_NS::empty_type>, rocprim::ROCPRIM_400200_NS::tuple<long*, rocprim::ROCPRIM_400200_NS::empty_type*>, rocprim::ROCPRIM_400200_NS::detail::inequality_wrapper<hipcub::HIPCUB_400200_NS::Equality>, long*, rocprim::ROCPRIM_400200_NS::empty_type>(void*, unsigned long&, long const*, thrust::THRUST_200805_400200_NS::counting_iterator<int, thrust::THRUST_200805_400200_NS::use_default, thrust::THRUST_200805_400200_NS::use_default, thrust::THRUST_200805_400200_NS::use_default>, rocprim::ROCPRIM_400200_NS::empty_type*, rocprim::ROCPRIM_400200_NS::tuple<long*, rocprim::ROCPRIM_400200_NS::empty_type>, rocprim::ROCPRIM_400200_NS::tuple<long*, rocprim::ROCPRIM_400200_NS::empty_type*>, long*, unsigned long, rocprim::ROCPRIM_400200_NS::detail::inequality_wrapper<hipcub::HIPCUB_400200_NS::Equality>, ihipStream_t*, bool, rocprim::ROCPRIM_400200_NS::empty_type)::{lambda(auto:1, auto:2)#1}::operator()<std::integral_constant<bool, false>, std::integral_constant<bool, true> >(std::integral_constant<bool, false>, std::integral_constant<bool, true>) const::{lambda(auto:1)#1})', 'stream': 0, 'count': 8, 'total_duration_us': np.float64(67.273), 'mean_duration_us': np.float64(8.409125), 'median_duration_us': np.float64(8.099499999999999), 'std_dev_duration_us': np.float64(1.2997798311156394), 'min_duration_us': np.float64(7.439), 'max_duration_us': np.float64(11.759)}, {'name': 'void rocprim::ROCPRIM_400200_NS::detail::trampoline_kernel<rocprim::ROCPRIM_400200_NS::detail::wrapped_transform_config<rocprim::ROCPRIM_400200_NS::default_config, unsigned long, true>, (rocprim::ROCPRIM_400200_NS::detail::target_arch)950, rocprim::ROCPRIM_400200_NS::detail::transform_impl<true, rocprim::ROCPRIM_400200_NS::default_config, unsigned long*, long*, rocprim::ROCPRIM_400200_NS::identity<void> >(unsigned long*, long*, unsigned long, rocprim::ROCPRIM_400200_NS::identity<void>, ihipStream_t*, bool)::{lambda(auto:1)#1}, rocprim::ROCPRIM_400200_NS::detail::default_config_selector>(rocprim::ROCPRIM_400200_NS::detail::transform_impl<true, rocprim::ROCPRIM_400200_NS::default_config, unsigned long*, long*, rocprim::ROCPRIM_400200_NS::identity<void> >(unsigned long*, long*, unsigned long, rocprim::ROCPRIM_400200_NS::identity<void>, ihipStream_t*, bool)::{lambda(auto:1)#1})', 'stream': 0, 'count': 8, 'total_duration_us': np.float64(36.272999999999996), 'mean_duration_us': np.float64(4.5341249999999995), 'median_duration_us': np.float64(4.4195), 'std_dev_duration_us': np.float64(0.3762198285244945), 'min_duration_us': np.float64(4.199), 'max_duration_us': np.float64(5.479)}, {'name': 'void at::native::(anonymous namespace)::krn_partials_per_segment<long>(long*, long const*, long const*, long)', 'stream': 0, 'count': 8, 'total_duration_us': np.float64(39.193), 'mean_duration_us': np.float64(4.899125), 'median_duration_us': np.float64(4.579000000000001), 'std_dev_duration_us': np.float64(0.8460231139720712), 'min_duration_us': np.float64(4.399), 'max_duration_us': np.float64(7.12)}, {'name': 'void rocprim::ROCPRIM_400200_NS::detail::init_lookback_scan_state_kernel<rocprim::ROCPRIM_400200_NS::detail::lookback_scan_state<long, false, true>, rocprim::ROCPRIM_400200_NS::detail::block_id_wrapper<unsigned int, true> >(rocprim::ROCPRIM_400200_NS::detail::lookback_scan_state<long, false, true>, unsigned int, rocprim::ROCPRIM_400200_NS::detail::block_id_wrapper<unsigned int, true>, unsigned int, rocprim::ROCPRIM_400200_NS::detail::lookback_scan_state<long, false, true>::value_type*)', 'stream': 0, 'count': 8, 'total_duration_us': np.float64(37.751999999999995), 'mean_duration_us': np.float64(4.718999999999999), 'median_duration_us': np.float64(4.459), 'std_dev_duration_us': np.float64(0.8694826047713663), 'min_duration_us': np.float64(4.159), 'max_duration_us': np.float64(6.999)}, {'name': 'void rocprim::ROCPRIM_400200_NS::detail::trampoline_kernel<rocprim::ROCPRIM_400200_NS::detail::wrapped_scan_config<rocprim::ROCPRIM_400200_NS::default_config, long>, (rocprim::ROCPRIM_400200_NS::detail::target_arch)950, rocprim::ROCPRIM_400200_NS::detail::scan_impl<(rocprim::ROCPRIM_400200_NS::detail::lookback_scan_determinism)0, true, true, rocprim::ROCPRIM_400200_NS::default_config, long const*, long*, long, at::cuda::cub::(anonymous namespace)::SumOp<long>, long>(void*, unsigned long&, long const*, long*, long, unsigned long, at::cuda::cub::(anonymous namespace)::SumOp<long>, ihipStream_t*, bool)::{lambda(auto:1, auto:2)#1}::operator()<std::integral_constant<bool, false>, std::integral_constant<bool, true> >(std::integral_constant<bool, false>, std::integral_constant<bool, true>) const::{lambda(auto:1)#1}, rocprim::ROCPRIM_400200_NS::detail::default_config_selector>(rocprim::ROCPRIM_400200_NS::detail::scan_impl<(rocprim::ROCPRIM_400200_NS::detail::lookback_scan_determinism)0, true, true, rocprim::ROCPRIM_400200_NS::default_config, long const*, long*, long, at::cuda::cub::(anonymous namespace)::SumOp<long>, long>(void*, unsigned long&, long const*, long*, long, unsigned long, at::cuda::cub::(anonymous namespace)::SumOp<long>, ihipStream_t*, bool)::{lambda(auto:1, auto:2)#1}::operator()<std::integral_constant<bool, false>, std::integral_constant<bool, true> >(std::integral_constant<bool, false>, std::integral_constant<bool, true>) const::{lambda(auto:1)#1})', 'stream': 0, 'count': 8, 'total_duration_us': np.float64(62.27199999999999), 'mean_duration_us': np.float64(7.783999999999999), 'median_duration_us': np.float64(7.739), 'std_dev_duration_us': np.float64(0.7132846556599964), 'min_duration_us': np.float64(6.999), 'max_duration_us': np.float64(9.399)}, {'name': 'void at::native::(anonymous namespace)::compute_num_of_partial_segments<long>(long const*, long const*, long const*, long*)', 'stream': 0, 'count': 8, 'total_duration_us': np.float64(36.193), 'mean_duration_us': np.float64(4.524125), 'median_duration_us': np.float64(4.359), 'std_dev_duration_us': np.float64(0.4883583309159373), 'min_duration_us': np.float64(4.159), 'max_duration_us': np.float64(5.759)}, {'name': 'void at::native::(anonymous namespace)::krn_partial_segment_offset<long>(long*, long const*, long const*, long const*, long const*)', 'stream': 0, 'count': 8, 'total_duration_us': np.float64(36.953), 'mean_duration_us': np.float64(4.619125), 'median_duration_us': np.float64(4.479), 'std_dev_duration_us': np.float64(0.39939342680494877), 'min_duration_us': np.float64(4.28), 'max_duration_us': np.float64(5.639)}, {'name': 'void at::native::(anonymous namespace)::compute_grad_weight<c10::BFloat16, long>(long const*, c10::BFloat16 const*, long const*, long, long, long const*, long const*, at::AccumulateType<c10::BFloat16, true>::type*, long)', 'stream': 0, 'count': 8, 'total_duration_us': np.float64(2615.256), 'mean_duration_us': np.float64(326.907), 'median_duration_us': np.float64(329.322), 'std_dev_duration_us': np.float64(5.402478597828972), 'min_duration_us': np.float64(319.442), 'max_duration_us': np.float64(334.002)}, {'name': 'void at::native::(anonymous namespace)::sum_and_scatter<c10::BFloat16, long>(long const*, c10::BFloat16*, long, long const*, long const*, at::AccumulateType<c10::BFloat16, true>::type const*, long const*, long const*, long, long)', 'stream': 0, 'count': 8, 'total_duration_us': np.float64(1034.0410000000002), 'mean_duration_us': np.float64(129.25512500000002), 'median_duration_us': np.float64(131.66), 'std_dev_duration_us': np.float64(8.338926870969368), 'min_duration_us': np.float64(113.56), 'max_duration_us': np.float64(137.761)}]","[{'name': 'void at::native::elementwise_kernel_manual_unroll<128, 8, at::na...', 'stream': 0, 'mean_duration_us': np.float64(148.02)}, {'name': 'void (anonymous namespace)::elementwise_kernel_with_index<int, a...', 'stream': 0, 'mean_duration_us': np.float64(4.75)}, {'name': 'void rocprim::ROCPRIM_400200_NS::detail::trampoline_kernel<rocpr...', 'stream': 0, 'mean_duration_us': np.float64(19.83)}, {'name': 'void rocprim::ROCPRIM_400200_NS::detail::trampoline_kernel<rocpr...', 'stream': 0, 'mean_duration_us': np.float64(6.94)}, {'name': 'void rocprim::ROCPRIM_400200_NS::detail::trampoline_kernel<rocpr...', 'stream': 0, 'mean_duration_us': np.float64(6.9)}, {'name': 'void rocprim::ROCPRIM_400200_NS::detail::trampoline_kernel<rocpr...', 'stream': 0, 'mean_duration_us': np.float64(7.16)}, {'name': 'void rocprim::ROCPRIM_400200_NS::detail::trampoline_kernel<rocpr...', 'stream': 0, 'mean_duration_us': np.float64(7.55)}, {'name': 'void rocprim::ROCPRIM_400200_NS::detail::trampoline_kernel<rocpr...', 'stream': 0, 'mean_duration_us': np.float64(7.92)}, {'name': 'void rocprim::ROCPRIM_400200_NS::detail::trampoline_kernel<rocpr...', 'stream': 0, 'mean_duration_us': np.float64(4.95)}, {'name': 'void rocprim::ROCPRIM_400200_NS::detail::trampoline_kernel<rocpr...', 'stream': 0, 'mean_duration_us': np.float64(4.82)}, {'name': 'void at::native::vectorized_elementwise_kernel<8, at::native::Fi...', 'stream': 0, 'mean_duration_us': np.float64(77.38)}, {'name': 'void rocprim::ROCPRIM_400200_NS::detail::init_lookback_scan_stat...', 'stream': 0, 'mean_duration_us': np.float64(4.6)}, {'name': 'void rocprim::ROCPRIM_400200_NS::detail::trampoline_kernel<rocpr...', 'stream': 0, 'mean_duration_us': np.float64(8.41)}, {'name': 'void rocprim::ROCPRIM_400200_NS::detail::trampoline_kernel<rocpr...', 'stream': 0, 'mean_duration_us': np.float64(4.53)}, {'name': 'void at::native::(anonymous namespace)::krn_partials_per_segment...', 'stream': 0, 'mean_duration_us': np.float64(4.9)}, {'name': 'void rocprim::ROCPRIM_400200_NS::detail::init_lookback_scan_stat...', 'stream': 0, 'mean_duration_us': np.float64(4.72)}, {'name': 'void rocprim::ROCPRIM_400200_NS::detail::trampoline_kernel<rocpr...', 'stream': 0, 'mean_duration_us': np.float64(7.78)}, {'name': 'void at::native::(anonymous namespace)::compute_num_of_partial_s...', 'stream': 0, 'mean_duration_us': np.float64(4.52)}, {'name': 'void at::native::(anonymous namespace)::krn_partial_segment_offs...', 'stream': 0, 'mean_duration_us': np.float64(4.62)}, {'name': 'void at::native::(anonymous namespace)::compute_grad_weight<c10:...', 'stream': 0, 'mean_duration_us': np.float64(326.91)}, {'name': 'void at::native::(anonymous namespace)::sum_and_scatter<c10::BFl...', 'stream': 0, 'mean_duration_us': np.float64(129.26)}]",,False,0.0536843185940746,98.78800151348698,other,other
aten::_softmax,other,python,CPU,thread 166178 (python),"((32768, 32), (), ())","('float', 'Scalar', 'Scalar')","((32, 1), (), ())","('', '-1', 'False')",268,384,3761.036,9.794364583333332,3.906024667387689,,,,,,,,,6.037539164225261,0.4979612768691493,2318.4150390625,9.513,5.798,28.859,,,,,,,5.9990234375,4.958984375,7.87890625,"[{'name': 'void (anonymous namespace)::softmax_warp_forward<float, float, float, 5, false, false>(float*, float const*, int, int, int, bool const*, int, bool)', 'stream': 0, 'count': 384, 'total_duration_us': np.float64(2318.408), 'mean_duration_us': np.float64(6.037520833333333), 'median_duration_us': np.float64(5.999), 'std_dev_duration_us': np.float64(0.4972693975428599), 'min_duration_us': np.float64(4.959), 'max_duration_us': np.float64(7.879)}]","[{'name': 'void (anonymous namespace)::softmax_warp_forward<float, float, f...', 'stream': 0, 'mean_duration_us': np.float64(6.04)}]",,False,0.0195330824777389,99.38970270140771,other,other
aten::arange,other,python,CPU,thread 166178 (python),"((), (), (), (0,))","('Scalar', 'Scalar', 'Scalar', 'long int')","((), (), (), (1,))","('0', '32768', '1', '')",380,384,2804.978,7.304630208333333,1.8413894370066144,,,,,,,,,5.194073994954427,0.893812698795301,1994.5244140625,7.345499999999999,4.757,18.876,,,,,,,4.958984375,4.119140625,12.8388671875,"[{'name': 'void (anonymous namespace)::elementwise_kernel_with_index<int, at::native::arange_cuda_out(c10::Scalar const&, c10::Scalar const&, c10::Scalar const&, at::Tensor&)::{lambda()#1}::operator()() const::{lambda()#4}::operator()() const::{lambda(long)#1}>(int, at::native::arange_cuda_out(c10::Scalar const&, c10::Scalar const&, c10::Scalar const&, at::Tensor&)::{lambda()#1}::operator()() const::{lambda()#4}::operator()() const::{lambda(long)#1}, function_traits<at::native::arange_cuda_out(c10::Scalar const&, c10::Scalar const&, c10::Scalar const&, at::Tensor&)::{lambda()#1}::operator()() const::{lambda()#4}::operator()() const::{lambda(long)#1}>::result_type*)', 'stream': 0, 'count': 384, 'total_duration_us': np.float64(1994.554), 'mean_duration_us': np.float64(5.194151041666667), 'median_duration_us': np.float64(4.959), 'std_dev_duration_us': np.float64(0.8926424215840377), 'min_duration_us': np.float64(4.119), 'max_duration_us': np.float64(12.839)}]","[{'name': 'void (anonymous namespace)::elementwise_kernel_with_index<int, a...', 'stream': 0, 'mean_duration_us': np.float64(5.19)}]",,False,0.0168042430830248,99.44351627752414,other,other
aten::arange,other,python,CPU,thread 166178 (python),"((), (), (), (0,))","('Scalar', 'Scalar', 'Scalar', 'long int')","((), (), (), (1,))","('0', '131072', '1', '')",373,192,1913.565,9.966484375,2.315487930388652,,,,,,,,,5.95709228515625,1.2584220275490754,1143.76171875,9.1875,8.031,22.361,,,,,,,5.8388671875,5.1591796875,18.7587890625,"[{'name': 'void (anonymous namespace)::elementwise_kernel_with_index<int, at::native::arange_cuda_out(c10::Scalar const&, c10::Scalar const&, c10::Scalar const&, at::Tensor&)::{lambda()#1}::operator()() const::{lambda()#4}::operator()() const::{lambda(long)#1}>(int, at::native::arange_cuda_out(c10::Scalar const&, c10::Scalar const&, c10::Scalar const&, at::Tensor&)::{lambda()#1}::operator()() const::{lambda()#4}::operator()() const::{lambda(long)#1}, function_traits<at::native::arange_cuda_out(c10::Scalar const&, c10::Scalar const&, c10::Scalar const&, at::Tensor&)::{lambda()#1}::operator()() const::{lambda()#4}::operator()() const::{lambda(long)#1}>::result_type*)', 'stream': 0, 'count': 192, 'total_duration_us': np.float64(1143.741), 'mean_duration_us': np.float64(5.956984375), 'median_duration_us': np.float64(5.839), 'std_dev_duration_us': np.float64(1.255179670391531), 'min_duration_us': np.float64(5.159), 'max_duration_us': np.float64(18.759)}]","[{'name': 'void (anonymous namespace)::elementwise_kernel_with_index<int, a...', 'stream': 0, 'mean_duration_us': np.float64(5.96)}]",,False,0.0096364074640657,99.78262355195012,other,other
aten::_local_scalar_dense,other,python,CPU,thread 166796 (pt_autograd_0),"((),)","('bool',)","((),)","('',)",287716,148,989896.058,6688.486878378378,9721.15482428942,,,,,,,,,3.791108002533784,0.5161834044430119,561.083984375,36.2745,14.149,35873.651,,,,,,,3.638671875,2.6787109375,5.9990234375,"[{'name': 'Memcpy DtoD (Device -> Device)', 'stream': 0, 'count': 148, 'total_duration_us': np.float64(561.102), 'mean_duration_us': np.float64(3.7912297297297295), 'median_duration_us': np.float64(3.639), 'std_dev_duration_us': np.float64(0.5144093581621468), 'min_duration_us': np.float64(2.679), 'max_duration_us': np.float64(5.999)}]","[{'name': 'Memcpy DtoD (Device -> Device)', 'stream': 0, 'mean_duration_us': np.float64(3.79)}]",,False,0.004727238030757,99.95926996738248,other,other
aten::gather,other,python,CPU,thread 166178 (python),"((100096, 2880), (), (32768, 2880), (), (32768, 2880))","('c10::BFloat16', 'Scalar', 'long int', 'Scalar', 'c10::BFloat16')","((2880, 1), (), (1, 0), (), (2880, 1))","('', '0', '', 'False', '')",92,8,354.683,44.335375,7.456089667178099,,,,,,,,,56.8492431640625,3.483846285855855,454.7939453125,48.0105,29.69,51.07,,,,,,,55.5390625,54.6787109375,65.2001953125,"[{'name': 'void at::native::vectorized_gather_kernel<16, long>(char*, char*, long*, int, long, long, long, long, bool)', 'stream': 0, 'count': 8, 'total_duration_us': np.float64(454.794), 'mean_duration_us': np.float64(56.84925), 'median_duration_us': np.float64(55.539), 'std_dev_duration_us': np.float64(3.258798120089676), 'min_duration_us': np.float64(54.679), 'max_duration_us': np.float64(65.2)}]","[{'name': 'void at::native::vectorized_gather_kernel<16, long>(char*, char*...', 'stream': 0, 'mean_duration_us': np.float64(56.85)}]",,False,0.0038317244731804,99.96310169185568,other,other
aten::cat,other,python,CPU,thread 166178 (python),"(((1,), (1,)), ())","('TensorList', 'Scalar')","(((1,), (1,)), ())","('', '0')",17137,8,209.255,26.156875,0.4305874517115295,,,,,,,,,8.903076171875,0.1610552183977646,71.224609375,26.115,25.425,26.757,,,,,,,8.83837890625,8.7177734375,9.197265625,"[{'name': 'Memcpy DtoD (Device -> Device)', 'stream': 0, 'count': 8, 'total_duration_us': np.float64(34.394000000000005), 'mean_duration_us': np.float64(4.299250000000001), 'median_duration_us': np.float64(4.2989999999999995), 'std_dev_duration_us': np.float64(0.08694933869788775), 'min_duration_us': np.float64(4.199), 'max_duration_us': np.float64(4.479)}, {'name': 'void at::native::elementwise_kernel_manual_unroll<128, 4, at::native::gpu_kernel_impl<at::native::direct_copy_kernel_cuda(at::TensorIteratorBase&)::{lambda()#3}::operator()() const::{lambda()#7}::operator()() const::{lambda(float)#1}>(at::TensorIteratorBase&, at::native::direct_copy_kernel_cuda(at::TensorIteratorBase&)::{lambda()#3}::operator()() const::{lambda()#7}::operator()() const::{lambda(float)#1} const&)::{lambda(int, bool)#1}>(int, at::native::gpu_kernel_impl<at::native::direct_copy_kernel_cuda(at::TensorIteratorBase&)::{lambda()#3}::operator()() const::{lambda()#7}::operator()() const::{lambda(float)#1}>(at::TensorIteratorBase&, at::native::direct_copy_kernel_cuda(at::TensorIteratorBase&)::{lambda()#3}::operator()() const::{lambda()#7}::operator()() const::{lambda(float)#1} const&)::{lambda(int, bool)#1})', 'stream': 0, 'count': 8, 'total_duration_us': np.float64(36.832), 'mean_duration_us': np.float64(4.604), 'median_duration_us': np.float64(4.579000000000001), 'std_dev_duration_us': np.float64(0.07331439149307598), 'min_duration_us': np.float64(4.519), 'max_duration_us': np.float64(4.719)}]","[{'name': 'Memcpy DtoD (Device -> Device)', 'stream': 0, 'mean_duration_us': np.float64(4.3)}, {'name': 'void at::native::elementwise_kernel_manual_unroll<128, 4, at::na...', 'stream': 0, 'mean_duration_us': np.float64(4.6)}]",,False,0.0006000807214954,99.98920117988436,other,other
aten::_local_scalar_dense,other,python,CPU,thread 166178 (python),"((),)","('bool',)","((),)","('',)",17148,16,316518.674,19782.417125,20414.46429334268,,,,,,,,,3.618896484375,0.3647629359049429,57.90234375,19533.0495,15.381,39927.949,,,,,,,3.55859375,3.1591796875,4.478515625,"[{'name': 'Memcpy DtoD (Device -> Device)', 'stream': 0, 'count': 16, 'total_duration_us': np.float64(57.904), 'mean_duration_us': np.float64(3.619), 'median_duration_us': np.float64(3.559), 'std_dev_duration_us': np.float64(0.35327043465311386), 'min_duration_us': np.float64(3.159), 'max_duration_us': np.float64(4.479)}]","[{'name': 'Memcpy DtoD (Device -> Device)', 'stream': 0, 'mean_duration_us': np.float64(3.62)}]",,False,0.0004878381295268,99.991895553349,other,other
aten::_local_scalar_dense,other,python,CPU,thread 166178 (python),"((1,),)","('float',)","((1,),)","('',)",136353,9,2219.699,246.63322222222223,675.38165821737,,,,,,,,,4.016818576388889,0.8313069342393674,36.1513671875,21.89,14.07,2047.512,,,,,,,3.638671875,3.3193359375,5.798828125,"[{'name': 'Memcpy DtoD (Device -> Device)', 'stream': 0, 'count': 9, 'total_duration_us': np.float64(36.151), 'mean_duration_us': np.float64(4.0167777777777784), 'median_duration_us': np.float64(3.639), 'std_dev_duration_us': np.float64(0.7838619177972863), 'min_duration_us': np.float64(3.319), 'max_duration_us': np.float64(5.799)}]","[{'name': 'Memcpy DtoD (Device -> Device)', 'stream': 0, 'mean_duration_us': np.float64(4.02)}]",,False,0.0003045820636334,99.99578629527656,other,other
aten::_local_scalar_dense,other,python,CPU,thread 166178 (python),"((1,),)","('int',)","((1,),)","('',)",137834,1,20.017,20.017,,,,,,,,,,3.798828125,,3.798828125,20.017,20.017,20.017,,,,,,,3.798828125,3.798828125,3.798828125,"[{'name': 'Memcpy DtoD (Device -> Device)', 'stream': 0, 'count': 1, 'total_duration_us': np.float64(3.799), 'mean_duration_us': np.float64(3.799), 'median_duration_us': np.float64(3.799), 'std_dev_duration_us': np.float64(0.0), 'min_duration_us': np.float64(3.799), 'max_duration_us': np.float64(3.799)}]","[{'name': 'Memcpy DtoD (Device -> Device)', 'stream': 0, 'mean_duration_us': np.float64(3.8)}]",,False,3.2005840987981493e-05,99.99985076556722,other,other
aten::cat,other,python,CPU,thread 166178 (python),"(((1, 2), (1, 2), (1, 2), (1, 2), (1, 2), (1, 2), (1, 2), (1, 2)), ())","('TensorList', 'Scalar')","(((2, 1), (2, 1), (2, 1), (2, 1), (2, 1), (2, 1), (2, 1), (2, 1)), ())","('', '0')",137876,1,21.8,21.8,,,,,,,,,,3.0791015625,,3.0791015625,21.8,21.8,21.8,,,,,,,3.0791015625,3.0791015625,3.0791015625,"[{'name': 'void at::native::(anonymous namespace)::CatArrayBatchedCopy_contig<at::native::(anonymous namespace)::OpaqueType<4u>, unsigned int, 2, 128, 1>(at::native::(anonymous namespace)::OpaqueType<4u>*, at::native::(anonymous namespace)::CatArrInputTensorMetadata<at::native::(anonymous namespace)::OpaqueType<4u>, unsigned int, 128, 1>, at::native::(anonymous namespace)::TensorSizeStride<unsigned int, 4u>, int, unsigned int)', 'stream': 0, 'count': 1, 'total_duration_us': np.float64(3.079), 'mean_duration_us': np.float64(3.079), 'median_duration_us': np.float64(3.079), 'std_dev_duration_us': np.float64(0.0), 'min_duration_us': np.float64(3.079), 'max_duration_us': np.float64(3.079)}]","[{'name': 'void at::native::(anonymous namespace)::CatArrayBatchedCopy_cont...', 'stream': 0, 'mean_duration_us': np.float64(3.08)}]",,False,2.594200941776495e-05,99.99993835790222,other,other
