name,op category,process_name,process_label,thread_name,Input Dims,Input type,Input Strides,Concrete Inputs,num_kernels,operation_count,total_direct_kernel_time_mean,total_direct_kernel_time_median,total_direct_kernel_time_std,total_direct_kernel_time_min,total_direct_kernel_time_max,total_direct_kernel_time_sum,ex_UID,kernel_details_summary,trunc_kernel_details,Percentage (%),Cumulative Percentage (%)
AiterFlashAttnFuncBackward,other,python,CPU,thread 166796 (pt_autograd_0),"((8, 4096, 64, 64),)","('c10::BFloat16',)","((4096, 32768, 64, 1),)","('',)",2,192,14003.88005065918,13986.8291015625,150.48086656557564,13686.3662109375,14368.4931640625,2688744.9697265625,138810,"[{'name': '_bwd_preprocess_BLOCK_M_128_BLOCK_D_MODEL_64_IS_VARLEN_0_IS_FP8_0', 'stream': 0, 'count': 192, 'total_duration_us': np.float64(28652.476), 'mean_duration_us': np.float64(149.23164583333332), 'median_duration_us': np.float64(145.36), 'std_dev_duration_us': np.float64(11.874733548746795), 'min_duration_us': np.float64(131.441), 'max_duration_us': np.float64(191.481)}, {'name': 'bwd_kernel_causal_BLOCK_M1_32_BLOCK_N1_128_BLOCK_M2_128_BLOCK_N2_32_BLK_SLICE_FACTOR_2_HEAD_DIM_64_ENABLE_DROPOUT_0_IS_VARLEN_0_USE_ALIBI_0_USE_EXP2_1_IS_FP8_0_USE_INT64_STRIDES_0_ENABLE_SINK_1', 'stream': 0, 'count': 192, 'total_duration_us': np.float64(2660092.49), 'mean_duration_us': np.float64(13854.648385416667), 'median_duration_us': np.float64(13844.349), 'std_dev_duration_us': np.float64(147.9878803426124), 'min_duration_us': np.float64(13549.526), 'max_duration_us': np.float64(14232.133)}]","[{'name': '_bwd_preprocess_BLOCK_M_128_BLOCK_D_MODEL_64_IS_VARLEN_0_IS_FP8_...', 'stream': 0, 'mean_duration_us': np.float64(149.23)}, {'name': 'bwd_kernel_causal_BLOCK_M1_32_BLOCK_N1_128_BLOCK_M2_128_BLOCK_N2...', 'stream': 0, 'mean_duration_us': np.float64(13854.65)}]",22.595395551071643,22.595395551071643
_GroupedLinearBackward,other,python,CPU,thread 166796 (pt_autograd_0),"((131072, 5760),)","('c10::BFloat16',)","((5760, 1),)","('',)",8,192,7724.689682006836,7750.79150390625,114.47895666416824,7142.3837890625,7884.912109375,1483140.4189453125,138295,"[{'name': 'Cijk_Ailk_Bljk_BBS_BH_Bias_HA_S_SAV_UserArgs_MT256x256x64_MI16x16x1_CMS_SN_LDSB0_AFC1_AFEM1_AFEM1_ASEM1_CLR1_CADS0_DTLA1_DTLB1_DTVA0_DTVB0_EPS0_FDSI0_GRPM1_GRVWA8_GRVWB8_GSU0_GSUAMB_GLS0_ISA950_IU1_K1_LBSPPA4096_LBSPPB1024_LBSPPM0_LPA0_LPB16_LPM0_LRVW8_LWPMn1_MIAV0_MIWT8_8_MO40_NTn1_NTA0_NTB0_NTC0_NTD4_NTM0_NEPBS0_NLCA1_NLCB1_ONLL1_PGR2_PLR1_PKA1_SIA3_SS1_SPO0_SRVW0_SSO0_SVW8_SK3_SKXCCM0_TLDS1_ULSGRO0_USL1_UIOFGRO0_USFGRO0_VSn1_VWA8_VWB8_WSGRA0_WSGRB0_WS64_WG32_8_1', 'stream': 16, 'count': 192, 'total_duration_us': np.float64(262882.249), 'mean_duration_us': np.float64(1369.1783802083335), 'median_duration_us': np.float64(1392.6725000000001), 'std_dev_duration_us': np.float64(117.4739817589331), 'min_duration_us': np.float64(701.046), 'max_duration_us': np.float64(1443.773)}, {'name': 'Cijk_Ailk_Bljk_BBS_BH_Bias_HA_S_SAV_UserArgs_MT256x256x64_MI16x16x1_CMS_SN_LDSB0_AFC1_AFEM1_AFEM1_ASEM1_CLR1_CADS0_DTLA1_DTLB1_DTVA0_DTVB0_EPS0_FDSI0_GRPM1_GRVWA8_GRVWB8_GSU0_GSUAMB_GLS0_ISA950_IU1_K1_LBSPPA4096_LBSPPB1024_LBSPPM0_LPA0_LPB16_LPM0_LRVW8_LWPMn1_MIAV0_MIWT8_8_MO40_NTn1_NTA0_NTB0_NTC0_NTD4_NTM0_NEPBS0_NLCA1_NLCB1_ONLL1_PGR2_PLR1_PKA1_SIA3_SS1_SPO0_SRVW0_SSO0_SVW8_SK3_SKXCCM0_TLDS1_ULSGRO0_USL1_UIOFGRO0_USFGRO0_VSn1_VWA8_VWB8_WSGRA0_WSGRB0_WS64_WG32_8_1', 'stream': 17, 'count': 192, 'total_duration_us': np.float64(254096.68099999998), 'mean_duration_us': np.float64(1323.4202135416665), 'median_duration_us': np.float64(1386.612), 'std_dev_duration_us': np.float64(201.15410396644396), 'min_duration_us': np.float64(678.005), 'max_duration_us': np.float64(1454.373)}, {'name': 'Cijk_Ailk_Bljk_BBS_BH_Bias_HA_S_SAV_UserArgs_MT256x256x64_MI16x16x1_CMS_SN_LDSB0_AFC1_AFEM1_AFEM1_ASEM1_CLR1_CADS0_DTLA1_DTLB1_DTVA0_DTVB0_EPS0_FDSI0_GRPM1_GRVWA8_GRVWB8_GSU0_GSUAMB_GLS0_ISA950_IU1_K1_LBSPPA4096_LBSPPB1024_LBSPPM0_LPA0_LPB16_LPM0_LRVW8_LWPMn1_MIAV0_MIWT8_8_MO40_NTn1_NTA0_NTB0_NTC0_NTD4_NTM0_NEPBS0_NLCA1_NLCB1_ONLL1_PGR2_PLR1_PKA1_SIA3_SS1_SPO0_SRVW0_SSO0_SVW8_SK3_SKXCCM0_TLDS1_ULSGRO0_USL1_UIOFGRO0_USFGRO0_VSn1_VWA8_VWB8_WSGRA0_WSGRB0_WS64_WG32_8_1', 'stream': 18, 'count': 192, 'total_duration_us': np.float64(209813.533), 'mean_duration_us': np.float64(1092.7788177083332), 'median_duration_us': np.float64(1352.3114999999998), 'std_dev_duration_us': np.float64(344.984426443552), 'min_duration_us': np.float64(657.165), 'max_duration_us': np.float64(1494.853)}, {'name': 'Cijk_Ailk_Bljk_BBS_BH_Bias_HA_S_SAV_UserArgs_MT256x256x64_MI16x16x1_CMS_SN_LDSB0_AFC1_AFEM1_AFEM1_ASEM1_CLR1_CADS0_DTLA1_DTLB1_DTVA0_DTVB0_EPS0_FDSI0_GRPM1_GRVWA8_GRVWB8_GSU0_GSUAMB_GLS0_ISA950_IU1_K1_LBSPPA4096_LBSPPB1024_LBSPPM0_LPA0_LPB16_LPM0_LRVW8_LWPMn1_MIAV0_MIWT8_8_MO40_NTn1_NTA0_NTB0_NTC0_NTD4_NTM0_NEPBS0_NLCA1_NLCB1_ONLL1_PGR2_PLR1_PKA1_SIA3_SS1_SPO0_SRVW0_SSO0_SVW8_SK3_SKXCCM0_TLDS1_ULSGRO0_USL1_UIOFGRO0_USFGRO0_VSn1_VWA8_VWB8_WSGRA0_WSGRB0_WS64_WG32_8_1', 'stream': 19, 'count': 192, 'total_duration_us': np.float64(228253.351), 'mean_duration_us': np.float64(1188.8195364583332), 'median_duration_us': np.float64(1389.232), 'std_dev_duration_us': np.float64(321.5253662136174), 'min_duration_us': np.float64(681.845), 'max_duration_us': np.float64(1494.373)}, {'name': 'Cijk_Ailk_Bjlk_BBS_BH_Bias_HA_S_SAV_UserArgs_MT192x192x64_MI16x16x1_SN_LDSB0_AFC1_AFEM1_AFEM1_ASEM1_CLR1_CADS0_DTLA0_DTLB0_DTVA0_DTVB0_EPS0_FDSI0_GRPM1_GRVWA8_GRVWB8_GSU0_GSUAMB_GLS0_ISA950_IU1_K1_LBSPPA3072_LBSPPB3072_LBSPPM0_LPA32_LPB32_LPM0_LRVW8_LWPMn1_MIAV0_MIWT6_6_MO40_NTn1_NTA0_NTB0_NTC0_NTD0_NTM0_NEPBS0_NLCA3_NLCB3_ONLL1_PGR2_PLR1_PKA1_SIA3_SS1_SPO0_SRVW0_SSO0_SVW2_SK3_SKXCCM8_TLDS0_ULSGRO0_USL1_UIOFGRO0_USFGRO0_VSn1_VWA2_VWB2_WSGRA0_WSGRB0_WS64_WG32_8_1', 'stream': 16, 'count': 192, 'total_duration_us': np.float64(468146.13100000005), 'mean_duration_us': np.float64(2438.2610989583336), 'median_duration_us': np.float64(2488.643), 'std_dev_duration_us': np.float64(165.28951459152412), 'min_duration_us': np.float64(1854.776), 'max_duration_us': np.float64(2573.903)}, {'name': 'Cijk_Ailk_Bjlk_BBS_BH_Bias_HA_S_SAV_UserArgs_MT192x192x64_MI16x16x1_SN_LDSB0_AFC1_AFEM1_AFEM1_ASEM1_CLR1_CADS0_DTLA0_DTLB0_DTVA0_DTVB0_EPS0_FDSI0_GRPM1_GRVWA8_GRVWB8_GSU0_GSUAMB_GLS0_ISA950_IU1_K1_LBSPPA3072_LBSPPB3072_LBSPPM0_LPA32_LPB32_LPM0_LRVW8_LWPMn1_MIAV0_MIWT6_6_MO40_NTn1_NTA0_NTB0_NTC0_NTD0_NTM0_NEPBS0_NLCA3_NLCB3_ONLL1_PGR2_PLR1_PKA1_SIA3_SS1_SPO0_SRVW0_SSO0_SVW2_SK3_SKXCCM8_TLDS0_ULSGRO0_USL1_UIOFGRO0_USFGRO0_VSn1_VWA2_VWB2_WSGRA0_WSGRB0_WS64_WG32_8_1', 'stream': 17, 'count': 192, 'total_duration_us': np.float64(465159.463), 'mean_duration_us': np.float64(2422.7055364583334), 'median_duration_us': np.float64(2485.6825), 'std_dev_duration_us': np.float64(178.86691950118228), 'min_duration_us': np.float64(1830.896), 'max_duration_us': np.float64(2599.344)}, {'name': 'Cijk_Ailk_Bjlk_BBS_BH_Bias_HA_S_SAV_UserArgs_MT192x192x64_MI16x16x1_SN_LDSB0_AFC1_AFEM1_AFEM1_ASEM1_CLR1_CADS0_DTLA0_DTLB0_DTVA0_DTVB0_EPS0_FDSI0_GRPM1_GRVWA8_GRVWB8_GSU0_GSUAMB_GLS0_ISA950_IU1_K1_LBSPPA3072_LBSPPB3072_LBSPPM0_LPA32_LPB32_LPM0_LRVW8_LWPMn1_MIAV0_MIWT6_6_MO40_NTn1_NTA0_NTB0_NTC0_NTD0_NTM0_NEPBS0_NLCA3_NLCB3_ONLL1_PGR2_PLR1_PKA1_SIA3_SS1_SPO0_SRVW0_SSO0_SVW2_SK3_SKXCCM8_TLDS0_ULSGRO0_USL1_UIOFGRO0_USFGRO0_VSn1_VWA2_VWB2_WSGRA0_WSGRB0_WS64_WG32_8_1', 'stream': 18, 'count': 192, 'total_duration_us': np.float64(428935.377), 'mean_duration_us': np.float64(2234.038421875), 'median_duration_us': np.float64(2406.1215), 'std_dev_duration_us': np.float64(266.1580039086748), 'min_duration_us': np.float64(1694.935), 'max_duration_us': np.float64(2584.943)}, {'name': 'Cijk_Ailk_Bjlk_BBS_BH_Bias_HA_S_SAV_UserArgs_MT192x192x64_MI16x16x1_SN_LDSB0_AFC1_AFEM1_AFEM1_ASEM1_CLR1_CADS0_DTLA0_DTLB0_DTVA0_DTVB0_EPS0_FDSI0_GRPM1_GRVWA8_GRVWB8_GSU0_GSUAMB_GLS0_ISA950_IU1_K1_LBSPPA3072_LBSPPB3072_LBSPPM0_LPA32_LPB32_LPM0_LRVW8_LWPMn1_MIAV0_MIWT6_6_MO40_NTn1_NTA0_NTB0_NTC0_NTD0_NTM0_NEPBS0_NLCA3_NLCB3_ONLL1_PGR2_PLR1_PKA1_SIA3_SS1_SPO0_SRVW0_SSO0_SVW2_SK3_SKXCCM8_TLDS0_ULSGRO0_USL1_UIOFGRO0_USFGRO0_VSn1_VWA2_VWB2_WSGRA0_WSGRB0_WS64_WG32_8_1', 'stream': 19, 'count': 192, 'total_duration_us': np.float64(421465.757), 'mean_duration_us': np.float64(2195.1341510416664), 'median_duration_us': np.float64(2379.5820000000003), 'std_dev_duration_us': np.float64(277.8784134765095), 'min_duration_us': np.float64(1707.535), 'max_duration_us': np.float64(2584.663)}]","[{'name': 'Cijk_Ailk_Bljk_BBS_BH_Bias_HA_S_SAV_UserArgs_MT256x256x64_MI16x1...', 'stream': 16, 'mean_duration_us': np.float64(1369.18)}, {'name': 'Cijk_Ailk_Bljk_BBS_BH_Bias_HA_S_SAV_UserArgs_MT256x256x64_MI16x1...', 'stream': 17, 'mean_duration_us': np.float64(1323.42)}, {'name': 'Cijk_Ailk_Bljk_BBS_BH_Bias_HA_S_SAV_UserArgs_MT256x256x64_MI16x1...', 'stream': 18, 'mean_duration_us': np.float64(1092.78)}, {'name': 'Cijk_Ailk_Bljk_BBS_BH_Bias_HA_S_SAV_UserArgs_MT256x256x64_MI16x1...', 'stream': 19, 'mean_duration_us': np.float64(1188.82)}, {'name': 'Cijk_Ailk_Bjlk_BBS_BH_Bias_HA_S_SAV_UserArgs_MT192x192x64_MI16x1...', 'stream': 16, 'mean_duration_us': np.float64(2438.26)}, {'name': 'Cijk_Ailk_Bjlk_BBS_BH_Bias_HA_S_SAV_UserArgs_MT192x192x64_MI16x1...', 'stream': 17, 'mean_duration_us': np.float64(2422.71)}, {'name': 'Cijk_Ailk_Bjlk_BBS_BH_Bias_HA_S_SAV_UserArgs_MT192x192x64_MI16x1...', 'stream': 18, 'mean_duration_us': np.float64(2234.04)}, {'name': 'Cijk_Ailk_Bjlk_BBS_BH_Bias_HA_S_SAV_UserArgs_MT192x192x64_MI16x1...', 'stream': 19, 'mean_duration_us': np.float64(2195.13)}]",12.463861318635786,35.059256869707426
_GroupedLinearBackward,other,python,CPU,thread 166796 (pt_autograd_0),"((131072, 2880),)","('c10::BFloat16',)","((2880, 1),)","('',)",8,192,5052.77131652832,4516.5400390625,693.4971953705622,4270.5576171875,6208.0986328125,970132.0927734375,138241,"[{'name': 'Cijk_Ailk_Bljk_BBS_BH_Bias_HA_S_SAV_UserArgs_MT256x256x64_MI16x16x1_CMS_SN_LDSB0_AFC1_AFEM1_AFEM1_ASEM1_CLR1_CADS0_DTLA1_DTLB1_DTVA0_DTVB0_EPS0_FDSI0_GRPM1_GRVWA8_GRVWB8_GSU0_GSUAMB_GLS0_ISA950_IU1_K1_LBSPPA4096_LBSPPB1024_LBSPPM0_LPA0_LPB16_LPM0_LRVW8_LWPMn1_MIAV0_MIWT8_8_MO40_NTn1_NTA0_NTB0_NTC0_NTD4_NTM0_NEPBS0_NLCA1_NLCB1_ONLL1_PGR2_PLR1_PKA1_SIA3_SS1_SPO0_SRVW0_SSO0_SVW8_SK3_SKXCCM0_TLDS1_ULSGRO0_USL1_UIOFGRO0_USFGRO0_VSn1_VWA8_VWB8_WSGRA0_WSGRB0_WS64_WG32_8_1', 'stream': 16, 'count': 192, 'total_duration_us': np.float64(222925.833), 'mean_duration_us': np.float64(1161.072046875), 'median_duration_us': np.float64(874.2075), 'std_dev_duration_us': np.float64(427.5571803300516), 'min_duration_us': np.float64(453.083), 'max_duration_us': np.float64(2135.019)}, {'name': 'Cijk_Ailk_Bljk_BBS_BH_Bias_HA_S_SAV_UserArgs_MT256x256x64_MI16x16x1_CMS_SN_LDSB0_AFC1_AFEM1_AFEM1_ASEM1_CLR1_CADS0_DTLA1_DTLB1_DTVA0_DTVB0_EPS0_FDSI0_GRPM1_GRVWA8_GRVWB8_GSU0_GSUAMB_GLS0_ISA950_IU1_K1_LBSPPA4096_LBSPPB1024_LBSPPM0_LPA0_LPB16_LPM0_LRVW8_LWPMn1_MIAV0_MIWT8_8_MO40_NTn1_NTA0_NTB0_NTC0_NTD4_NTM0_NEPBS0_NLCA1_NLCB1_ONLL1_PGR2_PLR1_PKA1_SIA3_SS1_SPO0_SRVW0_SSO0_SVW8_SK3_SKXCCM0_TLDS1_ULSGRO0_USL1_UIOFGRO0_USFGRO0_VSn1_VWA8_VWB8_WSGRA0_WSGRB0_WS64_WG32_8_1', 'stream': 17, 'count': 192, 'total_duration_us': np.float64(220525.16400000002), 'mean_duration_us': np.float64(1148.5685625), 'median_duration_us': np.float64(869.2275), 'std_dev_duration_us': np.float64(425.7754707167366), 'min_duration_us': np.float64(459.844), 'max_duration_us': np.float64(1972.258)}, {'name': 'Cijk_Ailk_Bljk_BBS_BH_Bias_HA_S_SAV_UserArgs_MT256x256x64_MI16x16x1_CMS_SN_LDSB0_AFC1_AFEM1_AFEM1_ASEM1_CLR1_CADS0_DTLA1_DTLB1_DTVA0_DTVB0_EPS0_FDSI0_GRPM1_GRVWA8_GRVWB8_GSU0_GSUAMB_GLS0_ISA950_IU1_K1_LBSPPA4096_LBSPPB1024_LBSPPM0_LPA0_LPB16_LPM0_LRVW8_LWPMn1_MIAV0_MIWT8_8_MO40_NTn1_NTA0_NTB0_NTC0_NTD4_NTM0_NEPBS0_NLCA1_NLCB1_ONLL1_PGR2_PLR1_PKA1_SIA3_SS1_SPO0_SRVW0_SSO0_SVW8_SK3_SKXCCM0_TLDS1_ULSGRO0_USL1_UIOFGRO0_USFGRO0_VSn1_VWA8_VWB8_WSGRA0_WSGRB0_WS64_WG32_8_1', 'stream': 18, 'count': 192, 'total_duration_us': np.float64(186767.722), 'mean_duration_us': np.float64(972.7485520833334), 'median_duration_us': np.float64(872.107), 'std_dev_duration_us': np.float64(426.9778208729877), 'min_duration_us': np.float64(433.763), 'max_duration_us': np.float64(2081.539)}, {'name': 'Cijk_Ailk_Bljk_BBS_BH_Bias_HA_S_SAV_UserArgs_MT256x256x64_MI16x16x1_CMS_SN_LDSB0_AFC1_AFEM1_AFEM1_ASEM1_CLR1_CADS0_DTLA1_DTLB1_DTVA0_DTVB0_EPS0_FDSI0_GRPM1_GRVWA8_GRVWB8_GSU0_GSUAMB_GLS0_ISA950_IU1_K1_LBSPPA4096_LBSPPB1024_LBSPPM0_LPA0_LPB16_LPM0_LRVW8_LWPMn1_MIAV0_MIWT8_8_MO40_NTn1_NTA0_NTB0_NTC0_NTD4_NTM0_NEPBS0_NLCA1_NLCB1_ONLL1_PGR2_PLR1_PKA1_SIA3_SS1_SPO0_SRVW0_SSO0_SVW8_SK3_SKXCCM0_TLDS1_ULSGRO0_USL1_UIOFGRO0_USFGRO0_VSn1_VWA8_VWB8_WSGRA0_WSGRB0_WS64_WG32_8_1', 'stream': 19, 'count': 192, 'total_duration_us': np.float64(196761.73700000002), 'mean_duration_us': np.float64(1024.8007135416667), 'median_duration_us': np.float64(869.6275), 'std_dev_duration_us': np.float64(435.6869809088815), 'min_duration_us': np.float64(445.443), 'max_duration_us': np.float64(2025.498)}, {'name': 'Cijk_Ailk_Bjlk_BBS_BH_Bias_HA_S_SAV_UserArgs_MT192x192x64_MI16x16x1_SN_LDSB0_AFC1_AFEM1_AFEM1_ASEM1_CLR1_CADS0_DTLA0_DTLB0_DTVA0_DTVB0_EPS0_FDSI0_GRPM1_GRVWA8_GRVWB8_GSU0_GSUAMB_GLS0_ISA950_IU1_K1_LBSPPA3072_LBSPPB3072_LBSPPM0_LPA32_LPB32_LPM0_LRVW8_LWPMn1_MIAV0_MIWT6_6_MO40_NTn1_NTA0_NTB0_NTC0_NTD0_NTM0_NEPBS0_NLCA3_NLCB3_ONLL1_PGR2_PLR1_PKA1_SIA3_SS1_SPO0_SRVW0_SSO0_SVW2_SK3_SKXCCM8_TLDS0_ULSGRO0_USL1_UIOFGRO0_USFGRO0_VSn1_VWA2_VWB2_WSGRA0_WSGRB0_WS64_WG32_8_1', 'stream': 16, 'count': 192, 'total_duration_us': np.float64(277540.34), 'mean_duration_us': np.float64(1445.5226041666667), 'median_duration_us': np.float64(1440.5525), 'std_dev_duration_us': np.float64(185.92092096795477), 'min_duration_us': np.float64(621.405), 'max_duration_us': np.float64(1986.697)}, {'name': 'Cijk_Ailk_Bjlk_BBS_BH_Bias_HA_S_SAV_UserArgs_MT192x192x64_MI16x16x1_SN_LDSB0_AFC1_AFEM1_AFEM1_ASEM1_CLR1_CADS0_DTLA0_DTLB0_DTVA0_DTVB0_EPS0_FDSI0_GRPM1_GRVWA8_GRVWB8_GSU0_GSUAMB_GLS0_ISA950_IU1_K1_LBSPPA3072_LBSPPB3072_LBSPPM0_LPA32_LPB32_LPM0_LRVW8_LWPMn1_MIAV0_MIWT6_6_MO40_NTn1_NTA0_NTB0_NTC0_NTD0_NTM0_NEPBS0_NLCA3_NLCB3_ONLL1_PGR2_PLR1_PKA1_SIA3_SS1_SPO0_SRVW0_SSO0_SVW2_SK3_SKXCCM8_TLDS0_ULSGRO0_USL1_UIOFGRO0_USFGRO0_VSn1_VWA2_VWB2_WSGRA0_WSGRB0_WS64_WG32_8_1', 'stream': 17, 'count': 192, 'total_duration_us': np.float64(271578.87600000005), 'mean_duration_us': np.float64(1414.4733125000002), 'median_duration_us': np.float64(1435.732), 'std_dev_duration_us': np.float64(238.88148795106505), 'min_duration_us': np.float64(639.365), 'max_duration_us': np.float64(2280.181)}, {'name': 'Cijk_Ailk_Bjlk_BBS_BH_Bias_HA_S_SAV_UserArgs_MT192x192x64_MI16x16x1_SN_LDSB0_AFC1_AFEM1_AFEM1_ASEM1_CLR1_CADS0_DTLA0_DTLB0_DTVA0_DTVB0_EPS0_FDSI0_GRPM1_GRVWA8_GRVWB8_GSU0_GSUAMB_GLS0_ISA950_IU1_K1_LBSPPA3072_LBSPPB3072_LBSPPM0_LPA32_LPB32_LPM0_LRVW8_LWPMn1_MIAV0_MIWT6_6_MO40_NTn1_NTA0_NTB0_NTC0_NTD0_NTM0_NEPBS0_NLCA3_NLCB3_ONLL1_PGR2_PLR1_PKA1_SIA3_SS1_SPO0_SRVW0_SSO0_SVW2_SK3_SKXCCM8_TLDS0_ULSGRO0_USL1_UIOFGRO0_USFGRO0_VSn1_VWA2_VWB2_WSGRA0_WSGRB0_WS64_WG32_8_1', 'stream': 18, 'count': 192, 'total_duration_us': np.float64(215698.438), 'mean_duration_us': np.float64(1123.4293645833334), 'median_duration_us': np.float64(1250.551), 'std_dev_duration_us': np.float64(308.2574950845045), 'min_duration_us': np.float64(598.884), 'max_duration_us': np.float64(1899.656)}, {'name': 'Cijk_Ailk_Bjlk_BBS_BH_Bias_HA_S_SAV_UserArgs_MT192x192x64_MI16x16x1_SN_LDSB0_AFC1_AFEM1_AFEM1_ASEM1_CLR1_CADS0_DTLA0_DTLB0_DTVA0_DTVB0_EPS0_FDSI0_GRPM1_GRVWA8_GRVWB8_GSU0_GSUAMB_GLS0_ISA950_IU1_K1_LBSPPA3072_LBSPPB3072_LBSPPM0_LPA32_LPB32_LPM0_LRVW8_LWPMn1_MIAV0_MIWT6_6_MO40_NTn1_NTA0_NTB0_NTC0_NTD0_NTM0_NEPBS0_NLCA3_NLCB3_ONLL1_PGR2_PLR1_PKA1_SIA3_SS1_SPO0_SRVW0_SSO0_SVW2_SK3_SKXCCM8_TLDS0_ULSGRO0_USL1_UIOFGRO0_USFGRO0_VSn1_VWA2_VWB2_WSGRA0_WSGRB0_WS64_WG32_8_1', 'stream': 19, 'count': 192, 'total_duration_us': np.float64(216257.28499999997), 'mean_duration_us': np.float64(1126.3400260416665), 'median_duration_us': np.float64(1245.3310000000001), 'std_dev_duration_us': np.float64(290.2872436369857), 'min_duration_us': np.float64(598.365), 'max_duration_us': np.float64(1882.656)}]","[{'name': 'Cijk_Ailk_Bljk_BBS_BH_Bias_HA_S_SAV_UserArgs_MT256x256x64_MI16x1...', 'stream': 16, 'mean_duration_us': np.float64(1161.07)}, {'name': 'Cijk_Ailk_Bljk_BBS_BH_Bias_HA_S_SAV_UserArgs_MT256x256x64_MI16x1...', 'stream': 17, 'mean_duration_us': np.float64(1148.57)}, {'name': 'Cijk_Ailk_Bljk_BBS_BH_Bias_HA_S_SAV_UserArgs_MT256x256x64_MI16x1...', 'stream': 18, 'mean_duration_us': np.float64(972.75)}, {'name': 'Cijk_Ailk_Bljk_BBS_BH_Bias_HA_S_SAV_UserArgs_MT256x256x64_MI16x1...', 'stream': 19, 'mean_duration_us': np.float64(1024.8)}, {'name': 'Cijk_Ailk_Bjlk_BBS_BH_Bias_HA_S_SAV_UserArgs_MT192x192x64_MI16x1...', 'stream': 16, 'mean_duration_us': np.float64(1445.52)}, {'name': 'Cijk_Ailk_Bjlk_BBS_BH_Bias_HA_S_SAV_UserArgs_MT192x192x64_MI16x1...', 'stream': 17, 'mean_duration_us': np.float64(1414.47)}, {'name': 'Cijk_Ailk_Bjlk_BBS_BH_Bias_HA_S_SAV_UserArgs_MT192x192x64_MI16x1...', 'stream': 18, 'mean_duration_us': np.float64(1123.43)}, {'name': 'Cijk_Ailk_Bjlk_BBS_BH_Bias_HA_S_SAV_UserArgs_MT192x192x64_MI16x1...', 'stream': 19, 'mean_duration_us': np.float64(1126.34)}]",8.152695261103178,43.2119521308106
_GroupedLinear,other,python,CPU,thread 166178 (python),"((131072, 2880), (), (), (), (), (), (), (), (), (), (), (), (), (), (), (), (), (5760, 2880), (5760, 2880), (5760, 2880), (5760, 2880), (0,), (0,), (0,), (0,))","('c10::BFloat16', 'ScalarList', 'Scalar', 'Scalar', 'Scalar', 'Scalar', '', '', '', '', 'Scalar', 'Scalar', 'Scalar', 'Scalar', '', 'Scalar', '', 'c10::BFloat16', 'c10::BFloat16', 'c10::BFloat16', 'c10::BFloat16', 'c10::BFloat16', 'c10::BFloat16', 'c10::BFloat16', 'c10::BFloat16')","((2880, 1), (), (), (), (), (), (), (), (), (), (), (), (), (), (), (), (), (2880, 1), (2880, 1), (2880, 1), (2880, 1), (1,), (1,), (1,), (1,))","('', '[32768, 32768, 32768, 32768]', 'False', 'False', 'False', 'False', '', '', '', '', 'False', 'False', 'False', 'True', '', 'False', '', '', '', '', '', '', '', '', '')",4,192,3858.4939575195312,3864.57568359375,340.4057695055721,3087.34765625,5346.330078125,740830.83984375,695,"[{'name': 'Cijk_Alik_Bljk_BBS_BH_Bias_HA_S_SAV_UserArgs_MT256x256x64_MI16x16x1_CMS_SN_LDSB0_AFC1_AFEM1_AFEM1_ASEM1_CLR1_CADS0_DTLA1_DTLB1_DTVA0_DTVB0_EPS0_FDSI0_GRPM1_GRVWA8_GRVWB8_GSU0_GSUAMB_GLS0_ISA950_IU1_K1_LBSPPA1024_LBSPPB1024_LBSPPM0_LPA16_LPB16_LPM0_LRVW8_LWPMn1_MIAV0_MIWT8_8_MO40_NTn1_NTA0_NTB0_NTC0_NTD4_NTM0_NEPBS0_NLCA1_NLCB1_ONLL1_PGR2_PLR1_PKA1_SIA3_SS1_SPO0_SRVW0_SSO0_SVW8_SK3_SKXCCM0_TLDS1_ULSGRO0_USL1_UIOFGRO0_USFGRO0_VSn1_VWA8_VWB8_WSGRA0_WSGRB0_WS64_WG32_8_1', 'stream': 17, 'count': 192, 'total_duration_us': np.float64(369211.078), 'mean_duration_us': np.float64(1922.9743645833332), 'median_duration_us': np.float64(2201.5595000000003), 'std_dev_duration_us': np.float64(609.6713066873382), 'min_duration_us': np.float64(770.566), 'max_duration_us': np.float64(3915.596)}, {'name': 'Cijk_Alik_Bljk_BBS_BH_Bias_HA_S_SAV_UserArgs_MT256x256x64_MI16x16x1_CMS_SN_LDSB0_AFC1_AFEM1_AFEM1_ASEM1_CLR1_CADS0_DTLA1_DTLB1_DTVA0_DTVB0_EPS0_FDSI0_GRPM1_GRVWA8_GRVWB8_GSU0_GSUAMB_GLS0_ISA950_IU1_K1_LBSPPA1024_LBSPPB1024_LBSPPM0_LPA16_LPB16_LPM0_LRVW8_LWPMn1_MIAV0_MIWT8_8_MO40_NTn1_NTA0_NTB0_NTC0_NTD4_NTM0_NEPBS0_NLCA1_NLCB1_ONLL1_PGR2_PLR1_PKA1_SIA3_SS1_SPO0_SRVW0_SSO0_SVW8_SK3_SKXCCM0_TLDS1_ULSGRO0_USL1_UIOFGRO0_USFGRO0_VSn1_VWA8_VWB8_WSGRA0_WSGRB0_WS64_WG32_8_1', 'stream': 16, 'count': 192, 'total_duration_us': np.float64(365668.282), 'mean_duration_us': np.float64(1904.5223020833334), 'median_duration_us': np.float64(1639.374), 'std_dev_duration_us': np.float64(503.1299662267552), 'min_duration_us': np.float64(777.726), 'max_duration_us': np.float64(3331.35)}, {'name': 'Cijk_Alik_Bljk_BBS_BH_Bias_HA_S_SAV_UserArgs_MT256x256x64_MI16x16x1_CMS_SN_LDSB0_AFC1_AFEM1_AFEM1_ASEM1_CLR1_CADS0_DTLA1_DTLB1_DTVA0_DTVB0_EPS0_FDSI0_GRPM1_GRVWA8_GRVWB8_GSU0_GSUAMB_GLS0_ISA950_IU1_K1_LBSPPA1024_LBSPPB1024_LBSPPM0_LPA16_LPB16_LPM0_LRVW8_LWPMn1_MIAV0_MIWT8_8_MO40_NTn1_NTA0_NTB0_NTC0_NTD4_NTM0_NEPBS0_NLCA1_NLCB1_ONLL1_PGR2_PLR1_PKA1_SIA3_SS1_SPO0_SRVW0_SSO0_SVW8_SK3_SKXCCM0_TLDS1_ULSGRO0_USL1_UIOFGRO0_USFGRO0_VSn1_VWA8_VWB8_WSGRA0_WSGRB0_WS64_WG32_8_1', 'stream': 19, 'count': 192, 'total_duration_us': np.float64(304306.625), 'mean_duration_us': np.float64(1584.9303385416667), 'median_duration_us': np.float64(1553.6335), 'std_dev_duration_us': np.float64(286.24333820482286), 'min_duration_us': np.float64(787.766), 'max_duration_us': np.float64(3021.387)}, {'name': 'Cijk_Alik_Bljk_BBS_BH_Bias_HA_S_SAV_UserArgs_MT256x256x64_MI16x16x1_CMS_SN_LDSB0_AFC1_AFEM1_AFEM1_ASEM1_CLR1_CADS0_DTLA1_DTLB1_DTVA0_DTVB0_EPS0_FDSI0_GRPM1_GRVWA8_GRVWB8_GSU0_GSUAMB_GLS0_ISA950_IU1_K1_LBSPPA1024_LBSPPB1024_LBSPPM0_LPA16_LPB16_LPM0_LRVW8_LWPMn1_MIAV0_MIWT8_8_MO40_NTn1_NTA0_NTB0_NTC0_NTD4_NTM0_NEPBS0_NLCA1_NLCB1_ONLL1_PGR2_PLR1_PKA1_SIA3_SS1_SPO0_SRVW0_SSO0_SVW8_SK3_SKXCCM0_TLDS1_ULSGRO0_USL1_UIOFGRO0_USFGRO0_VSn1_VWA8_VWB8_WSGRA0_WSGRB0_WS64_WG32_8_1', 'stream': 18, 'count': 192, 'total_duration_us': np.float64(301840.953), 'mean_duration_us': np.float64(1572.088296875), 'median_duration_us': np.float64(1557.8935), 'std_dev_duration_us': np.float64(241.23371824213856), 'min_duration_us': np.float64(778.807), 'max_duration_us': np.float64(2714.744)}]","[{'name': 'Cijk_Alik_Bljk_BBS_BH_Bias_HA_S_SAV_UserArgs_MT256x256x64_MI16x1...', 'stream': 17, 'mean_duration_us': np.float64(1922.97)}, {'name': 'Cijk_Alik_Bljk_BBS_BH_Bias_HA_S_SAV_UserArgs_MT256x256x64_MI16x1...', 'stream': 16, 'mean_duration_us': np.float64(1904.52)}, {'name': 'Cijk_Alik_Bljk_BBS_BH_Bias_HA_S_SAV_UserArgs_MT256x256x64_MI16x1...', 'stream': 19, 'mean_duration_us': np.float64(1584.93)}, {'name': 'Cijk_Alik_Bljk_BBS_BH_Bias_HA_S_SAV_UserArgs_MT256x256x64_MI16x1...', 'stream': 18, 'mean_duration_us': np.float64(1572.09)}]",6.2257172216688454,49.437669352479446
_LinearBackward,other,python,CPU,thread 166796 (pt_autograd_0),"((4096, 8, 5760),)","('c10::BFloat16',)","((46080, 5760, 1),)","('',)",2,192,3113.923151652018,2441.060546875,1076.26975372209,2082.2978515625,6559.5380859375,597873.2451171875,138572,"[{'name': 'Cijk_Ailk_Bljk_BBS_BH_Bias_HA_S_SAV_UserArgs_MT256x256x64_MI16x16x1_CMS_SN_LDSB0_AFC1_AFEM1_AFEM1_ASEM1_CLR1_CADS0_DTLA1_DTLB1_DTVA0_DTVB0_EPS0_FDSI0_GRPM1_GRVWA8_GRVWB8_GSU0_GSUAMB_GLS0_ISA950_IU1_K1_LBSPPA4096_LBSPPB1024_LBSPPM0_LPA0_LPB16_LPM0_LRVW8_LWPMn1_MIAV0_MIWT8_8_MO40_NTn1_NTA0_NTB0_NTC0_NTD4_NTM0_NEPBS0_NLCA1_NLCB1_ONLL1_PGR2_PLR1_PKA1_SIA3_SS1_SPO0_SRVW0_SSO0_SVW8_SK3_SKXCCM0_TLDS1_ULSGRO0_USL1_UIOFGRO0_USFGRO0_VSn1_VWA8_VWB8_WSGRA0_WSGRB0_WS64_WG32_8_1', 'stream': 42, 'count': 192, 'total_duration_us': np.float64(212851.09), 'mean_duration_us': np.float64(1108.5994270833332), 'median_duration_us': np.float64(811.1865), 'std_dev_duration_us': np.float64(335.0023735135676), 'min_duration_us': np.float64(801.487), 'max_duration_us': np.float64(1572.414)}, {'name': 'Cijk_Ailk_Bjlk_BBS_BH_Bias_HA_S_SAV_UserArgs_MT192x192x64_MI16x16x1_SN_LDSB0_AFC1_AFEM1_AFEM1_ASEM1_CLR1_CADS0_DTLA0_DTLB0_DTVA0_DTVB0_EPS0_FDSI0_GRPM1_GRVWA8_GRVWB8_GSU0_GSUAMB_GLS0_ISA950_IU1_K1_LBSPPA3072_LBSPPB3072_LBSPPM0_LPA32_LPB32_LPM0_LRVW8_LWPMn1_MIAV0_MIWT6_6_MO40_NTn1_NTA0_NTB0_NTC0_NTD0_NTM0_NEPBS0_NLCA3_NLCB3_ONLL1_PGR2_PLR1_PKA1_SIA3_SS1_SPO0_SRVW0_SSO0_SVW2_SK3_SKXCCM8_TLDS0_ULSGRO0_USL1_UIOFGRO0_USFGRO0_VSn1_VWA2_VWB2_WSGRA0_WSGRB0_WS64_WG32_8_1', 'stream': 42, 'count': 192, 'total_duration_us': np.float64(385022.147), 'mean_duration_us': np.float64(2005.3236822916667), 'median_duration_us': np.float64(1406.1725000000001), 'std_dev_duration_us': np.float64(759.5334666697189), 'min_duration_us': np.float64(1277.851), 'max_duration_us': np.float64(4995.686)}]","[{'name': 'Cijk_Ailk_Bljk_BBS_BH_Bias_HA_S_SAV_UserArgs_MT256x256x64_MI16x1...', 'stream': 42, 'mean_duration_us': np.float64(1108.6)}, {'name': 'Cijk_Ailk_Bjlk_BBS_BH_Bias_HA_S_SAV_UserArgs_MT192x192x64_MI16x1...', 'stream': 42, 'mean_duration_us': np.float64(2005.32)}]",5.024345043851262,54.46201439633071
_LinearBackward,other,python,CPU,thread 166796 (pt_autograd_0),"((4096, 8, 2880),)","('c10::BFloat16',)","((23040, 2880, 1),)","('',)",2,384,1410.6049524943035,1239.8896484375,409.31069290271785,1043.6474609375,2433.3798828125,541672.3017578125,138125,"[{'name': 'Cijk_Ailk_Bljk_BBS_BH_Bias_HA_S_SAV_UserArgs_MT256x256x64_MI16x16x1_CMS_SN_LDSB0_AFC1_AFEM1_AFEM1_ASEM1_CLR1_CADS0_DTLA1_DTLB1_DTVA0_DTVB0_EPS0_FDSI0_GRPM1_GRVWA8_GRVWB8_GSU0_GSUAMB_GLS0_ISA950_IU1_K1_LBSPPA4096_LBSPPB1024_LBSPPM0_LPA0_LPB16_LPM0_LRVW8_LWPMn1_MIAV0_MIWT8_8_MO40_NTn1_NTA0_NTB0_NTC0_NTD4_NTM0_NEPBS0_NLCA1_NLCB1_ONLL1_PGR2_PLR1_PKA1_SIA3_SS1_SPO0_SRVW0_SSO0_SVW8_SK3_SKXCCM0_TLDS1_ULSGRO0_USL1_UIOFGRO0_USFGRO0_VSn1_VWA8_VWB8_WSGRA0_WSGRB0_WS64_WG32_8_1', 'stream': 42, 'count': 384, 'total_duration_us': np.float64(218912.91499999998), 'mean_duration_us': np.float64(570.0857161458333), 'median_duration_us': np.float64(541.2845), 'std_dev_duration_us': np.float64(136.64181177944747), 'min_duration_us': np.float64(428.483), 'max_duration_us': np.float64(1152.69)}, {'name': 'Cijk_Ailk_Bjlk_BBS_BH_Bias_HA_S_SAV_UserArgs_MT192x192x64_MI16x16x1_SN_LDSB0_AFC1_AFEM1_AFEM1_ASEM1_CLR1_CADS0_DTLA0_DTLB0_DTVA0_DTVB0_EPS0_FDSI0_GRPM1_GRVWA8_GRVWB8_GSU0_GSUAMB_GLS0_ISA950_IU1_K1_LBSPPA3072_LBSPPB3072_LBSPPM0_LPA32_LPB32_LPM0_LRVW8_LWPMn1_MIAV0_MIWT6_6_MO40_NTn1_NTA0_NTB0_NTC0_NTD0_NTM0_NEPBS0_NLCA3_NLCB3_ONLL1_PGR2_PLR1_PKA1_SIA3_SS1_SPO0_SRVW0_SSO0_SVW2_SK3_SKXCCM8_TLDS0_ULSGRO0_USL1_UIOFGRO0_USFGRO0_VSn1_VWA2_VWB2_WSGRA0_WSGRB0_WS64_WG32_8_1', 'stream': 42, 'count': 384, 'total_duration_us': np.float64(322759.39599999995), 'mean_duration_us': np.float64(840.5192604166665), 'median_duration_us': np.float64(698.486), 'std_dev_duration_us': np.float64(288.6200206794662), 'min_duration_us': np.float64(615.164), 'max_duration_us': np.float64(1428.172)}]","[{'name': 'Cijk_Ailk_Bljk_BBS_BH_Bias_HA_S_SAV_UserArgs_MT256x256x64_MI16x1...', 'stream': 42, 'mean_duration_us': np.float64(570.09)}, {'name': 'Cijk_Ailk_Bjlk_BBS_BH_Bias_HA_S_SAV_UserArgs_MT192x192x64_MI16x1...', 'stream': 42, 'mean_duration_us': np.float64(840.52)}]",4.552049396682614,59.01406379301332
_LayerNormLinearBackward,other,python,CPU,thread 166796 (pt_autograd_0),"((4096, 8, 5120),)","('c10::BFloat16',)","((40960, 5120, 1),)","('',)",4,192,1903.468526204427,1905.05419921875,18.952474043651314,1865.6923828125,1947.0947265625,365465.95703125,138939,"[{'name': 'Cijk_Ailk_Bljk_BBS_BH_Bias_HA_S_SAV_UserArgs_MT256x256x64_MI16x16x1_CMS_SN_LDSB0_AFC1_AFEM1_AFEM1_ASEM1_CLR1_CADS0_DTLA1_DTLB1_DTVA0_DTVB0_EPS0_FDSI0_GRPM1_GRVWA8_GRVWB8_GSU0_GSUAMB_GLS0_ISA950_IU1_K1_LBSPPA4096_LBSPPB1024_LBSPPM0_LPA0_LPB16_LPM0_LRVW8_LWPMn1_MIAV0_MIWT8_8_MO40_NTn1_NTA0_NTB0_NTC0_NTD4_NTM0_NEPBS0_NLCA1_NLCB1_ONLL1_PGR2_PLR1_PKA1_SIA3_SS1_SPO0_SRVW0_SSO0_SVW8_SK3_SKXCCM0_TLDS1_ULSGRO0_USL1_UIOFGRO0_USFGRO0_VSn1_VWA8_VWB8_WSGRA0_WSGRB0_WS64_WG32_8_1', 'stream': 0, 'count': 192, 'total_duration_us': np.float64(136540.805), 'mean_duration_us': np.float64(711.1500260416666), 'median_duration_us': np.float64(710.966), 'std_dev_duration_us': np.float64(2.7524814134910183), 'min_duration_us': np.float64(704.966), 'max_duration_us': np.float64(722.446)}, {'name': 'Cijk_Ailk_Bjlk_BBS_BH_Bias_HA_S_SAV_UserArgs_MT256x256x32_MI32x32x1_SN_LDSB1_AFC0_AFEM1_AFEM1_ASEM1_CLR1_CADS0_DTLA0_DTLB0_DTVA0_DTVB0_EPS0_FDSI0_GRPM1_GRVWA8_GRVWB8_GSU0_GSUAMB_GLS0_ISA950_IU1_K1_LBSPPA0_LBSPPB0_LBSPPM0_LPA0_LPB0_LPM0_LRVW8_LWPMn1_MIAV0_MIWT4_4_MO40_NTn1_NTA0_NTB0_NTC4_NTD4_NTM0_NEPBS16_NLCA1_NLCB1_ONLL1_PGR2_PLR1_PKA1_SIA3_SS1_SPO1_SRVW0_SSO4_SVW4_SK3_SKXCCM8_TLDS0_ULSGRO0_USL1_UIOFGRO0_USFGROn1_VSn1_VWA4_VWB4_WSGRA0_WSGRB0_WS64_WG64_4_1', 'stream': 0, 'count': 192, 'total_duration_us': np.float64(170996.587), 'mean_duration_us': np.float64(890.6072239583333), 'median_duration_us': np.float64(890.267), 'std_dev_duration_us': np.float64(15.503898097429163), 'min_duration_us': np.float64(864.047), 'max_duration_us': np.float64(924.048)}, {'name': 'void transformer_engine::normalization::rmsnorm_bwd_general_kernel<transformer_engine::normalization::Kernel_traits<hip_bfloat16, hip_bfloat16, hip_bfloat16, float, unsigned int, 4096u, 1u, 1u, 4u, 16u, transformer_engine::normalization::Kernel_traits_base<4096u, hip_bfloat16, hip_bfloat16, hip_bfloat16, float, unsigned int, 128u> >, false>(transformer_engine::normalization::BackwardKernelParams)', 'stream': 0, 'count': 192, 'total_duration_us': np.float64(42338.448000000004), 'mean_duration_us': np.float64(220.51275), 'median_duration_us': np.float64(221.48149999999998), 'std_dev_duration_us': np.float64(5.816894784805721), 'min_duration_us': np.float64(204.041), 'max_duration_us': np.float64(233.802)}, {'name': 'void transformer_engine::normalization::rmsnorm_bwd_finalize_general_kernel<hip_bfloat16, float, 4u, 1u, 4u, 32u>(transformer_engine::normalization::BackwardKernelParams)', 'stream': 0, 'count': 192, 'total_duration_us': np.float64(15590.117), 'mean_duration_us': np.float64(81.19852604166667), 'median_duration_us': np.float64(81.53999999999999), 'std_dev_duration_us': np.float64(1.7785303300024142), 'min_duration_us': np.float64(76.28), 'max_duration_us': np.float64(85.6)}]","[{'name': 'Cijk_Ailk_Bljk_BBS_BH_Bias_HA_S_SAV_UserArgs_MT256x256x64_MI16x1...', 'stream': 0, 'mean_duration_us': np.float64(711.15)}, {'name': 'Cijk_Ailk_Bjlk_BBS_BH_Bias_HA_S_SAV_UserArgs_MT256x256x32_MI32x3...', 'stream': 0, 'mean_duration_us': np.float64(890.61)}, {'name': 'void transformer_engine::normalization::rmsnorm_bwd_general_kern...', 'stream': 0, 'mean_duration_us': np.float64(220.51)}, {'name': 'void transformer_engine::normalization::rmsnorm_bwd_finalize_gen...', 'stream': 0, 'mean_duration_us': np.float64(81.2)}]",3.0712648289628772,62.085328621976196
AiterFlashAttnFunc,other,python,CPU,thread 166178 (python),"((8, 4096, 64, 64), (8, 4096, 8, 64), (8, 4096, 8, 64), (), (), (), (), (), (), (), (), (), (), (), (), (64,))","('c10::BFloat16', 'c10::BFloat16', 'c10::BFloat16', 'Scalar', '', 'Scalar', '', '', '', 'Scalar', 'Scalar', 'Scalar', 'Scalar', '', 'Scalar', 'c10::BFloat16')","((16777216, 4096, 64, 1), (2097152, 512, 64, 1), (2097152, 512, 64, 1), (), (), (), (), (), (), (), (), (), (), (), (), (1,))","('', '', '', '0.', '', 'True', '', '', '', 'False', 'False', 'False', 'True', '', '1', '')",1,192,1676.940149943034,1672.31494140625,41.2975917802263,1602.1337890625,1890.7373046875,321972.5087890625,191,"[{'name': '_attn_fwd_IS_CAUSAL_1_NUM_Q_HEADS_64_NUM_K_HEADS_8_BLOCK_M_128_BLOCK_N_64_BLOCK_DMODEL_64_RETURN_SCORES_0_ENABLE_DROPOUT_0_IS_FP8_0_VARLEN_0_NUM_XCD_8_USE_INT64_STRIDES_1_ENABLE_SINK_1', 'stream': 0, 'count': 192, 'total_duration_us': np.float64(321972.51300000004), 'mean_duration_us': np.float64(1676.9401718750003), 'median_duration_us': np.float64(1672.315), 'std_dev_duration_us': np.float64(41.189891755373885), 'min_duration_us': np.float64(1602.134), 'max_duration_us': np.float64(1890.737)}]","[{'name': '_attn_fwd_IS_CAUSAL_1_NUM_Q_HEADS_64_NUM_K_HEADS_8_BLOCK_M_128_B...', 'stream': 0, 'mean_duration_us': np.float64(1676.94)}]",2.7057591086445116,64.7910877306207
_GroupedLinear,other,python,CPU,thread 166178 (python),"((131072, 2880), (), (), (), (), (), (), (), (), (), (), (), (), (), (), (), (), (2880, 2880), (2880, 2880), (2880, 2880), (2880, 2880), (0,), (0,), (0,), (0,))","('c10::BFloat16', 'ScalarList', 'Scalar', 'Scalar', 'Scalar', 'Scalar', '', '', '', '', 'Scalar', 'Scalar', 'Scalar', 'Scalar', '', 'Scalar', '', 'c10::BFloat16', 'c10::BFloat16', 'c10::BFloat16', 'c10::BFloat16', 'c10::BFloat16', 'c10::BFloat16', 'c10::BFloat16', 'c10::BFloat16')","((2880, 1), (), (), (), (), (), (), (), (), (), (), (), (), (), (), (), (), (2880, 1), (2880, 1), (2880, 1), (2880, 1), (1,), (1,), (1,), (1,))","('', '[32768, 32768, 32768, 32768]', 'False', 'False', 'False', 'False', '', '', '', '', 'False', 'False', 'False', 'True', '', 'False', '', '', '', '', '', '', '', '', '')",4,192,1534.438720703125,1507.61279296875,87.0080796729079,1391.2119140625,1843.017578125,294612.234375,716,"[{'name': 'Cijk_Alik_Bljk_BBS_BH_Bias_HA_S_SAV_UserArgs_MT256x256x64_MI16x16x1_CMS_SN_LDSB0_AFC1_AFEM1_AFEM1_ASEM1_CLR1_CADS0_DTLA1_DTLB1_DTVA0_DTVB0_EPS0_FDSI0_GRPM1_GRVWA8_GRVWB8_GSU0_GSUAMB_GLS0_ISA950_IU1_K1_LBSPPA1024_LBSPPB1024_LBSPPM0_LPA16_LPB16_LPM0_LRVW8_LWPMn1_MIAV0_MIWT8_8_MO40_NTn1_NTA0_NTB0_NTC0_NTD4_NTM0_NEPBS0_NLCA1_NLCB1_ONLL1_PGR2_PLR1_PKA1_SIA3_SS1_SPO0_SRVW0_SSO0_SVW8_SK3_SKXCCM0_TLDS1_ULSGRO0_USL1_UIOFGRO0_USFGRO0_VSn1_VWA8_VWB8_WSGRA0_WSGRB0_WS64_WG32_8_1', 'stream': 16, 'count': 192, 'total_duration_us': np.float64(149065.64299999998), 'mean_duration_us': np.float64(776.3835572916665), 'median_duration_us': np.float64(772.9065), 'std_dev_duration_us': np.float64(74.75040749315386), 'min_duration_us': np.float64(365.882), 'max_duration_us': np.float64(993.649)}, {'name': 'Cijk_Alik_Bljk_BBS_BH_Bias_HA_S_SAV_UserArgs_MT256x256x64_MI16x16x1_CMS_SN_LDSB0_AFC1_AFEM1_AFEM1_ASEM1_CLR1_CADS0_DTLA1_DTLB1_DTVA0_DTVB0_EPS0_FDSI0_GRPM1_GRVWA8_GRVWB8_GSU0_GSUAMB_GLS0_ISA950_IU1_K1_LBSPPA1024_LBSPPB1024_LBSPPM0_LPA16_LPB16_LPM0_LRVW8_LWPMn1_MIAV0_MIWT8_8_MO40_NTn1_NTA0_NTB0_NTC0_NTD4_NTM0_NEPBS0_NLCA1_NLCB1_ONLL1_PGR2_PLR1_PKA1_SIA3_SS1_SPO0_SRVW0_SSO0_SVW8_SK3_SKXCCM0_TLDS1_ULSGRO0_USL1_UIOFGRO0_USFGRO0_VSn1_VWA8_VWB8_WSGRA0_WSGRB0_WS64_WG32_8_1', 'stream': 17, 'count': 192, 'total_duration_us': np.float64(144585.23700000002), 'mean_duration_us': np.float64(753.0481093750001), 'median_duration_us': np.float64(768.6659999999999), 'std_dev_duration_us': np.float64(116.20882076094523), 'min_duration_us': np.float64(364.643), 'max_duration_us': np.float64(961.088)}, {'name': 'Cijk_Alik_Bljk_BBS_BH_Bias_HA_S_SAV_UserArgs_MT256x256x64_MI16x16x1_CMS_SN_LDSB0_AFC1_AFEM1_AFEM1_ASEM1_CLR1_CADS0_DTLA1_DTLB1_DTVA0_DTVB0_EPS0_FDSI0_GRPM1_GRVWA8_GRVWB8_GSU0_GSUAMB_GLS0_ISA950_IU1_K1_LBSPPA1024_LBSPPB1024_LBSPPM0_LPA16_LPB16_LPM0_LRVW8_LWPMn1_MIAV0_MIWT8_8_MO40_NTn1_NTA0_NTB0_NTC0_NTD4_NTM0_NEPBS0_NLCA1_NLCB1_ONLL1_PGR2_PLR1_PKA1_SIA3_SS1_SPO0_SRVW0_SSO0_SVW8_SK3_SKXCCM0_TLDS1_ULSGRO0_USL1_UIOFGRO0_USFGRO0_VSn1_VWA8_VWB8_WSGRA0_WSGRB0_WS64_WG32_8_1', 'stream': 18, 'count': 192, 'total_duration_us': np.float64(115332.49399999999), 'mean_duration_us': np.float64(600.6900729166666), 'median_duration_us': np.float64(706.2655), 'std_dev_duration_us': np.float64(168.4025946129075), 'min_duration_us': np.float64(352.203), 'max_duration_us': np.float64(835.327)}, {'name': 'Cijk_Alik_Bljk_BBS_BH_Bias_HA_S_SAV_UserArgs_MT256x256x64_MI16x16x1_CMS_SN_LDSB0_AFC1_AFEM1_AFEM1_ASEM1_CLR1_CADS0_DTLA1_DTLB1_DTVA0_DTVB0_EPS0_FDSI0_GRPM1_GRVWA8_GRVWB8_GSU0_GSUAMB_GLS0_ISA950_IU1_K1_LBSPPA1024_LBSPPB1024_LBSPPM0_LPA16_LPB16_LPM0_LRVW8_LWPMn1_MIAV0_MIWT8_8_MO40_NTn1_NTA0_NTB0_NTC0_NTD4_NTM0_NEPBS0_NLCA1_NLCB1_ONLL1_PGR2_PLR1_PKA1_SIA3_SS1_SPO0_SRVW0_SSO0_SVW8_SK3_SKXCCM0_TLDS1_ULSGRO0_USL1_UIOFGRO0_USFGRO0_VSn1_VWA8_VWB8_WSGRA0_WSGRB0_WS64_WG32_8_1', 'stream': 19, 'count': 192, 'total_duration_us': np.float64(112500.54500000001), 'mean_duration_us': np.float64(585.9403385416667), 'median_duration_us': np.float64(689.845), 'std_dev_duration_us': np.float64(177.99096677346606), 'min_duration_us': np.float64(355.842), 'max_duration_us': np.float64(892.808)}]","[{'name': 'Cijk_Alik_Bljk_BBS_BH_Bias_HA_S_SAV_UserArgs_MT256x256x64_MI16x1...', 'stream': 16, 'mean_duration_us': np.float64(776.38)}, {'name': 'Cijk_Alik_Bljk_BBS_BH_Bias_HA_S_SAV_UserArgs_MT256x256x64_MI16x1...', 'stream': 17, 'mean_duration_us': np.float64(753.05)}, {'name': 'Cijk_Alik_Bljk_BBS_BH_Bias_HA_S_SAV_UserArgs_MT256x256x64_MI16x1...', 'stream': 18, 'mean_duration_us': np.float64(600.69)}, {'name': 'Cijk_Alik_Bljk_BBS_BH_Bias_HA_S_SAV_UserArgs_MT256x256x64_MI16x1...', 'stream': 19, 'mean_duration_us': np.float64(585.94)}]",2.4758316779166814,67.26691940853739
aten::scatter_add_,elementwise,python,CPU,thread 166178 (python),"((32768, 2880), (), (131072, 2880), (131072, 2880))","('c10::BFloat16', 'Scalar', 'long int', 'c10::BFloat16')","((2880, 1), (), (1, 0), (2880, 1))","('', '0', '', '')",1,192,1372.4529113769531,1374.19189453125,12.249540416513007,1337.65234375,1396.732421875,263510.958984375,797,"[{'name': 'void at::native::_scatter_gather_elementwise_kernel<256, 4, at::native::_cuda_scatter_gather_internal_kernel<true, c10::BFloat16, long>::operator()<at::native::ReduceAdd>(at::TensorIterator&, long, long, long, at::native::ReduceAdd const&)::{lambda(int)#1}>(int, at::native::_cuda_scatter_gather_internal_kernel<true, c10::BFloat16, long>::operator()<at::native::ReduceAdd>(at::TensorIterator&, long, long, long, at::native::ReduceAdd const&)::{lambda(int)#1})', 'stream': 0, 'count': 192, 'total_duration_us': np.float64(263510.966), 'mean_duration_us': np.float64(1372.4529479166667), 'median_duration_us': np.float64(1374.192), 'std_dev_duration_us': np.float64(12.217589830999291), 'min_duration_us': np.float64(1337.652), 'max_duration_us': np.float64(1396.732)}]","[{'name': 'void at::native::_scatter_gather_elementwise_kernel<256, 4, at::...', 'stream': 0, 'mean_duration_us': np.float64(1372.45)}]",2.2144660119623345,69.48138542049972
aten::index_add_,other,python,CPU,thread 166796 (pt_autograd_0),"((32768, 2880), (), (131072,), (131072, 2880), ())","('c10::BFloat16', 'Scalar', 'long int', 'c10::BFloat16', 'Scalar')","((2880, 1), (), (1,), (2880, 1), ())","('', '0', '', '', '1')",1,192,1245.9271240234375,1238.15087890625,32.072670371761596,1194.25,1324.970703125,239218.0078125,138604,"[{'name': 'void at::native::indexFuncLargeIndex<c10::BFloat16, long, unsigned int, 2, 2, -2, true, at::native::(anonymous namespace)::ReduceAdd>(at::cuda::detail::TensorInfo<c10::BFloat16, unsigned int>, at::cuda::detail::TensorInfo<c10::BFloat16 const, unsigned int>, at::cuda::detail::TensorInfo<long const, unsigned int>, int, int, unsigned int, unsigned int, long, long, at::native::(anonymous namespace)::ReduceAdd const&, c10::BFloat16)', 'stream': 0, 'count': 192, 'total_duration_us': np.float64(239218.005), 'mean_duration_us': np.float64(1245.927109375), 'median_duration_us': np.float64(1238.1509999999998), 'std_dev_duration_us': np.float64(31.989015950686028), 'min_duration_us': np.float64(1194.25), 'max_duration_us': np.float64(1324.971)}]","[{'name': 'void at::native::indexFuncLargeIndex<c10::BFloat16, long, unsign...', 'stream': 0, 'mean_duration_us': np.float64(1245.93)}]",2.0103154335282607,71.49170085402798
aten::cat,other,python,CPU,thread 166178 (python),"((), ())","('TensorList', 'Scalar')","((), ())","('', '0')",1,576,412.28883192274304,533.564453125,267.1850375460903,5.638671875,931.7275390625,237478.3671875,637,"[{'name': 'void at::native::(anonymous namespace)::CatArrayBatchedCopy_contig<at::native::(anonymous namespace)::OpaqueType<2u>, unsigned int, 2, 128, 1>(at::native::(anonymous namespace)::OpaqueType<2u>*, at::native::(anonymous namespace)::CatArrInputTensorMetadata<at::native::(anonymous namespace)::OpaqueType<2u>, unsigned int, 128, 1>, at::native::(anonymous namespace)::TensorSizeStride<unsigned int, 4u>, int, unsigned int)', 'stream': 0, 'count': 576, 'total_duration_us': np.float64(237478.37700000004), 'mean_duration_us': np.float64(412.2888489583334), 'median_duration_us': np.float64(533.564), 'std_dev_duration_us': np.float64(266.9529763290545), 'min_duration_us': np.float64(5.639), 'max_duration_us': np.float64(931.728)}]","[{'name': 'void at::native::(anonymous namespace)::CatArrayBatchedCopy_cont...', 'stream': 0, 'mean_duration_us': np.float64(412.29)}]",1.9956960224345466,73.48739687646253
triton_poi_fused_add_cat_mul_rsub_sigmoid_silu_split_0,triton,python,CPU,thread 166796 (pt_autograd_0),"((131072, 2880), (131072, 1), (131072, 5760), (131072, 5760), ())","('c10::BFloat16', 'c10::BFloat16', 'c10::BFloat16', 'c10::BFloat16', 'Scalar')","((2880, 1), (1, 1), (5760, 1), (5760, 1), ())","('', '', '', '', '754974720')",1,192,1198.052993774414,1201.71044921875,21.671661088648875,1101.888671875,1243.6513671875,230026.1748046875,138287,"[{'name': 'triton_poi_fused_add_cat_mul_rsub_sigmoid_silu_split_0', 'stream': 0, 'count': 192, 'total_duration_us': np.float64(230026.17), 'mean_duration_us': np.float64(1198.05296875), 'median_duration_us': np.float64(1201.7105000000001), 'std_dev_duration_us': np.float64(21.615136667995117), 'min_duration_us': np.float64(1101.889), 'max_duration_us': np.float64(1243.651)}]","[{'name': 'triton_poi_fused_add_cat_mul_rsub_sigmoid_silu_split_0', 'stream': 0, 'mean_duration_us': np.float64(1198.05)}]",1.933070062550573,75.4204669390131
_Linear,other,python,CPU,thread 166178 (python),"((5760, 2880), (4096, 8, 2880), (), (), (), (), (), (), (), (), (), (), (), (), (), (), (), (), (), (), (), (), (), (), (), (), (), (), (), (), (), (), (), ())","('c10::BFloat16', 'c10::BFloat16', '', 'Scalar', 'Scalar', 'Scalar', '', '', '', '', '', '', 'Scalar', 'Scalar', 'Scalar', 'Scalar', 'Scalar', '', 'Scalar', 'Scalar', 'Scalar', 'Scalar', 'Scalar', 'Scalar', 'Scalar', '', 'Scalar', '', '', '', 'Scalar', 'Scalar', 'Scalar', 'Scalar')","((2880, 1), (23040, 2880, 1), (), (), (), (), (), (), (), (), (), (), (), (), (), (), (), (), (), (), (), (), (), (), (), (), (), (), (), (), (), (), (), ())","('', '', '', 'False', 'False', 'False', '', '', '', '', '', '', 'False', 'False', '1', 'False', 'False', '', 'True', 'False', 'False', 'False', 'False', 'False', 'False', '', 'False', '', '', '', 'False', 'False', 'True', 'False')",1,192,1171.4995727539062,1150.0693359375,370.3463001448142,782.40625,1581.8935546875,224927.91796875,582,"[{'name': 'Cijk_Alik_Bljk_BBS_BH_Bias_HA_S_SAV_UserArgs_MT256x256x64_MI16x16x1_CMS_SN_LDSB0_AFC1_AFEM1_AFEM1_ASEM1_CLR1_CADS0_DTLA1_DTLB1_DTVA0_DTVB0_EPS0_FDSI0_GRPM1_GRVWA8_GRVWB8_GSU0_GSUAMB_GLS0_ISA950_IU1_K1_LBSPPA1024_LBSPPB1024_LBSPPM0_LPA16_LPB16_LPM0_LRVW8_LWPMn1_MIAV0_MIWT8_8_MO40_NTn1_NTA0_NTB0_NTC0_NTD4_NTM0_NEPBS0_NLCA1_NLCB1_ONLL1_PGR2_PLR1_PKA1_SIA3_SS1_SPO0_SRVW0_SSO0_SVW8_SK3_SKXCCM0_TLDS1_ULSGRO0_USL1_UIOFGRO0_USFGRO0_VSn1_VWA8_VWB8_WSGRA0_WSGRB0_WS64_WG32_8_1', 'stream': 11, 'count': 192, 'total_duration_us': np.float64(224927.923), 'mean_duration_us': np.float64(1171.4995989583333), 'median_duration_us': np.float64(1150.0695), 'std_dev_duration_us': np.float64(369.3806361978208), 'min_duration_us': np.float64(782.406), 'max_duration_us': np.float64(1581.894)}]","[{'name': 'Cijk_Alik_Bljk_BBS_BH_Bias_HA_S_SAV_UserArgs_MT256x256x64_MI16x1...', 'stream': 11, 'mean_duration_us': np.float64(1171.5)}]",1.890225861584693,77.31069280059779
aten::cat,other,python,CPU,thread 166796 (pt_autograd_0),"((), ())","('TensorList', 'Scalar')","((), ())","('', '0')",1,576,377.14988708496094,530.62353515625,264.5385301453205,5.71875,767.6064453125,217238.3349609375,138239,"[{'name': 'void at::native::(anonymous namespace)::CatArrayBatchedCopy_contig<at::native::(anonymous namespace)::OpaqueType<2u>, unsigned int, 2, 128, 1>(at::native::(anonymous namespace)::OpaqueType<2u>*, at::native::(anonymous namespace)::CatArrInputTensorMetadata<at::native::(anonymous namespace)::OpaqueType<2u>, unsigned int, 128, 1>, at::native::(anonymous namespace)::TensorSizeStride<unsigned int, 4u>, int, unsigned int)', 'stream': 0, 'count': 576, 'total_duration_us': np.float64(217238.343), 'mean_duration_us': np.float64(377.1499010416667), 'median_duration_us': np.float64(530.624), 'std_dev_duration_us': np.float64(264.30880087464084), 'min_duration_us': np.float64(5.719), 'max_duration_us': np.float64(767.606)}]","[{'name': 'void at::native::(anonymous namespace)::CatArrayBatchedCopy_cont...', 'stream': 0, 'mean_duration_us': np.float64(377.15)}]",1.8256049430369619,79.13629774363476
_LayerNormLinear,other,python,CPU,thread 166178 (python),"((4096, 8, 2880), (2880,), (), (5120, 2880), (), (), (), (), (), (), (), (), (), (), (), (), (), (), (), (), (), (), (), (), (), (), (), (), (), (), (), (), (), (), (), (), (), (), ())","('c10::BFloat16', 'c10::BFloat16', '', 'c10::BFloat16', '', 'Scalar', 'Scalar', 'Scalar', 'Scalar', 'Scalar', '', '', '', '', '', '', 'Scalar', 'Scalar', 'Scalar', 'Scalar', 'Scalar', 'Scalar', 'Scalar', 'Scalar', 'Scalar', 'Scalar', 'Scalar', 'Scalar', 'Scalar', 'Scalar', 'Scalar', 'Scalar', '', '', '', '', 'Scalar', 'Scalar', 'Scalar')","((23040, 2880, 1), (1,), (), (2880, 1), (), (), (), (), (), (), (), (), (), (), (), (), (), (), (), (), (), (), (), (), (), (), (), (), (), (), (), (), (), (), (), (), (), (), ())","('', '', '', '', '', '1.0000000000000001e-05', 'False', 'False', 'False', 'False', '', '', '', '', '', '', 'False', '1', 'False', 'False', 'False', 'False', 'True', '0', '0', 'False', 'False', 'False', 'False', 'False', 'False', 'False', '', '', '', '', 'False', 'True', 'False')",2,192,789.0058542887369,757.72509765625,79.63785889373662,737.8056640625,1387.3310546875,151489.1240234375,114,"[{'name': 'void transformer_engine::normalization::rmsnorm_fwd_general_kernel<transformer_engine::normalization::Kernel_traits<hip_bfloat16, hip_bfloat16, hip_bfloat16, float, unsigned int, 8192u, 1u, 1u, 4u, 16u, transformer_engine::normalization::Kernel_traits_base<8192u, hip_bfloat16, hip_bfloat16, hip_bfloat16, float, unsigned int, 128u> > >(transformer_engine::normalization::ForwardKernelParams)', 'stream': 0, 'count': 192, 'total_duration_us': np.float64(27553.978), 'mean_duration_us': np.float64(143.51030208333333), 'median_duration_us': np.float64(143.1605), 'std_dev_duration_us': np.float64(2.0849859118218674), 'min_duration_us': np.float64(138.76), 'max_duration_us': np.float64(149.4)}, {'name': 'Cijk_Alik_Bljk_BBS_BH_Bias_HA_S_SAV_UserArgs_MT256x256x64_MI16x16x1_CMS_SN_LDSB0_AFC1_AFEM1_AFEM1_ASEM1_CLR1_CADS0_DTLA1_DTLB1_DTVA0_DTVB0_EPS0_FDSI0_GRPM1_GRVWA8_GRVWB8_GSU0_GSUAMB_GLS0_ISA950_IU1_K1_LBSPPA1024_LBSPPB1024_LBSPPM0_LPA16_LPB16_LPM0_LRVW8_LWPMn1_MIAV0_MIWT8_8_MO40_NTn1_NTA0_NTB0_NTC0_NTD4_NTM0_NEPBS0_NLCA1_NLCB1_ONLL1_PGR2_PLR1_PKA1_SIA3_SS1_SPO0_SRVW0_SSO0_SVW8_SK3_SKXCCM0_TLDS1_ULSGRO0_USL1_UIOFGRO0_USFGRO0_VSn1_VWA8_VWB8_WSGRA0_WSGRB0_WS64_WG32_8_1', 'stream': 0, 'count': 192, 'total_duration_us': np.float64(123935.142), 'mean_duration_us': np.float64(645.49553125), 'median_duration_us': np.float64(613.7245), 'std_dev_duration_us': np.float64(79.55219506038853), 'min_duration_us': np.float64(598.365), 'max_duration_us': np.float64(1244.57)}]","[{'name': 'void transformer_engine::normalization::rmsnorm_fwd_general_kern...', 'stream': 0, 'mean_duration_us': np.float64(143.51)}, {'name': 'Cijk_Alik_Bljk_BBS_BH_Bias_HA_S_SAV_UserArgs_MT256x256x64_MI16x1...', 'stream': 0, 'mean_duration_us': np.float64(645.5)}]",1.273068557090792,80.40936630072555
_Linear,other,python,CPU,thread 166178 (python),"((2880, 2880), (4096, 8, 2880), (), (), (), (), (), (), (), (), (), (), (), (), (), (), (), (), (), (), (), (), (), (), (), (), (), (), (), (), (), (), (), ())","('c10::BFloat16', 'c10::BFloat16', '', 'Scalar', 'Scalar', 'Scalar', '', '', '', '', '', '', 'Scalar', 'Scalar', 'Scalar', 'Scalar', 'Scalar', '', 'Scalar', 'Scalar', 'Scalar', 'Scalar', 'Scalar', 'Scalar', 'Scalar', '', 'Scalar', '', '', '', 'Scalar', 'Scalar', 'Scalar', 'Scalar')","((2880, 1), (23040, 2880, 1), (), (), (), (), (), (), (), (), (), (), (), (), (), (), (), (), (), (), (), (), (), (), (), (), (), (), (), (), (), (), (), ())","('', '', '', 'False', 'False', 'False', '', '', '', '', '', '', 'False', 'False', '1', 'False', 'False', '', 'True', 'False', 'False', 'False', 'False', 'False', 'False', '', 'False', '', '', '', 'False', 'False', 'True', 'False')",1,192,587.920399983724,405.7822265625,487.5085660068333,385.5634765625,3509.232421875,112880.716796875,783,"[{'name': 'Cijk_Alik_Bljk_BBS_BH_Bias_HA_S_SAV_UserArgs_MT256x256x64_MI16x16x1_CMS_SN_LDSB0_AFC1_AFEM1_AFEM1_ASEM1_CLR1_CADS0_DTLA1_DTLB1_DTVA0_DTVB0_EPS0_FDSI0_GRPM1_GRVWA8_GRVWB8_GSU0_GSUAMB_GLS0_ISA950_IU1_K1_LBSPPA1024_LBSPPB1024_LBSPPM0_LPA16_LPB16_LPM0_LRVW8_LWPMn1_MIAV0_MIWT8_8_MO40_NTn1_NTA0_NTB0_NTC0_NTD4_NTM0_NEPBS0_NLCA1_NLCB1_ONLL1_PGR2_PLR1_PKA1_SIA3_SS1_SPO0_SRVW0_SSO0_SVW8_SK3_SKXCCM0_TLDS1_ULSGRO0_USL1_UIOFGRO0_USFGRO0_VSn1_VWA8_VWB8_WSGRA0_WSGRB0_WS64_WG32_8_1', 'stream': 11, 'count': 192, 'total_duration_us': np.float64(112880.711), 'mean_duration_us': np.float64(587.9203697916666), 'median_duration_us': np.float64(405.7825), 'std_dev_duration_us': np.float64(486.23735934797463), 'min_duration_us': np.float64(385.563), 'max_duration_us': np.float64(3509.232)}]","[{'name': 'Cijk_Alik_Bljk_BBS_BH_Bias_HA_S_SAV_UserArgs_MT256x256x64_MI16x1...', 'stream': 11, 'mean_duration_us': np.float64(587.92)}]",0.9486152367858356,81.35798153751139
aten::mm,GEMM,python,CPU,thread 166796 (pt_autograd_0),"((100096, 32768), (32768, 2880))","('c10::BFloat16', 'c10::BFloat16')","((1, 100096), (2880, 1))","('', '')",1,8,13498.256225585938,13495.5859375,118.56772431080651,13278.564453125,13663.8076171875,107986.0498046875,138051,"[{'name': 'Cijk_Ailk_Bjlk_BBS_BH_Bias_HA_S_SAV_UserArgs_MT256x256x64_MI16x16x1_CMS_SN_LDSB0_AFC1_AFEM1_AFEM1_ASEM1_CLR1_CADS0_DTLA1_DTLB1_DTVA0_DTVB0_EPS0_FDSI0_GRPM1_GRVWA8_GRVWB8_GSU0_GSUAMB_GLS0_ISA950_IU1_K1_LBSPPA4096_LBSPPB4096_LBSPPM0_LPA0_LPB0_LPM0_LRVW8_LWPMn1_MIAV0_MIWT8_8_MO40_NTn1_NTA0_NTB0_NTC0_NTD4_NTM0_NEPBS0_NLCA1_NLCB1_ONLL1_PGR2_PLR1_PKA1_SIA3_SS1_SPO0_SRVW0_SSO0_SVW8_SK3_SKXCCM0_TLDS0_ULSGRO0_USL1_UIOFGRO0_USFGRO0_VSn1_VWA8_VWB8_WSGRA0_WSGRB0_WS64_WG32_8_1', 'stream': 0, 'count': 8, 'total_duration_us': np.float64(107986.048), 'mean_duration_us': np.float64(13498.256), 'median_duration_us': np.float64(13495.585500000001), 'std_dev_duration_us': np.float64(110.91012298929277), 'min_duration_us': np.float64(13278.564), 'max_duration_us': np.float64(13663.808)}]","[{'name': 'Cijk_Ailk_Bjlk_BBS_BH_Bias_HA_S_SAV_UserArgs_MT256x256x64_MI16x1...', 'stream': 0, 'mean_duration_us': np.float64(13498.26)}]",0.9074819429909623,82.26546348050235
_OperationFuserAutogradFunctionBackward,other,python,CPU,thread 166796 (pt_autograd_0),"((4096, 8, 64, 64),)","('c10::BFloat16',)","((32768, 4096, 64, 1),)","('',)",2,192,551.5819600423177,551.7236328125,6.182154296299165,537.04296875,573.04296875,105903.736328125,138903,"[{'name': 'void transformer_engine::normalization::rmsnorm_bwd_general_kernel<transformer_engine::normalization::Kernel_traits<hip_bfloat16, hip_bfloat16, hip_bfloat16, float, unsigned int, 128u, 1u, 4u, 1u, 8u, transformer_engine::normalization::Kernel_traits_base<128u, hip_bfloat16, hip_bfloat16, hip_bfloat16, float, unsigned int, 128u> >, false>(transformer_engine::normalization::BackwardKernelParams)', 'stream': 0, 'count': 192, 'total_duration_us': np.float64(58220.27100000001), 'mean_duration_us': np.float64(303.230578125), 'median_duration_us': np.float64(301.9815), 'std_dev_duration_us': np.float64(4.757845201627149), 'min_duration_us': np.float64(294.161), 'max_duration_us': np.float64(318.322)}, {'name': 'void transformer_engine::normalization::rmsnorm_bwd_finalize_general_kernel<hip_bfloat16, float, 4u, 1u, 4u, 32u>(transformer_engine::normalization::BackwardKernelParams)', 'stream': 0, 'count': 192, 'total_duration_us': np.float64(47683.46), 'mean_duration_us': np.float64(248.35135416666665), 'median_duration_us': np.float64(247.761), 'std_dev_duration_us': np.float64(3.8883385241941886), 'min_duration_us': np.float64(241.202), 'max_duration_us': np.float64(261.401)}]","[{'name': 'void transformer_engine::normalization::rmsnorm_bwd_general_kern...', 'stream': 0, 'mean_duration_us': np.float64(303.23)}, {'name': 'void transformer_engine::normalization::rmsnorm_bwd_finalize_gen...', 'stream': 0, 'mean_duration_us': np.float64(248.35)}]",0.8899828133992695,83.15544629390162
aten::mm,GEMM,python,CPU,thread 166796 (pt_autograd_0),"((32768, 100096), (100096, 2880))","('c10::BFloat16', 'c10::BFloat16')","((100096, 1), (2880, 1))","('', '')",1,8,12826.894409179688,12805.93896484375,173.53461447281518,12563.357421875,13091.9619140625,102615.1552734375,138043,"[{'name': 'Cijk_Ailk_Bljk_BBS_BH_Bias_HA_S_SAV_UserArgs_MT256x256x64_MI16x16x1_CMS_SN_LDSB0_AFC1_AFEM1_AFEM1_ASEM1_CLR1_CADS0_DTLA1_DTLB1_DTVA0_DTVB0_EPS0_FDSI0_GRPM1_GRVWA8_GRVWB8_GSU0_GSUAMB_GLS0_ISA950_IU1_K1_LBSPPA4096_LBSPPB1024_LBSPPM0_LPA0_LPB16_LPM0_LRVW8_LWPMn1_MIAV0_MIWT8_8_MO40_NTn1_NTA0_NTB0_NTC0_NTD4_NTM0_NEPBS0_NLCA1_NLCB1_ONLL1_PGR2_PLR1_PKA1_SIA3_SS1_SPO0_SRVW0_SSO0_SVW8_SK3_SKXCCM0_TLDS1_ULSGRO0_USL1_UIOFGRO0_USFGRO0_VSn1_VWA8_VWB8_WSGRA0_WSGRB0_WS64_WG32_8_1', 'stream': 0, 'count': 8, 'total_duration_us': np.float64(102615.15599999999), 'mean_duration_us': np.float64(12826.894499999999), 'median_duration_us': np.float64(12805.939), 'std_dev_duration_us': np.float64(162.32680256815252), 'min_duration_us': np.float64(12563.357), 'max_duration_us': np.float64(13091.962)}]","[{'name': 'Cijk_Ailk_Bljk_BBS_BH_Bias_HA_S_SAV_UserArgs_MT256x256x64_MI16x1...', 'stream': 0, 'mean_duration_us': np.float64(12826.89)}]",0.8623465776948542,84.01779287159647
aten::mm,GEMM,python,CPU,thread 166178 (python),"((32768, 2880), (2880, 100096))","('c10::BFloat16', 'c10::BFloat16')","((2880, 1), (1, 2880))","('', '')",1,8,12726.153686523438,12729.4990234375,95.98702918274964,12595.1572265625,12883.7197265625,101809.2294921875,17055,"[{'name': 'Cijk_Alik_Bljk_BBS_BH_Bias_HA_S_SAV_UserArgs_MT256x256x64_MI16x16x1_CMS_SN_LDSB0_AFC1_AFEM1_AFEM1_ASEM1_CLR1_CADS0_DTLA1_DTLB1_DTVA0_DTVB0_EPS0_FDSI0_GRPM1_GRVWA8_GRVWB8_GSU0_GSUAMB_GLS0_ISA950_IU1_K1_LBSPPA1024_LBSPPB1024_LBSPPM0_LPA16_LPB16_LPM0_LRVW8_LWPMn1_MIAV0_MIWT8_8_MO40_NTn1_NTA0_NTB0_NTC0_NTD4_NTM0_NEPBS0_NLCA1_NLCB1_ONLL1_PGR2_PLR1_PKA1_SIA3_SS1_SPO0_SRVW0_SSO0_SVW8_SK3_SKXCCM0_TLDS1_ULSGRO0_USL1_UIOFGRO0_USFGRO0_VSn1_VWA8_VWB8_WSGRA0_WSGRB0_WS64_WG32_8_1', 'stream': 0, 'count': 8, 'total_duration_us': np.float64(101809.23), 'mean_duration_us': np.float64(12726.15375), 'median_duration_us': np.float64(12729.499), 'std_dev_duration_us': np.float64(89.78771710644784), 'min_duration_us': np.float64(12595.157), 'max_duration_us': np.float64(12883.72)}]","[{'name': 'Cijk_Alik_Bljk_BBS_BH_Bias_HA_S_SAV_UserArgs_MT256x256x64_MI16x1...', 'stream': 0, 'mean_duration_us': np.float64(12726.15)}]",0.8555738223695316,84.873366693966
_Linear,other,python,CPU,thread 166178 (python),"((2880, 4096), (4096, 8, 4096), (), (), (), (), (), (), (), (), (), (), (), (), (), (), (), (), (), (), (), (), (), (), (), (), (), (), (), (), (), (), ())","('c10::BFloat16', 'c10::BFloat16', '', 'Scalar', 'Scalar', 'Scalar', '', '', '', '', '', '', 'Scalar', 'Scalar', 'Scalar', 'Scalar', 'Scalar', 'Scalar', 'Scalar', 'Scalar', 'Scalar', 'Scalar', 'Scalar', 'Scalar', '', 'Scalar', '', '', '', 'Scalar', 'Scalar', 'Scalar', 'Scalar')","((4096, 1), (32768, 4096, 1), (), (), (), (), (), (), (), (), (), (), (), (), (), (), (), (), (), (), (), (), (), (), (), (), (), (), (), (), (), (), ())","('', '', '', 'False', 'False', 'False', '', '', '', '', '', '', 'False', 'False', '1', 'False', 'False', 'True', 'False', 'False', 'False', 'False', 'False', 'False', '', 'False', '', '', '', 'False', 'False', 'True', 'False')",1,192,521.3978169759115,518.06396484375,16.37774683593174,500.2841796875,593.6845703125,100108.380859375,219,"[{'name': 'Cijk_Alik_Bljk_BBS_BH_Bias_HA_S_SAV_UserArgs_MT256x256x64_MI16x16x1_CMS_SN_LDSB0_AFC1_AFEM1_AFEM1_ASEM1_CLR1_CADS0_DTLA1_DTLB1_DTVA0_DTVB0_EPS0_FDSI0_GRPM1_GRVWA8_GRVWB8_GSU0_GSUAMB_GLS0_ISA950_IU1_K1_LBSPPA1024_LBSPPB1024_LBSPPM0_LPA16_LPB16_LPM0_LRVW8_LWPMn1_MIAV0_MIWT8_8_MO40_NTn1_NTA0_NTB0_NTC0_NTD4_NTM0_NEPBS0_NLCA1_NLCB1_ONLL1_PGR2_PLR1_PKA1_SIA3_SS1_SPO0_SRVW0_SSO0_SVW8_SK3_SKXCCM0_TLDS1_ULSGRO0_USL1_UIOFGRO0_USFGRO0_VSn1_VWA8_VWB8_WSGRA0_WSGRB0_WS64_WG32_8_1', 'stream': 0, 'count': 192, 'total_duration_us': np.float64(100108.389), 'mean_duration_us': np.float64(521.3978593749999), 'median_duration_us': np.float64(518.064), 'std_dev_duration_us': np.float64(16.335084645671905), 'min_duration_us': np.float64(500.284), 'max_duration_us': np.float64(593.685)}]","[{'name': 'Cijk_Alik_Bljk_BBS_BH_Bias_HA_S_SAV_UserArgs_MT256x256x64_MI16x1...', 'stream': 0, 'mean_duration_us': np.float64(521.4)}]",0.8412804073883382,85.71464710135434
triton_red_fused_copy__exp_sub_sum_unsqueeze_2,triton,python,CPU,thread 166178 (python),"((4096, 8, 100096), (4096, 8), (4096, 8), (4096, 8, 100096), (4096, 8, 100096), (), ())","('float', 'float', 'float', 'float', 'float', 'Scalar', 'Scalar')","((800768, 100096, 1), (8, 1), (8, 1), (800768, 100096, 1), (800768, 100096, 1), (), ())","('', '', '', '', '', '32768', '100096')",1,8,10057.60400390625,10055.17431640625,9.155602412244141,10047.533203125,10072.8935546875,80460.83203125,17082,"[{'name': 'triton_red_fused_copy__exp_sub_sum_unsqueeze_2', 'stream': 0, 'count': 8, 'total_duration_us': np.float64(80460.83099999999), 'mean_duration_us': np.float64(10057.603874999999), 'median_duration_us': np.float64(10055.173999999999), 'std_dev_duration_us': np.float64(8.564439129877453), 'min_duration_us': np.float64(10047.533), 'max_duration_us': np.float64(10072.894)}]","[{'name': 'triton_red_fused_copy__exp_sub_sum_unsqueeze_2', 'stream': 0, 'mean_duration_us': np.float64(10057.6)}]",0.6761683784012134,86.39081547975556
aten::cat,other,python,CPU,thread 166796 (pt_autograd_0),"(((4096, 8, 8, 512), (4096, 8, 8, 64), (4096, 8, 8, 64)), ())","('TensorList', 'Scalar')","(((32768, 4096, 512, 1), (4096, 512, 64, 1), (512, 2097152, 64, 1)), ())","('', '3')",1,192,392.4435221354167,392.5830078125,3.751873039016773,382.123046875,403.2421875,75349.15625,138932,"[{'name': 'void at::native::(anonymous namespace)::CatArrayBatchedCopy<at::native::(anonymous namespace)::OpaqueType<2u>, unsigned int, 4, 64, 64>(at::native::(anonymous namespace)::OpaqueType<2u>*, at::native::(anonymous namespace)::CatArrInputTensorMetadata<at::native::(anonymous namespace)::OpaqueType<2u>, unsigned int, 64, 64>, at::native::(anonymous namespace)::TensorSizeStride<unsigned int, 4u>, int, unsigned int)', 'stream': 0, 'count': 192, 'total_duration_us': np.float64(75349.158), 'mean_duration_us': np.float64(392.44353125), 'median_duration_us': np.float64(392.58299999999997), 'std_dev_duration_us': np.float64(3.742063047730505), 'min_duration_us': np.float64(382.123), 'max_duration_us': np.float64(403.242)}]","[{'name': 'void at::native::(anonymous namespace)::CatArrayBatchedCopy<at::...', 'stream': 0, 'mean_duration_us': np.float64(392.44)}]",0.6332114086972689,87.02402688845282
triton_red_fused_mul_silu_split_sum_1,triton,python,CPU,thread 166796 (pt_autograd_0),"((131072, 5760), (131072, 2880), (131072, 1), (), ())","('c10::BFloat16', 'c10::BFloat16', 'c10::BFloat16', 'Scalar', 'Scalar')","((5760, 1), (2880, 1), (1, 1), (), ())","('', '', '', '131072', '2880')",1,192,380.8780263264974,380.3427734375,6.945663682979729,366.5224609375,407.443359375,73128.5810546875,138288,"[{'name': 'triton_red_fused_mul_silu_split_sum_1', 'stream': 0, 'count': 192, 'total_duration_us': np.float64(73128.576), 'mean_duration_us': np.float64(380.878), 'median_duration_us': np.float64(380.3425), 'std_dev_duration_us': np.float64(6.927567183603007), 'min_duration_us': np.float64(366.522), 'max_duration_us': np.float64(407.443)}]","[{'name': 'triton_red_fused_mul_silu_split_sum_1', 'stream': 0, 'mean_duration_us': np.float64(380.88)}]",0.6145503696422755,87.6385772580951
triton_poi_fused_mul_silu_split_0,triton,python,CPU,thread 166178 (python),"((131072, 5760), (131072, 1), (131072, 2880), ())","('c10::BFloat16', 'c10::BFloat16', 'c10::BFloat16', 'Scalar')","((5760, 1), (1, 1), (2880, 1), ())","('', '', '', '377487360')",1,192,375.6038869222005,374.1025390625,11.006759487954286,353.962890625,455.0029296875,72115.9462890625,715,"[{'name': 'triton_poi_fused_mul_silu_split_0', 'stream': 0, 'count': 192, 'total_duration_us': np.float64(72115.95300000001), 'mean_duration_us': np.float64(375.603921875), 'median_duration_us': np.float64(374.10249999999996), 'std_dev_duration_us': np.float64(10.978074688856184), 'min_duration_us': np.float64(353.963), 'max_duration_us': np.float64(455.003)}]","[{'name': 'triton_poi_fused_mul_silu_split_0', 'stream': 0, 'mean_duration_us': np.float64(375.6)}]",0.6060404948361163,88.24461775293122
triton_poi_fused_add_cat_mul_rsub_sigmoid_silu_split_0,triton,python,CPU,thread 166796 (pt_autograd_0),"((32768, 2880), (32768, 5760), (32768, 5760), ())","('c10::BFloat16', 'c10::BFloat16', 'c10::BFloat16', 'Scalar')","((2880, 1), (5760, 1), (5760, 1), ())","('', '', '', '188743680')",1,192,323.2245686848958,299.58154296875,38.12337406583099,279.2421875,385.2822265625,62059.1171875,138565,"[{'name': 'triton_poi_fused_add_cat_mul_rsub_sigmoid_silu_split_0', 'stream': 42, 'count': 192, 'total_duration_us': np.float64(62059.115999999995), 'mean_duration_us': np.float64(323.2245625), 'median_duration_us': np.float64(299.5815), 'std_dev_duration_us': np.float64(38.02397353502034), 'min_duration_us': np.float64(279.242), 'max_duration_us': np.float64(385.282)}]","[{'name': 'triton_poi_fused_add_cat_mul_rsub_sigmoid_silu_split_0', 'stream': 42, 'mean_duration_us': np.float64(323.22)}]",0.52152595957975,88.76614371251097
FusedRoPEFunc,other,python,CPU,thread 166178 (python),"((4096, 8, 64, 64), (4096, 1, 1, 64), (), (), (), (), ())","('c10::BFloat16', 'float', '', 'Scalar', '', 'Scalar', 'Scalar')","((32768, 4096, 64, 1), (64, 64, 64, 1), (), (), (), (), ())","('', '', '', 'False', '', '1', '0')",1,192,314.5662841796875,314.681640625,4.742108554321652,302.0009765625,327.001953125,60396.7265625,158,"[{'name': 'void transformer_engine::fused_rope_forward_kernel<hip_bfloat16>(hip_bfloat16 const*, int const*, float const*, int const*, hip_bfloat16*, bool, int, int, int, int, int, int, int, int, int, int, int, int, int, int)', 'stream': 0, 'count': 192, 'total_duration_us': np.float64(60396.731), 'mean_duration_us': np.float64(314.56630729166665), 'median_duration_us': np.float64(314.682), 'std_dev_duration_us': np.float64(4.729768434292547), 'min_duration_us': np.float64(302.001), 'max_duration_us': np.float64(327.002)}]","[{'name': 'void transformer_engine::fused_rope_forward_kernel<hip_bfloat16>...', 'stream': 0, 'mean_duration_us': np.float64(314.57)}]",0.5075557340078959,89.27369944651886
_OperationFuserAutogradFunctionBackward,other,python,CPU,thread 166796 (pt_autograd_0),"((4096, 8, 2880),)","('c10::BFloat16',)","((23040, 2880, 1),)","('',)",2,200,296.0997705078125,292.140625,32.13434444678778,282.6806640625,719.1650390625,59219.9541015625,138064,"[{'name': 'void transformer_engine::normalization::rmsnorm_bwd_general_kernel<transformer_engine::normalization::Kernel_traits<hip_bfloat16, hip_bfloat16, hip_bfloat16, float, unsigned int, 4096u, 1u, 1u, 4u, 16u, transformer_engine::normalization::Kernel_traits_base<4096u, hip_bfloat16, hip_bfloat16, hip_bfloat16, float, unsigned int, 128u> >, false>(transformer_engine::normalization::BackwardKernelParams)', 'stream': 0, 'count': 200, 'total_duration_us': np.float64(43937.376000000004), 'mean_duration_us': np.float64(219.68688000000003), 'median_duration_us': np.float64(216.62099999999998), 'std_dev_duration_us': np.float64(18.955451414186896), 'min_duration_us': np.float64(207.921), 'max_duration_us': np.float64(454.243)}, {'name': 'void transformer_engine::normalization::rmsnorm_bwd_finalize_general_kernel<hip_bfloat16, float, 4u, 1u, 4u, 32u>(transformer_engine::normalization::BackwardKernelParams)', 'stream': 0, 'count': 200, 'total_duration_us': np.float64(15282.583), 'mean_duration_us': np.float64(76.412915), 'median_duration_us': np.float64(74.72), 'std_dev_duration_us': np.float64(13.6517385382879), 'min_duration_us': np.float64(72.68), 'max_duration_us': np.float64(264.922)}]","[{'name': 'void transformer_engine::normalization::rmsnorm_bwd_general_kern...', 'stream': 0, 'mean_duration_us': np.float64(219.69)}, {'name': 'void transformer_engine::normalization::rmsnorm_bwd_finalize_gen...', 'stream': 0, 'mean_duration_us': np.float64(76.41)}]",0.49766649589573864,89.7713659424146
aten::add_,elementwise,python,CPU,thread 166796 (pt_autograd_0),"((5760, 2880), (5760, 2880), ())","('float', 'c10::BFloat16', 'Scalar')","((2880, 1), (2880, 1), ())","('', '', '1')",1,960,61.47049357096354,56.49853515625,7.954692371012944,51.119140625,87.8798828125,59011.673828125,138317,"[{'name': 'void at::native::vectorized_templated_elementwise_kernel<4, at::native::CUDAFunctor_add<float>, std::array<char*, 3ul>, TrivialOffsetCalculator<2, unsigned int>, TrivialOffsetCalculator<1, unsigned int>, at::native::memory::LoadWithCast<2>, at::native::memory::StoreWithCast<1>, float, float, c10::BFloat16>(int, at::native::CUDAFunctor_add<float>, std::array<char*, 3ul>, TrivialOffsetCalculator<2, unsigned int>, TrivialOffsetCalculator<1, unsigned int>, at::native::memory::LoadWithCast<2>, at::native::memory::StoreWithCast<1>)', 'stream': 0, 'count': 960, 'total_duration_us': np.float64(59011.687), 'mean_duration_us': np.float64(61.470507291666664), 'median_duration_us': np.float64(56.498999999999995), 'std_dev_duration_us': np.float64(7.950562255140419), 'min_duration_us': np.float64(51.119), 'max_duration_us': np.float64(87.88)}]","[{'name': 'void at::native::vectorized_templated_elementwise_kernel<4, at::...', 'stream': 0, 'mean_duration_us': np.float64(61.47)}]",0.4959161717791735,90.26728211419378
_OperationFuserAutogradFunction,other,python,CPU,thread 166178 (python),"((4096, 8, 64, 64), (64,))","('c10::BFloat16', 'c10::BFloat16')","((32768, 4096, 64, 1), (1,))","('', '')",1,192,299.7495574951172,299.9619140625,3.4716510541604797,288.9619140625,312.4423828125,57551.9150390625,137,"[{'name': 'void transformer_engine::normalization::rmsnorm_fwd_general_kernel<transformer_engine::normalization::Kernel_traits<hip_bfloat16, hip_bfloat16, hip_bfloat16, float, unsigned int, 128u, 1u, 4u, 1u, 8u, transformer_engine::normalization::Kernel_traits_base<128u, hip_bfloat16, hip_bfloat16, hip_bfloat16, float, unsigned int, 128u> > >(transformer_engine::normalization::ForwardKernelParams)', 'stream': 0, 'count': 192, 'total_duration_us': np.float64(57551.914000000004), 'mean_duration_us': np.float64(299.74955208333336), 'median_duration_us': np.float64(299.962), 'std_dev_duration_us': np.float64(3.462620605209392), 'min_duration_us': np.float64(288.962), 'max_duration_us': np.float64(312.442)}]","[{'name': 'void transformer_engine::normalization::rmsnorm_fwd_general_kern...', 'stream': 0, 'mean_duration_us': np.float64(299.75)}]",0.483648802571831,90.75093091676561
_OperationFuserAutogradFunctionBackward,other,python,CPU,thread 166796 (pt_autograd_0),"((4096, 8, 8, 64),)","('c10::BFloat16',)","((4096, 512, 64, 1),)","('',)",2,192,291.4417724609375,290.5810546875,4.697335249645392,281.7998046875,308.720703125,55956.8203125,138884,"[{'name': 'void transformer_engine::normalization::rmsnorm_bwd_general_kernel<transformer_engine::normalization::Kernel_traits<hip_bfloat16, hip_bfloat16, hip_bfloat16, float, unsigned int, 128u, 1u, 4u, 1u, 8u, transformer_engine::normalization::Kernel_traits_base<128u, hip_bfloat16, hip_bfloat16, hip_bfloat16, float, unsigned int, 128u> >, false>(transformer_engine::normalization::BackwardKernelParams)', 'stream': 0, 'count': 192, 'total_duration_us': np.float64(8265.676), 'mean_duration_us': np.float64(43.05039583333333), 'median_duration_us': np.float64(42.679500000000004), 'std_dev_duration_us': np.float64(1.7758113373373796), 'min_duration_us': np.float64(39.879), 'max_duration_us': np.float64(48.04)}, {'name': 'void transformer_engine::normalization::rmsnorm_bwd_finalize_general_kernel<hip_bfloat16, float, 4u, 1u, 4u, 32u>(transformer_engine::normalization::BackwardKernelParams)', 'stream': 0, 'count': 192, 'total_duration_us': np.float64(47691.145), 'mean_duration_us': np.float64(248.39138020833332), 'median_duration_us': np.float64(247.801), 'std_dev_duration_us': np.float64(4.121749063178959), 'min_duration_us': np.float64(241.201), 'max_duration_us': np.float64(266.201)}]","[{'name': 'void transformer_engine::normalization::rmsnorm_bwd_general_kern...', 'stream': 0, 'mean_duration_us': np.float64(43.05)}, {'name': 'void transformer_engine::normalization::rmsnorm_bwd_finalize_gen...', 'stream': 0, 'mean_duration_us': np.float64(248.39)}]",0.4702441112775974,91.2211750280432
FusedRoPEFuncBackward,other,python,CPU,thread 166796 (pt_autograd_0),"((4096, 8, 64, 64),)","('c10::BFloat16',)","((4096, 16777216, 64, 1),)","('',)",1,192,288.99384053548175,289.9619140625,3.5836502624491833,279.6416015625,296.0810546875,55486.8173828125,138880,"[{'name': 'void transformer_engine::fused_rope_backward_kernel<hip_bfloat16>(hip_bfloat16 const*, int const*, float const*, hip_bfloat16*, bool, int, int, int, int, int, int, int, int, int, int, int, int, int, int)', 'stream': 0, 'count': 192, 'total_duration_us': np.float64(55486.815), 'mean_duration_us': np.float64(288.993828125), 'median_duration_us': np.float64(289.962), 'std_dev_duration_us': np.float64(3.574292898695813), 'min_duration_us': np.float64(279.642), 'max_duration_us': np.float64(296.081)}]","[{'name': 'void transformer_engine::fused_rope_backward_kernel<hip_bfloat16...', 'stream': 0, 'mean_duration_us': np.float64(288.99)}]",0.4662943495017412,91.68746937754494
aten::gather,other,python,CPU,thread 166796 (pt_autograd_0),"((32768, 2880), (), (131072, 2880), ())","('c10::BFloat16', 'Scalar', 'long int', 'Scalar')","((2880, 1), (), (1, 0), ())","('', '0', '', 'False')",1,192,268.79632059733075,260.861328125,28.290317890723568,242.80078125,533.923828125,51608.8935546875,138113,"[{'name': 'void at::native::vectorized_gather_kernel<16, long>(char*, char*, long*, int, long, long, long, long, bool)', 'stream': 0, 'count': 192, 'total_duration_us': np.float64(51608.895000000004), 'mean_duration_us': np.float64(268.796328125), 'median_duration_us': np.float64(260.8615), 'std_dev_duration_us': np.float64(28.216575327087604), 'min_duration_us': np.float64(242.801), 'max_duration_us': np.float64(533.924)}]","[{'name': 'void at::native::vectorized_gather_kernel<16, long>(char*, char*...', 'stream': 0, 'mean_duration_us': np.float64(268.8)}]",0.4337054562448544,92.1211748337898
aten::copy_,UnaryElementwise,python,CPU,thread 166796 (pt_autograd_0),"((4096, 8, 2880), (4096, 8, 2880), ())","('c10::BFloat16', 'c10::BFloat16', 'Scalar')","((23040, 2880, 1), (23040, 2880, 1), ())","('', '', 'False')",1,576,78.46022542317708,75.359375,7.775251329691053,69.1201171875,107.6396484375,45193.08984375,138093,"[{'name': 'Memcpy DtoD (Device -> Device)', 'stream': 0, 'count': 576, 'total_duration_us': np.float64(45193.086), 'mean_duration_us': np.float64(78.46021875000001), 'median_duration_us': np.float64(75.359), 'std_dev_duration_us': np.float64(7.768515217963583), 'min_duration_us': np.float64(69.12), 'max_duration_us': np.float64(107.64)}]","[{'name': 'Memcpy DtoD (Device -> Device)', 'stream': 0, 'mean_duration_us': np.float64(78.46)}]",0.37978899177577946,92.50096382556558
aten::gather,other,python,CPU,thread 166178 (python),"((32768, 2880), (), (131072, 2880), (), (131072, 2880))","('c10::BFloat16', 'Scalar', 'long int', 'Scalar', 'c10::BFloat16')","((2880, 1), (), (1, 0), (), (2880, 1))","('', '0', '', 'False', '')",1,192,233.15953572591147,233.4609375,6.405244364133738,217.681640625,248.4814453125,44766.630859375,566,"[{'name': 'void at::native::vectorized_gather_kernel<16, long>(char*, char*, long*, int, long, long, long, long, bool)', 'stream': 0, 'count': 192, 'total_duration_us': np.float64(44766.630000000005), 'mean_duration_us': np.float64(233.15953125000001), 'median_duration_us': np.float64(233.461), 'std_dev_duration_us': np.float64(6.388537564056173), 'min_duration_us': np.float64(217.682), 'max_duration_us': np.float64(248.481)}]","[{'name': 'void at::native::vectorized_gather_kernel<16, long>(char*, char*...', 'stream': 0, 'mean_duration_us': np.float64(233.16)}]",0.3762051600822732,92.87716898564786
aten::add_,elementwise,python,CPU,thread 166796 (pt_autograd_0),"((2880, 2880), (2880, 2880), ())","('float', 'c10::BFloat16', 'Scalar')","((2880, 1), (2880, 1), ())","('', '', '1')",1,960,43.50015360514323,39.9990234375,24.2070169850076,24.5986328125,752.56640625,41760.1474609375,138136,"[{'name': 'void at::native::vectorized_templated_elementwise_kernel<4, at::native::CUDAFunctor_add<float>, std::array<char*, 3ul>, TrivialOffsetCalculator<2, unsigned int>, TrivialOffsetCalculator<1, unsigned int>, at::native::memory::LoadWithCast<2>, at::native::memory::StoreWithCast<1>, float, float, c10::BFloat16>(int, at::native::CUDAFunctor_add<float>, std::array<char*, 3ul>, TrivialOffsetCalculator<2, unsigned int>, TrivialOffsetCalculator<1, unsigned int>, at::native::memory::LoadWithCast<2>, at::native::memory::StoreWithCast<1>)', 'stream': 0, 'count': 960, 'total_duration_us': np.float64(41760.148), 'mean_duration_us': np.float64(43.50015416666667), 'median_duration_us': np.float64(39.999), 'std_dev_duration_us': np.float64(24.1943948215797), 'min_duration_us': np.float64(24.599), 'max_duration_us': np.float64(752.566)}]","[{'name': 'void at::native::vectorized_templated_elementwise_kernel<4, at::...', 'stream': 0, 'mean_duration_us': np.float64(43.5)}]",0.35093958734469455,93.22810857299255
triton_poi_fused__to_copy_copy__mul_unsqueeze_view_2,triton,python,CPU,thread 166796 (pt_autograd_0),"((32768, 100096), (4096, 8), (4096, 8, 100096), (4096, 8, 100096), ())","('float', 'float', 'c10::BFloat16', 'float', 'Scalar')","((100096, 1), (1, 4096), (800768, 100096, 1), (800768, 100096, 1), ())","('', '', '', '', '3279945728')",1,8,5177.2828369140625,5176.8681640625,8.991860159211212,5159.0869140625,5188.9677734375,41418.2626953125,138036,"[{'name': 'triton_poi_fused__to_copy_copy__mul_unsqueeze_view_2', 'stream': 0, 'count': 8, 'total_duration_us': np.float64(41418.263000000006), 'mean_duration_us': np.float64(5177.282875000001), 'median_duration_us': np.float64(5176.868), 'std_dev_duration_us': np.float64(8.41115472806044), 'min_duration_us': np.float64(5159.087), 'max_duration_us': np.float64(5188.968)}]","[{'name': 'triton_poi_fused__to_copy_copy__mul_unsqueeze_view_2', 'stream': 0, 'mean_duration_us': np.float64(5177.28)}]",0.34806649168141635,93.57617506467398
triton_poi_fused_add_0,triton,python,CPU,thread 166178 (python),"((4096, 8, 2880), (4096, 8, 2880), (4096, 8, 2880), ())","('c10::BFloat16', 'c10::BFloat16', 'c10::BFloat16', 'Scalar')","((23040, 2880, 1), (23040, 2880, 1), (23040, 2880, 1), ())","('', '', '', '94371840')",1,384,92.13142395019531,90.77978515625,6.770402463905752,82.919921875,106.3603515625,35378.466796875,234,"[{'name': 'triton_poi_fused_add_0', 'stream': 0, 'count': 384, 'total_duration_us': np.float64(35378.466), 'mean_duration_us': np.float64(92.131421875), 'median_duration_us': np.float64(90.78), 'std_dev_duration_us': np.float64(6.761569459555709), 'min_duration_us': np.float64(82.92), 'max_duration_us': np.float64(106.36)}]","[{'name': 'triton_poi_fused_add_0', 'stream': 0, 'mean_duration_us': np.float64(92.13)}]",0.2973098825907393,93.87348494726471
triton_poi_fused_copy__div_split_unsqueeze_1,triton,python,CPU,thread 166178 (python),"((4096, 8, 100096), (8192, 8), (4096, 8, 100096), ())","('float', 'float', 'float', 'Scalar')","((800768, 100096, 1), (8, 1), (800768, 100096, 1), ())","('', '', '', '3279945728')",1,8,4391.14013671875,4394.06005859375,13.231707281706463,4370.5595703125,4411.1201171875,35129.12109375,17092,"[{'name': 'triton_poi_fused_copy__div_split_unsqueeze_1', 'stream': 0, 'count': 8, 'total_duration_us': np.float64(35129.121), 'mean_duration_us': np.float64(4391.140125), 'median_duration_us': np.float64(4394.0599999999995), 'std_dev_duration_us': np.float64(12.376976008273262), 'min_duration_us': np.float64(4370.56), 'max_duration_us': np.float64(4411.12)}]","[{'name': 'triton_poi_fused_copy__div_split_unsqueeze_1', 'stream': 0, 'mean_duration_us': np.float64(4391.14)}]",0.29521445708385596,94.16869940434857
aten::copy_,elementwise,python,CPU,thread 166178 (python),"((8, 4096, 64, 64), (8, 4096, 64, 64), ())","('c10::BFloat16', 'c10::BFloat16', 'Scalar')","((16777216, 4096, 64, 1), (4096, 32768, 64, 1), ())","('', '', 'False')",1,192,179.81442260742188,179.6806640625,6.32874966831762,168.7607421875,202.2802734375,34524.369140625,172,"[{'name': 'void at::native::elementwise_kernel_manual_unroll<128, 8, at::native::gpu_kernel_impl_nocast<at::native::direct_copy_kernel_cuda(at::TensorIteratorBase&)::{lambda()#3}::operator()() const::{lambda()#12}::operator()() const::{lambda(c10::BFloat16)#1}>(at::TensorIteratorBase&, at::native::direct_copy_kernel_cuda(at::TensorIteratorBase&)::{lambda()#3}::operator()() const::{lambda()#12}::operator()() const::{lambda(c10::BFloat16)#1} const&)::{lambda(int, bool)#1}>(int, at::native::gpu_kernel_impl_nocast<at::native::direct_copy_kernel_cuda(at::TensorIteratorBase&)::{lambda()#3}::operator()() const::{lambda()#12}::operator()() const::{lambda(c10::BFloat16)#1}>(at::TensorIteratorBase&, at::native::direct_copy_kernel_cuda(at::TensorIteratorBase&)::{lambda()#3}::operator()() const::{lambda()#12}::operator()() const::{lambda(c10::BFloat16)#1} const&)::{lambda(int, bool)#1})', 'stream': 0, 'count': 192, 'total_duration_us': np.float64(34524.369000000006), 'mean_duration_us': np.float64(179.81442187500002), 'median_duration_us': np.float64(179.68099999999998), 'std_dev_duration_us': np.float64(6.312230701693061), 'min_duration_us': np.float64(168.761), 'max_duration_us': np.float64(202.28)}]","[{'name': 'void at::native::elementwise_kernel_manual_unroll<128, 8, at::na...', 'stream': 0, 'mean_duration_us': np.float64(179.81)}]",0.29013230546851243,94.45883170981709
aten::copy_,elementwise,python,CPU,thread 166178 (python),"((4096, 8, 4096), (4096, 8, 4096), ())","('c10::BFloat16', 'c10::BFloat16', 'Scalar')","((32768, 4096, 1), (4096, 16777216, 1), ())","('', '', 'False')",1,192,177.8848673502604,177.640625,4.3275064237883845,169.0,194.12109375,34153.89453125,218,"[{'name': 'void at::native::elementwise_kernel_manual_unroll<128, 8, at::native::gpu_kernel_impl_nocast<at::native::direct_copy_kernel_cuda(at::TensorIteratorBase&)::{lambda()#3}::operator()() const::{lambda()#12}::operator()() const::{lambda(c10::BFloat16)#1}>(at::TensorIteratorBase&, at::native::direct_copy_kernel_cuda(at::TensorIteratorBase&)::{lambda()#3}::operator()() const::{lambda()#12}::operator()() const::{lambda(c10::BFloat16)#1} const&)::{lambda(int, bool)#1}>(int, at::native::gpu_kernel_impl_nocast<at::native::direct_copy_kernel_cuda(at::TensorIteratorBase&)::{lambda()#3}::operator()() const::{lambda()#12}::operator()() const::{lambda(c10::BFloat16)#1}>(at::TensorIteratorBase&, at::native::direct_copy_kernel_cuda(at::TensorIteratorBase&)::{lambda()#3}::operator()() const::{lambda()#12}::operator()() const::{lambda(c10::BFloat16)#1} const&)::{lambda(int, bool)#1})', 'stream': 0, 'count': 192, 'total_duration_us': np.float64(34153.89), 'mean_duration_us': np.float64(177.88484375), 'median_duration_us': np.float64(177.641), 'std_dev_duration_us': np.float64(4.316219811961536), 'min_duration_us': np.float64(169.0), 'max_duration_us': np.float64(194.121)}]","[{'name': 'void at::native::elementwise_kernel_manual_unroll<128, 8, at::na...', 'stream': 0, 'mean_duration_us': np.float64(177.88)}]",0.28701894944750306,94.74585065926459
triton_poi_fused__to_copy_arange_index_index_put_rsub_sub_view_0,triton,python,CPU,thread 166796 (pt_autograd_0),"((4096, 8, 100096), (32768, 100096), ())","('float', 'float', 'Scalar')","((800768, 100096, 1), (100096, 1), ())","('', '', '3279945728')",1,8,4230.5936279296875,4227.41845703125,8.22240536931266,4223.1181640625,4247.119140625,33844.7490234375,138034,"[{'name': 'triton_poi_fused__to_copy_arange_index_index_put_rsub_sub_view_0', 'stream': 0, 'count': 8, 'total_duration_us': np.float64(33844.749), 'mean_duration_us': np.float64(4230.593625), 'median_duration_us': np.float64(4227.4185), 'std_dev_duration_us': np.float64(7.691329630458742), 'min_duration_us': np.float64(4223.118), 'max_duration_us': np.float64(4247.119)}]","[{'name': 'triton_poi_fused__to_copy_arange_index_index_put_rsub_sub_view_0', 'stream': 0, 'mean_duration_us': np.float64(4230.59)}]",0.2844209845566303,95.03027164382122
aten::add_,elementwise,python,CPU,thread 166796 (pt_autograd_0),"((4096, 8, 2880), (4096, 8, 2880), ())","('c10::BFloat16', 'c10::BFloat16', 'Scalar')","((23040, 2880, 1), (23040, 2880, 1), ())","('', '', '1')",1,376,84.69874864943485,84.38037109375,2.270077045197323,80.599609375,93.400390625,31846.7294921875,138956,"[{'name': 'void at::native::vectorized_elementwise_kernel<8, at::native::CUDAFunctor_add<c10::BFloat16>, std::array<char*, 3ul> >(int, at::native::CUDAFunctor_add<c10::BFloat16>, std::array<char*, 3ul>)', 'stream': 0, 'count': 376, 'total_duration_us': np.float64(31846.742), 'mean_duration_us': np.float64(84.69878191489362), 'median_duration_us': np.float64(84.38), 'std_dev_duration_us': np.float64(2.2670621748347677), 'min_duration_us': np.float64(80.6), 'max_duration_us': np.float64(93.4)}]","[{'name': 'void at::native::vectorized_elementwise_kernel<8, at::native::CU...', 'stream': 0, 'mean_duration_us': np.float64(84.7)}]",0.26763023566237887,95.2979018794836
triton_red_fused__to_copy_max_0,triton,python,CPU,thread 166178 (python),"((4096, 8, 100096), (4096, 8, 100096), (4096, 8), (), ())","('c10::BFloat16', 'float', 'float', 'Scalar', 'Scalar')","((800768, 100096, 1), (800768, 100096, 1), (8, 1), (), ())","('', '', '', '32768', '100096')",1,8,3622.6728515625,3617.0927734375,11.677728483376997,3612.47265625,3645.2734375,28981.3828125,17071,"[{'name': 'triton_red_fused__to_copy_max_0', 'stream': 0, 'count': 8, 'total_duration_us': np.float64(28981.384), 'mean_duration_us': np.float64(3622.673), 'median_duration_us': np.float64(3617.093), 'std_dev_duration_us': np.float64(10.923406062213425), 'min_duration_us': np.float64(3612.473), 'max_duration_us': np.float64(3645.273)}]","[{'name': 'triton_red_fused__to_copy_max_0', 'stream': 0, 'mean_duration_us': np.float64(3622.67)}]",0.2435507330143188,95.54145261249792
_OperationFuserAutogradFunction,other,python,CPU,thread 166178 (python),"((4096, 8, 2880), (2880,))","('c10::BFloat16', 'c10::BFloat16')","((23040, 2880, 1), (1,))","('', '')",1,200,144.188583984375,144.1201171875,2.4388668184171607,138.2001953125,153.6806640625,28837.716796875,235,"[{'name': 'void transformer_engine::normalization::rmsnorm_fwd_general_kernel<transformer_engine::normalization::Kernel_traits<hip_bfloat16, hip_bfloat16, hip_bfloat16, float, unsigned int, 8192u, 1u, 1u, 4u, 16u, transformer_engine::normalization::Kernel_traits_base<8192u, hip_bfloat16, hip_bfloat16, hip_bfloat16, float, unsigned int, 128u> > >(transformer_engine::normalization::ForwardKernelParams)', 'stream': 0, 'count': 200, 'total_duration_us': np.float64(28837.716999999997), 'mean_duration_us': np.float64(144.188585), 'median_duration_us': np.float64(144.12), 'std_dev_duration_us': np.float64(2.432794952883412), 'min_duration_us': np.float64(138.2), 'max_duration_us': np.float64(153.681)}]","[{'name': 'void transformer_engine::normalization::rmsnorm_fwd_general_kern...', 'stream': 0, 'mean_duration_us': np.float64(144.19)}]",0.24234340748257696,95.7837960199805
RouterGatingLinearFunctionBackward,other,python,CPU,thread 166796 (pt_autograd_0),"((4096, 8, 32),)","('c10::BFloat16',)","((256, 32, 1),)","('',)",3,192,133.54802958170572,132.91796875,3.221705794003812,126.91796875,141.9580078125,25641.2216796875,138743,"[{'name': 'Cijk_Ailk_Bljk_BBS_BH_Bias_HA_S_SAV_UserArgs_MT256x256x32_MI32x32x1_SN_LDSB1_AFC0_AFEM1_AFEM1_ASEM1_CLR1_CADS0_DTLA0_DTLB0_DTVA0_DTVB0_EPS0_FDSI0_GRPM1_GRVWA2_GRVWB8_GSU0_GSUAMB_GLS0_ISA950_IU1_K1_LBSPPA0_LBSPPB256_LBSPPM0_LPA0_LPB8_LPM0_LRVW8_LWPMn1_MIAV0_MIWT4_4_MO40_NTn1_NTA0_NTB0_NTC4_NTD4_NTM0_NEPBS16_NLCA1_NLCB1_ONLL1_PGR2_PLR1_PKA1_SIA3_SS1_SPO1_SRVW0_SSO4_SVW4_SK3_SKXCCM8_TLDS1_ULSGRO0_USL1_UIOFGRO0_USFGROn1_VSn1_VWA4_VWB4_WSGRA0_WSGRB0_WS64_WG64_4_1', 'stream': 0, 'count': 192, 'total_duration_us': np.float64(13122.848999999998), 'mean_duration_us': np.float64(68.34817187499999), 'median_duration_us': np.float64(68.199), 'std_dev_duration_us': np.float64(1.0713650009453601), 'min_duration_us': np.float64(63.68), 'max_duration_us': np.float64(72.64)}, {'name': 'Cijk_Ailk_Bjlk_BBS_BH_Bias_HA_S_SAV_UserArgs_MT256x16x64_MI16x16x1_SN_LDSB1_AFC1_AFEM1_AFEM1_ASEM1_CLR1_CADS0_DTLA0_DTLB0_DTVA0_DTVB0_EPS0_FDSI0_GRPM1_GRVWA8_GRVWB4_GSU0_GSUAMB_GLS0_ISA950_IU1_K1_LBSPPA4096_LBSPPB256_LBSPPM0_LPA0_LPB16_LPM0_LRVW8_LWPMn1_MIAV0_MIWT4_1_MO40_NTn1_NTA0_NTB0_NTC0_NTD0_NTM0_NEPBS0_NLCA1_NLCB1_ONLL1_PGR2_PLR1_PKA1_SIA3_SS1_SPO0_SRVW0_SSO0_SVW4_SK3_SKXCCM8_TLDS0_ULSGRO0_USL1_UIOFGRO0_USFGRO0_VSn1_VWA4_VWB1_WSGRA0_WSGRB0_WS64_WG64_4_1', 'stream': 0, 'count': 192, 'total_duration_us': np.float64(10713.144), 'mean_duration_us': np.float64(55.797625000000004), 'median_duration_us': np.float64(55.799499999999995), 'std_dev_duration_us': np.float64(1.6362787637527823), 'min_duration_us': np.float64(52.079), 'max_duration_us': np.float64(60.12)}, {'name': 'Cijk_SB_BiasS_HAS_ScaleAlphaVec_PostGSU16_VW4', 'stream': 0, 'count': 192, 'total_duration_us': np.float64(1805.231), 'mean_duration_us': np.float64(9.402244791666666), 'median_duration_us': np.float64(8.7995), 'std_dev_duration_us': np.float64(1.5311527545563093), 'min_duration_us': np.float64(7.319), 'max_duration_us': np.float64(13.079)}]","[{'name': 'Cijk_Ailk_Bljk_BBS_BH_Bias_HA_S_SAV_UserArgs_MT256x256x32_MI32x3...', 'stream': 0, 'mean_duration_us': np.float64(68.35)}, {'name': 'Cijk_Ailk_Bjlk_BBS_BH_Bias_HA_S_SAV_UserArgs_MT256x16x64_MI16x16...', 'stream': 0, 'mean_duration_us': np.float64(55.8)}, {'name': 'Cijk_SB_BiasS_HAS_ScaleAlphaVec_PostGSU16_VW4', 'stream': 0, 'mean_duration_us': np.float64(9.4)}]",0.21548103400977195,95.99927705399027
hipLaunchKernel,other,python,CPU,thread 166178 (python),,,,,1,380,64.23744346217106,39.29931640625,48.47564876630321,4.359375,150.041015625,24410.228515625,2322409,"[{'name': 'void multi_tensor_apply_kernel<TensorListMetadata<1, false>, transformer_engine::multi_tensor_l2norm::L2NormFunctor<float>, float*, float*, bool, int>(long, int volatile*, TensorListMetadata<1, false>, transformer_engine::multi_tensor_l2norm::L2NormFunctor<float>, float*, float*, bool, int)', 'stream': 0, 'count': 380, 'total_duration_us': np.float64(24410.208), 'mean_duration_us': np.float64(64.2373894736842), 'median_duration_us': np.float64(39.29900000000001), 'std_dev_duration_us': np.float64(48.4118293337257), 'min_duration_us': np.float64(4.359), 'max_duration_us': np.float64(150.041)}]","[{'name': 'void multi_tensor_apply_kernel<TensorListMetadata<1, false>, tra...', 'stream': 0, 'mean_duration_us': np.float64(64.24)}]",0.20513614158753302,96.2044131955778
aten::topk,other,python,CPU,thread 166178 (python),"((32768, 32), (), (), (), ())","('float', 'Scalar', 'Scalar', 'Scalar', 'Scalar')","((32, 1), (), (), (), ())","('', '4', '1', 'True', 'True')",2,192,120.71570841471355,120.0390625,3.8270271602686736,113.51953125,136.4384765625,23177.416015625,314,"[{'name': 'void at::native::sbtopk::gatherTopK<float, unsigned int, 2, false>(at::cuda::detail::TensorInfo<float const, unsigned int>, unsigned int, unsigned int, bool, unsigned int, unsigned int, at::cuda::detail::TensorInfo<float, unsigned int>, unsigned int, at::cuda::detail::TensorInfo<long, unsigned int>, unsigned int, float*)', 'stream': 0, 'count': 192, 'total_duration_us': np.float64(20693.761), 'mean_duration_us': np.float64(107.78000520833332), 'median_duration_us': np.float64(107.12), 'std_dev_duration_us': np.float64(3.4543194932477235), 'min_duration_us': np.float64(101.039), 'max_duration_us': np.float64(122.8)}, {'name': 'void at::native::bitonicSortKVInPlace<2, -1, 16, 16, float, long, at::native::GTOp<float, true>, unsigned int>(at::cuda::detail::TensorInfo<float, unsigned int>, unsigned int, unsigned int, unsigned int, at::cuda::detail::TensorInfo<long, unsigned int>, unsigned int, at::native::GTOp<float, true>)', 'stream': 0, 'count': 192, 'total_duration_us': np.float64(2483.6639999999998), 'mean_duration_us': np.float64(12.935749999999999), 'median_duration_us': np.float64(12.7595), 'std_dev_duration_us': np.float64(0.7706939108145767), 'min_duration_us': np.float64(11.679), 'max_duration_us': np.float64(17.919)}]","[{'name': 'void at::native::sbtopk::gatherTopK<float, unsigned int, 2, fals...', 'stream': 0, 'mean_duration_us': np.float64(107.78)}, {'name': 'void at::native::bitonicSortKVInPlace<2, -1, 16, 16, float, long...', 'stream': 0, 'mean_duration_us': np.float64(12.94)}]",0.19477596001901543,96.39918915559682
aten::topk,other,python,CPU,thread 166178 (python),"((32768, 32), (), (), (), ())","('c10::BFloat16', 'Scalar', 'Scalar', 'Scalar', 'Scalar')","((32, 1), (), (), (), ())","('', '4', '1', 'True', 'True')",2,192,108.67090861002605,108.0791015625,2.9589562657511856,103.87890625,121.919921875,20864.814453125,276,"[{'name': 'void at::native::sbtopk::gatherTopK<c10::BFloat16, unsigned int, 2, false>(at::cuda::detail::TensorInfo<c10::BFloat16 const, unsigned int>, unsigned int, unsigned int, bool, unsigned int, unsigned int, at::cuda::detail::TensorInfo<c10::BFloat16, unsigned int>, unsigned int, at::cuda::detail::TensorInfo<long, unsigned int>, unsigned int, c10::BFloat16*)', 'stream': 0, 'count': 192, 'total_duration_us': np.float64(18437.216), 'mean_duration_us': np.float64(96.02716666666667), 'median_duration_us': np.float64(95.42), 'std_dev_duration_us': np.float64(2.66180750253574), 'min_duration_us': np.float64(91.6), 'max_duration_us': np.float64(109.0)}, {'name': 'void at::native::bitonicSortKVInPlace<2, -1, 16, 16, c10::BFloat16, long, at::native::GTOp<c10::BFloat16, true>, unsigned int>(at::cuda::detail::TensorInfo<c10::BFloat16, unsigned int>, unsigned int, unsigned int, unsigned int, at::cuda::detail::TensorInfo<long, unsigned int>, unsigned int, at::native::GTOp<c10::BFloat16, true>)', 'stream': 0, 'count': 192, 'total_duration_us': np.float64(2427.599), 'mean_duration_us': np.float64(12.643744791666668), 'median_duration_us': np.float64(12.599), 'std_dev_duration_us': np.float64(0.5508400237307622), 'min_duration_us': np.float64(11.519), 'max_duration_us': np.float64(14.679)}]","[{'name': 'void at::native::sbtopk::gatherTopK<c10::BFloat16, unsigned int,...', 'stream': 0, 'mean_duration_us': np.float64(96.03)}, {'name': 'void at::native::bitonicSortKVInPlace<2, -1, 16, 16, c10::BFloat...', 'stream': 0, 'mean_duration_us': np.float64(12.64)}]",0.17534155934321316,96.57453071494002
aten::copy_,UnaryElementwise,python,CPU,thread 166178 (python),"((8, 1, 4096, 4096), (8, 1, 4096, 4096), ())","('bool', 'bool', 'Scalar')","((16777216, 16777216, 4096, 1), (16777216, 16777216, 4096, 1), ())","('', '', 'True')",1,8,2379.436279296875,2378.18115234375,5.062542997577997,2373.021484375,2387.5009765625,19035.490234375,25,"[{'name': 'Memcpy HtoD (Host -> Device)', 'stream': 0, 'count': 8, 'total_duration_us': np.float64(19035.491), 'mean_duration_us': np.float64(2379.436375), 'median_duration_us': np.float64(2378.1814999999997), 'std_dev_duration_us': np.float64(4.735729509207149), 'min_duration_us': np.float64(2373.021), 'max_duration_us': np.float64(2387.501)}]","[{'name': 'Memcpy HtoD (Host -> Device)', 'stream': 0, 'mean_duration_us': np.float64(2379.44)}]",0.15996847458463342,96.73449918952466
aten::add_,elementwise,python,CPU,thread 166796 (pt_autograd_0),"((64,), (64,), ())","('float', 'c10::BFloat16', 'Scalar')","((1,), (1,), ())","('', '', '1')",1,576,32.24512396918403,32.0791015625,1.6185598546239723,26.5986328125,36.9189453125,18573.19140625,138850,"[{'name': 'void at::native::vectorized_templated_elementwise_kernel<4, at::native::CUDAFunctor_add<float>, std::array<char*, 3ul>, TrivialOffsetCalculator<2, unsigned int>, TrivialOffsetCalculator<1, unsigned int>, at::native::memory::LoadWithCast<2>, at::native::memory::StoreWithCast<1>, float, float, c10::BFloat16>(int, at::native::CUDAFunctor_add<float>, std::array<char*, 3ul>, TrivialOffsetCalculator<2, unsigned int>, TrivialOffsetCalculator<1, unsigned int>, at::native::memory::LoadWithCast<2>, at::native::memory::StoreWithCast<1>)', 'stream': 0, 'count': 576, 'total_duration_us': np.float64(18573.205), 'mean_duration_us': np.float64(32.24514756944445), 'median_duration_us': np.float64(32.079), 'std_dev_duration_us': np.float64(1.6171444378091735), 'min_duration_us': np.float64(26.599), 'max_duration_us': np.float64(36.919)}]","[{'name': 'void at::native::vectorized_templated_elementwise_kernel<4, at::...', 'stream': 0, 'mean_duration_us': np.float64(32.25)}]",0.15608345573684604,96.8905826452615
triton_poi_fused_mul_silu_split_0,triton,python,CPU,thread 166178 (python),"((32768, 5760), (32768, 2880), ())","('c10::BFloat16', 'c10::BFloat16', 'Scalar')","((5760, 1), (2880, 1), ())","('', '', '94371840')",1,192,95.75762430826823,94.419921875,6.737700016438831,89.1201171875,141.2001953125,18385.4638671875,594,"[{'name': 'triton_poi_fused_mul_silu_split_0', 'stream': 11, 'count': 192, 'total_duration_us': np.float64(18385.462), 'mean_duration_us': np.float64(95.75761458333334), 'median_duration_us': np.float64(94.41999999999999), 'std_dev_duration_us': np.float64(6.720078422734662), 'min_duration_us': np.float64(89.12), 'max_duration_us': np.float64(141.2)}]","[{'name': 'triton_poi_fused_mul_silu_split_0', 'stream': 11, 'mean_duration_us': np.float64(95.76)}]",0.1545058505534962,97.045088495815
aten::add,elementwise,python,CPU,thread 166796 (pt_autograd_0),"((4096, 8, 2880), (4096, 8, 2880), ())","('c10::BFloat16', 'c10::BFloat16', 'Scalar')","((23040, 2880, 1), (23040, 2880, 1), ())","('', '', '1')",1,200,90.7236865234375,90.30029296875,2.321533854882725,85.51953125,102.4404296875,18144.7373046875,138754,"[{'name': 'void at::native::vectorized_elementwise_kernel<8, at::native::CUDAFunctor_add<c10::BFloat16>, std::array<char*, 3ul> >(int, at::native::CUDAFunctor_add<c10::BFloat16>, std::array<char*, 3ul>)', 'stream': 0, 'count': 200, 'total_duration_us': np.float64(18144.732), 'mean_duration_us': np.float64(90.72366), 'median_duration_us': np.float64(90.3), 'std_dev_duration_us': np.float64(2.3156974639188084), 'min_duration_us': np.float64(85.52), 'max_duration_us': np.float64(102.44)}]","[{'name': 'void at::native::vectorized_elementwise_kernel<8, at::native::CU...', 'stream': 0, 'mean_duration_us': np.float64(90.72)}]",0.15248285768486036,97.19757135349985
aten::copy_,elementwise,python,CPU,thread 166178 (python),"((4096, 8, 8, 512), (4096, 8, 8, 512), ())","('c10::BFloat16', 'c10::BFloat16', 'Scalar')","((32768, 4096, 512, 1), (40960, 5120, 640, 1), ())","('', '', 'False')",1,192,88.71149190266927,88.57958984375,2.1221659072278882,84.599609375,108.0,17032.6064453125,134,"[{'name': 'void at::native::elementwise_kernel_manual_unroll<128, 8, at::native::gpu_kernel_impl_nocast<at::native::direct_copy_kernel_cuda(at::TensorIteratorBase&)::{lambda()#3}::operator()() const::{lambda()#12}::operator()() const::{lambda(c10::BFloat16)#1}>(at::TensorIteratorBase&, at::native::direct_copy_kernel_cuda(at::TensorIteratorBase&)::{lambda()#3}::operator()() const::{lambda()#12}::operator()() const::{lambda(c10::BFloat16)#1} const&)::{lambda(int, bool)#1}>(int, at::native::gpu_kernel_impl_nocast<at::native::direct_copy_kernel_cuda(at::TensorIteratorBase&)::{lambda()#3}::operator()() const::{lambda()#12}::operator()() const::{lambda(c10::BFloat16)#1}>(at::TensorIteratorBase&, at::native::direct_copy_kernel_cuda(at::TensorIteratorBase&)::{lambda()#3}::operator()() const::{lambda()#12}::operator()() const::{lambda(c10::BFloat16)#1} const&)::{lambda(int, bool)#1})', 'stream': 0, 'count': 192, 'total_duration_us': np.float64(17032.6), 'mean_duration_us': np.float64(88.71145833333333), 'median_duration_us': np.float64(88.58), 'std_dev_duration_us': np.float64(2.1166347500054314), 'min_duration_us': np.float64(84.6), 'max_duration_us': np.float64(108.0)}]","[{'name': 'void at::native::elementwise_kernel_manual_unroll<128, 8, at::na...', 'stream': 0, 'mean_duration_us': np.float64(88.71)}]",0.1431368479460911,97.34070820144595
aten::add_,elementwise,python,CPU,thread 166796 (pt_autograd_0),"((2880,), (2880,), ())","('float', 'c10::BFloat16', 'Scalar')","((1,), (1,), ())","('', '', '1')",1,392,43.28791902503189,43.07958984375,2.3046814377759866,38.71875,51.0390625,16968.8642578125,138081,"[{'name': 'void at::native::vectorized_templated_elementwise_kernel<4, at::native::CUDAFunctor_add<float>, std::array<char*, 3ul>, TrivialOffsetCalculator<2, unsigned int>, TrivialOffsetCalculator<1, unsigned int>, at::native::memory::LoadWithCast<2>, at::native::memory::StoreWithCast<1>, float, float, c10::BFloat16>(int, at::native::CUDAFunctor_add<float>, std::array<char*, 3ul>, TrivialOffsetCalculator<2, unsigned int>, TrivialOffsetCalculator<1, unsigned int>, at::native::memory::LoadWithCast<2>, at::native::memory::StoreWithCast<1>)', 'stream': 0, 'count': 392, 'total_duration_us': np.float64(16968.861999999997), 'mean_duration_us': np.float64(43.287913265306116), 'median_duration_us': np.float64(43.079499999999996), 'std_dev_duration_us': np.float64(2.3017408623863664), 'min_duration_us': np.float64(38.719), 'max_duration_us': np.float64(51.039)}]","[{'name': 'void at::native::vectorized_templated_elementwise_kernel<4, at::...', 'stream': 0, 'mean_duration_us': np.float64(43.29)}]",0.14260117797513078,97.48330937942109
aten::add_,elementwise,python,CPU,thread 166178 (python),"((4096, 8, 2880), (4096, 8, 2880), ())","('c10::BFloat16', 'c10::BFloat16', 'Scalar')","((23040, 2880, 1), (23040, 2880, 1), ())","('', '', '1')",1,192,80.27330525716145,80.080078125,1.4587658876783764,77.48046875,86.3994140625,15412.474609375,803,"[{'name': 'void at::native::vectorized_elementwise_kernel<8, at::native::CUDAFunctor_add<c10::BFloat16>, std::array<char*, 3ul> >(int, at::native::CUDAFunctor_add<c10::BFloat16>, std::array<char*, 3ul>)', 'stream': 0, 'count': 192, 'total_duration_us': np.float64(15412.467), 'mean_duration_us': np.float64(80.27326562500001), 'median_duration_us': np.float64(80.08), 'std_dev_duration_us': np.float64(1.4549611704675696), 'min_duration_us': np.float64(77.48), 'max_duration_us': np.float64(86.399)}]","[{'name': 'void at::native::vectorized_elementwise_kernel<8, at::native::CU...', 'stream': 0, 'mean_duration_us': np.float64(80.27)}]",0.12952175239405198,97.61283113181514
aten::add_,elementwise,python,CPU,thread 166796 (pt_autograd_0),"((32768, 2880), (32768, 2880), ())","('c10::BFloat16', 'c10::BFloat16', 'Scalar')","((2880, 1), (2880, 1), ())","('', '', '1')",1,192,79.01081848144531,78.8798828125,1.1921570760327587,76.080078125,82.4404296875,15170.0771484375,138631,"[{'name': 'void at::native::vectorized_elementwise_kernel<8, at::native::CUDAFunctor_add<c10::BFloat16>, std::array<char*, 3ul> >(int, at::native::CUDAFunctor_add<c10::BFloat16>, std::array<char*, 3ul>)', 'stream': 0, 'count': 192, 'total_duration_us': np.float64(15170.079), 'mean_duration_us': np.float64(79.010828125), 'median_duration_us': np.float64(78.88), 'std_dev_duration_us': np.float64(1.189024830936674), 'min_duration_us': np.float64(76.08), 'max_duration_us': np.float64(82.44)}]","[{'name': 'void at::native::vectorized_elementwise_kernel<8, at::native::CU...', 'stream': 0, 'mean_duration_us': np.float64(79.01)}]",0.12748471780277376,97.74031584961791
aten::copy_,UnaryElementwise,python,CPU,thread 166796 (pt_autograd_0),"((32768, 2880), (32768, 2880), ())","('c10::BFloat16', 'c10::BFloat16', 'Scalar')","((2880, 1), (2880, 1), ())","('', '', 'False')",1,192,77.39146931966145,74.97998046875,7.2278694370302485,71.240234375,104.1201171875,14859.162109375,138099,"[{'name': 'Memcpy DtoD (Device -> Device)', 'stream': 0, 'count': 192, 'total_duration_us': np.float64(14859.163999999999), 'mean_duration_us': np.float64(77.39147916666666), 'median_duration_us': np.float64(74.97999999999999), 'std_dev_duration_us': np.float64(7.209022622119634), 'min_duration_us': np.float64(71.24), 'max_duration_us': np.float64(104.12)}]","[{'name': 'Memcpy DtoD (Device -> Device)', 'stream': 0, 'mean_duration_us': np.float64(77.39)}]",0.12487188230907928,97.865187731927
aten::nonzero,other,python,CPU,thread 166178 (python),"((32, 32768),)","('bool',)","((32768, 1),)","('',)",7,384,38.180094401041664,39.25341796875,4.557604714618287,30.79296875,47.2734375,14661.15625,512,"[{'name': 'void rocprim::ROCPRIM_400200_NS::detail::trampoline_kernel<rocprim::ROCPRIM_400200_NS::detail::wrapped_reduce_config<rocprim::ROCPRIM_400200_NS::default_config, int>, (rocprim::ROCPRIM_400200_NS::detail::target_arch)950, rocprim::ROCPRIM_400200_NS::detail::reduce_impl<true, rocprim::ROCPRIM_400200_NS::default_config, hipcub::HIPCUB_400200_NS::TransformInputIterator<bool, at::native::(anonymous namespace)::NonZeroOp<bool>, bool const*, long>, int*, int, hipcub::HIPCUB_400200_NS::detail::convert_binary_result_type_wrapper<hipcub::HIPCUB_400200_NS::Sum, hipcub::HIPCUB_400200_NS::TransformInputIterator<bool, at::native::(anonymous namespace)::NonZeroOp<bool>, bool const*, long>, int> >(void*, unsigned long&, hipcub::HIPCUB_400200_NS::TransformInputIterator<bool, at::native::(anonymous namespace)::NonZeroOp<bool>, bool const*, long>, int*, int, unsigned long, hipcub::HIPCUB_400200_NS::detail::convert_binary_result_type_wrapper<hipcub::HIPCUB_400200_NS::Sum, hipcub::HIPCUB_400200_NS::TransformInputIterator<bool, at::native::(anonymous namespace)::NonZeroOp<bool>, bool const*, long>, int>, ihipStream_t*, bool)::{lambda(auto:1)#1}, rocprim::ROCPRIM_400200_NS::detail::default_config_selector>(rocprim::ROCPRIM_400200_NS::detail::reduce_impl<true, rocprim::ROCPRIM_400200_NS::default_config, hipcub::HIPCUB_400200_NS::TransformInputIterator<bool, at::native::(anonymous namespace)::NonZeroOp<bool>, bool const*, long>, int*, int, hipcub::HIPCUB_400200_NS::detail::convert_binary_result_type_wrapper<hipcub::HIPCUB_400200_NS::Sum, hipcub::HIPCUB_400200_NS::TransformInputIterator<bool, at::native::(anonymous namespace)::NonZeroOp<bool>, bool const*, long>, int> >(void*, unsigned long&, hipcub::HIPCUB_400200_NS::TransformInputIterator<bool, at::native::(anonymous namespace)::NonZeroOp<bool>, bool const*, long>, int*, int, unsigned long, hipcub::HIPCUB_400200_NS::detail::convert_binary_result_type_wrapper<hipcub::HIPCUB_400200_NS::Sum, hipcub::HIPCUB_400200_NS::TransformInputIterator<bool, at::native::(anonymous namespace)::NonZeroOp<bool>, bool const*, long>, int>, ihipStream_t*, bool)::{lambda(auto:1)#1})', 'stream': 0, 'count': 384, 'total_duration_us': np.float64(1439.7069999999999), 'mean_duration_us': np.float64(3.749236979166666), 'median_duration_us': np.float64(4.2989999999999995), 'std_dev_duration_us': np.float64(1.4530292078057852), 'min_duration_us': np.float64(2.039), 'max_duration_us': np.float64(6.679)}, {'name': 'void rocprim::ROCPRIM_400200_NS::detail::trampoline_kernel<rocprim::ROCPRIM_400200_NS::detail::wrapped_reduce_config<rocprim::ROCPRIM_400200_NS::default_config, int>, (rocprim::ROCPRIM_400200_NS::detail::target_arch)950, rocprim::ROCPRIM_400200_NS::detail::reduce_impl<true, rocprim::ROCPRIM_400200_NS::default_config, int*, int*, int, hipcub::HIPCUB_400200_NS::detail::convert_binary_result_type_wrapper<hipcub::HIPCUB_400200_NS::Sum, hipcub::HIPCUB_400200_NS::TransformInputIterator<bool, at::native::(anonymous namespace)::NonZeroOp<bool>, bool const*, long>, int> >(void*, unsigned long&, int*, int*, int, unsigned long, hipcub::HIPCUB_400200_NS::detail::convert_binary_result_type_wrapper<hipcub::HIPCUB_400200_NS::Sum, hipcub::HIPCUB_400200_NS::TransformInputIterator<bool, at::native::(anonymous namespace)::NonZeroOp<bool>, bool const*, long>, int>, ihipStream_t*, bool)::{lambda(auto:1)#6}, rocprim::ROCPRIM_400200_NS::detail::default_config_selector>(rocprim::ROCPRIM_400200_NS::detail::reduce_impl<true, rocprim::ROCPRIM_400200_NS::default_config, int*, int*, int, hipcub::HIPCUB_400200_NS::detail::convert_binary_result_type_wrapper<hipcub::HIPCUB_400200_NS::Sum, hipcub::HIPCUB_400200_NS::TransformInputIterator<bool, at::native::(anonymous namespace)::NonZeroOp<bool>, bool const*, long>, int> >(void*, unsigned long&, int*, int*, int, unsigned long, hipcub::HIPCUB_400200_NS::detail::convert_binary_result_type_wrapper<hipcub::HIPCUB_400200_NS::Sum, hipcub::HIPCUB_400200_NS::TransformInputIterator<bool, at::native::(anonymous namespace)::NonZeroOp<bool>, bool const*, long>, int>, ihipStream_t*, bool)::{lambda(auto:1)#6})', 'stream': 0, 'count': 384, 'total_duration_us': np.float64(1304.9450000000002), 'mean_duration_us': np.float64(3.398294270833334), 'median_duration_us': np.float64(4.3389999999999995), 'std_dev_duration_us': np.float64(2.3136456046069753), 'min_duration_us': np.float64(0.599), 'max_duration_us': np.float64(8.839)}, {'name': 'Memcpy DtoD (Device -> Device)', 'stream': 0, 'count': 384, 'total_duration_us': np.float64(1456.67), 'mean_duration_us': np.float64(3.7934114583333334), 'median_duration_us': np.float64(3.639), 'std_dev_duration_us': np.float64(0.57723086484269), 'min_duration_us': np.float64(3.119), 'max_duration_us': np.float64(7.839)}, {'name': 'void rocprim::ROCPRIM_400200_NS::detail::init_lookback_scan_state_kernel<rocprim::ROCPRIM_400200_NS::detail::lookback_scan_state<unsigned long, false, true>, rocprim::ROCPRIM_400200_NS::detail::block_id_wrapper<unsigned int, true> >(rocprim::ROCPRIM_400200_NS::detail::lookback_scan_state<unsigned long, false, true>, unsigned int, rocprim::ROCPRIM_400200_NS::detail::block_id_wrapper<unsigned int, true>, unsigned int, rocprim::ROCPRIM_400200_NS::detail::lookback_scan_state<unsigned long, false, true>::value_type*)', 'stream': 0, 'count': 384, 'total_duration_us': np.float64(614.703), 'mean_duration_us': np.float64(1.6007890624999999), 'median_duration_us': np.float64(1.7389999999999999), 'std_dev_duration_us': np.float64(0.7187672786221359), 'min_duration_us': np.float64(0.599), 'max_duration_us': np.float64(5.119)}, {'name': 'void rocprim::ROCPRIM_400200_NS::detail::trampoline_kernel<rocprim::ROCPRIM_400200_NS::detail::wrapped_partition_config<rocprim::ROCPRIM_400200_NS::default_config, (rocprim::ROCPRIM_400200_NS::detail::partition_subalgo)5, long, rocprim::ROCPRIM_400200_NS::empty_type>, (rocprim::ROCPRIM_400200_NS::detail::target_arch)950, rocprim::ROCPRIM_400200_NS::detail::partition_impl<(rocprim::ROCPRIM_400200_NS::detail::partition_subalgo)5, false, rocprim::ROCPRIM_400200_NS::default_config, unsigned long, hipcub::HIPCUB_400200_NS::CountingInputIterator<long, long>, rocprim::ROCPRIM_400200_NS::empty_type*, hipcub::HIPCUB_400200_NS::TransformInputIterator<bool, at::native::(anonymous namespace)::NonZeroOp<bool>, bool const*, long>, rocprim::ROCPRIM_400200_NS::tuple<long*, rocprim::ROCPRIM_400200_NS::empty_type>, rocprim::ROCPRIM_400200_NS::tuple<rocprim::ROCPRIM_400200_NS::empty_type*, rocprim::ROCPRIM_400200_NS::empty_type*>, rocprim::ROCPRIM_400200_NS::empty_type, int*, rocprim::ROCPRIM_400200_NS::empty_type>(void*, unsigned long&, hipcub::HIPCUB_400200_NS::CountingInputIterator<long, long>, rocprim::ROCPRIM_400200_NS::empty_type*, hipcub::HIPCUB_400200_NS::TransformInputIterator<bool, at::native::(anonymous namespace)::NonZeroOp<bool>, bool const*, long>, rocprim::ROCPRIM_400200_NS::tuple<long*, rocprim::ROCPRIM_400200_NS::empty_type>, rocprim::ROCPRIM_400200_NS::tuple<rocprim::ROCPRIM_400200_NS::empty_type*, rocprim::ROCPRIM_400200_NS::empty_type*>, int*, unsigned long, rocprim::ROCPRIM_400200_NS::empty_type, ihipStream_t*, bool, rocprim::ROCPRIM_400200_NS::empty_type)::{lambda(auto:1, auto:2)#1}::operator()<std::integral_constant<bool, false>, std::integral_constant<bool, true> >(std::integral_constant<bool, false>, std::integral_constant<bool, true>) const::{lambda(auto:1)#1}, rocprim::ROCPRIM_400200_NS::detail::default_config_selector>(rocprim::ROCPRIM_400200_NS::detail::partition_impl<(rocprim::ROCPRIM_400200_NS::detail::partition_subalgo)5, false, rocprim::ROCPRIM_400200_NS::default_config, unsigned long, hipcub::HIPCUB_400200_NS::CountingInputIterator<long, long>, rocprim::ROCPRIM_400200_NS::empty_type*, hipcub::HIPCUB_400200_NS::TransformInputIterator<bool, at::native::(anonymous namespace)::NonZeroOp<bool>, bool const*, long>, rocprim::ROCPRIM_400200_NS::tuple<long*, rocprim::ROCPRIM_400200_NS::empty_type>, rocprim::ROCPRIM_400200_NS::tuple<rocprim::ROCPRIM_400200_NS::empty_type*, rocprim::ROCPRIM_400200_NS::empty_type*>, rocprim::ROCPRIM_400200_NS::empty_type, int*, rocprim::ROCPRIM_400200_NS::empty_type>(void*, unsigned long&, hipcub::HIPCUB_400200_NS::CountingInputIterator<long, long>, rocprim::ROCPRIM_400200_NS::empty_type*, hipcub::HIPCUB_400200_NS::TransformInputIterator<bool, at::native::(anonymous namespace)::NonZeroOp<bool>, bool const*, long>, rocprim::ROCPRIM_400200_NS::tuple<long*, rocprim::ROCPRIM_400200_NS::empty_type>, rocprim::ROCPRIM_400200_NS::tuple<rocprim::ROCPRIM_400200_NS::empty_type*, rocprim::ROCPRIM_400200_NS::empty_type*>, int*, unsigned long, rocprim::ROCPRIM_400200_NS::empty_type, ihipStream_t*, bool, rocprim::ROCPRIM_400200_NS::empty_type)::{lambda(auto:1, auto:2)#1}::operator()<std::integral_constant<bool, false>, std::integral_constant<bool, true> >(std::integral_constant<bool, false>, std::integral_constant<bool, true>) const::{lambda(auto:1)#1})', 'stream': 0, 'count': 384, 'total_duration_us': np.float64(6750.403), 'mean_duration_us': np.float64(17.579174479166667), 'median_duration_us': np.float64(17.559), 'std_dev_duration_us': np.float64(0.9154590368786872), 'min_duration_us': np.float64(15.279), 'max_duration_us': np.float64(20.96)}, {'name': 'void rocprim::ROCPRIM_400200_NS::detail::trampoline_kernel<rocprim::ROCPRIM_400200_NS::detail::wrapped_transform_config<rocprim::ROCPRIM_400200_NS::default_config, unsigned long, true>, (rocprim::ROCPRIM_400200_NS::detail::target_arch)950, rocprim::ROCPRIM_400200_NS::detail::transform_impl<true, rocprim::ROCPRIM_400200_NS::default_config, unsigned long*, int*, rocprim::ROCPRIM_400200_NS::identity<void> >(unsigned long*, int*, unsigned long, rocprim::ROCPRIM_400200_NS::identity<void>, ihipStream_t*, bool)::{lambda(auto:1)#1}, rocprim::ROCPRIM_400200_NS::detail::default_config_selector>(rocprim::ROCPRIM_400200_NS::detail::transform_impl<true, rocprim::ROCPRIM_400200_NS::default_config, unsigned long*, int*, rocprim::ROCPRIM_400200_NS::identity<void> >(unsigned long*, int*, unsigned long, rocprim::ROCPRIM_400200_NS::identity<void>, ihipStream_t*, bool)::{lambda(auto:1)#1})', 'stream': 0, 'count': 384, 'total_duration_us': np.float64(1543.9470000000001), 'mean_duration_us': np.float64(4.0206953125), 'median_duration_us': np.float64(4.119), 'std_dev_duration_us': np.float64(0.4401391451136341), 'min_duration_us': np.float64(2.359), 'max_duration_us': np.float64(4.559)}, {'name': 'void at::native::(anonymous namespace)::write_indices<long>(long*, at::native::(anonymous namespace)::TensorDims<long>, int, long, long*, long)', 'stream': 0, 'count': 384, 'total_duration_us': np.float64(1550.754), 'mean_duration_us': np.float64(4.038421875), 'median_duration_us': np.float64(3.959), 'std_dev_duration_us': np.float64(0.4683104874402071), 'min_duration_us': np.float64(2.839), 'max_duration_us': np.float64(6.239)}]","[{'name': 'void rocprim::ROCPRIM_400200_NS::detail::trampoline_kernel<rocpr...', 'stream': 0, 'mean_duration_us': np.float64(3.75)}, {'name': 'void rocprim::ROCPRIM_400200_NS::detail::trampoline_kernel<rocpr...', 'stream': 0, 'mean_duration_us': np.float64(3.4)}, {'name': 'Memcpy DtoD (Device -> Device)', 'stream': 0, 'mean_duration_us': np.float64(3.79)}, {'name': 'void rocprim::ROCPRIM_400200_NS::detail::init_lookback_scan_stat...', 'stream': 0, 'mean_duration_us': np.float64(1.6)}, {'name': 'void rocprim::ROCPRIM_400200_NS::detail::trampoline_kernel<rocpr...', 'stream': 0, 'mean_duration_us': np.float64(17.58)}, {'name': 'void rocprim::ROCPRIM_400200_NS::detail::trampoline_kernel<rocpr...', 'stream': 0, 'mean_duration_us': np.float64(4.02)}, {'name': 'void at::native::(anonymous namespace)::write_indices<long>(long...', 'stream': 0, 'mean_duration_us': np.float64(4.04)}]",0.12320790124565287,97.98839563317264
aten::add_,elementwise,python,CPU,thread 166796 (pt_autograd_0),"((32, 2880), (32, 2880), ())","('float', 'c10::BFloat16', 'Scalar')","((2880, 1), (2880, 1), ())","('', '', '1')",1,192,64.39794413248698,64.2001953125,1.579224259244155,61.478515625,68.1201171875,12364.4052734375,138759,"[{'name': 'void at::native::vectorized_templated_elementwise_kernel<4, at::native::CUDAFunctor_add<float>, std::array<char*, 3ul>, TrivialOffsetCalculator<2, unsigned int>, TrivialOffsetCalculator<1, unsigned int>, at::native::memory::LoadWithCast<2>, at::native::memory::StoreWithCast<1>, float, float, c10::BFloat16>(int, at::native::CUDAFunctor_add<float>, std::array<char*, 3ul>, TrivialOffsetCalculator<2, unsigned int>, TrivialOffsetCalculator<1, unsigned int>, at::native::memory::LoadWithCast<2>, at::native::memory::StoreWithCast<1>)', 'stream': 0, 'count': 192, 'total_duration_us': np.float64(12364.404000000002), 'mean_duration_us': np.float64(64.39793750000001), 'median_duration_us': np.float64(64.2), 'std_dev_duration_us': np.float64(1.5751117342145657), 'min_duration_us': np.float64(61.479), 'max_duration_us': np.float64(68.12)}]","[{'name': 'void at::native::vectorized_templated_elementwise_kernel<4, at::...', 'stream': 0, 'mean_duration_us': np.float64(64.4)}]",0.10390670407669361,98.09230233724934
FusedRoPEFunc,other,python,CPU,thread 166178 (python),"((4096, 8, 8, 64), (4096, 1, 1, 64), (), (), (), (), ())","('c10::BFloat16', 'float', '', 'Scalar', '', 'Scalar', 'Scalar')","((4096, 512, 64, 1), (64, 64, 64, 1), (), (), (), (), ())","('', '', '', 'False', '', '1', '0')",1,192,50.02531941731771,50.0390625,1.378792535916465,47.080078125,59.7197265625,9604.861328125,161,"[{'name': 'void transformer_engine::fused_rope_forward_kernel<hip_bfloat16>(hip_bfloat16 const*, int const*, float const*, int const*, hip_bfloat16*, bool, int, int, int, int, int, int, int, int, int, int, int, int, int, int)', 'stream': 0, 'count': 192, 'total_duration_us': np.float64(9604.864), 'mean_duration_us': np.float64(50.02533333333333), 'median_duration_us': np.float64(50.039), 'std_dev_duration_us': np.float64(1.3751478607367604), 'min_duration_us': np.float64(47.08), 'max_duration_us': np.float64(59.72)}]","[{'name': 'void transformer_engine::fused_rope_forward_kernel<hip_bfloat16>...', 'stream': 0, 'mean_duration_us': np.float64(50.03)}]",0.08071633545231573,98.17301867270166
FusedRoPEFuncBackward,other,python,CPU,thread 166796 (pt_autograd_0),"((4096, 8, 8, 64),)","('c10::BFloat16',)","((512, 2097152, 64, 1),)","('',)",1,192,46.1627451578776,45.939453125,1.7265891481732978,42.6796875,51.16015625,8863.2470703125,138876,"[{'name': 'void transformer_engine::fused_rope_backward_kernel<hip_bfloat16>(hip_bfloat16 const*, int const*, float const*, hip_bfloat16*, bool, int, int, int, int, int, int, int, int, int, int, int, int, int, int)', 'stream': 0, 'count': 192, 'total_duration_us': np.float64(8863.248), 'mean_duration_us': np.float64(46.162749999999996), 'median_duration_us': np.float64(45.939499999999995), 'std_dev_duration_us': np.float64(1.7220640776405505), 'min_duration_us': np.float64(42.68), 'max_duration_us': np.float64(51.16)}]","[{'name': 'void transformer_engine::fused_rope_backward_kernel<hip_bfloat16...', 'stream': 0, 'mean_duration_us': np.float64(46.16)}]",0.07448403462413714,98.2475027073258
aten::add_,elementwise,python,CPU,thread 166796 (pt_autograd_0),"((100096, 2880), (100096, 2880), ())","('float', 'c10::BFloat16', 'Scalar')","((2880, 1), (2880, 1), ())","('', '', '1')",1,16,511.32867431640625,512.64404296875,7.296121488135081,497.244140625,523.283203125,8181.2587890625,138056,"[{'name': 'void at::native::vectorized_templated_elementwise_kernel<4, at::native::CUDAFunctor_add<float>, std::array<char*, 3ul>, TrivialOffsetCalculator<2, unsigned int>, TrivialOffsetCalculator<1, unsigned int>, at::native::memory::LoadWithCast<2>, at::native::memory::StoreWithCast<1>, float, float, c10::BFloat16>(int, at::native::CUDAFunctor_add<float>, std::array<char*, 3ul>, TrivialOffsetCalculator<2, unsigned int>, TrivialOffsetCalculator<1, unsigned int>, at::native::memory::LoadWithCast<2>, at::native::memory::StoreWithCast<1>)', 'stream': 0, 'count': 16, 'total_duration_us': np.float64(8181.259), 'mean_duration_us': np.float64(511.3286875), 'median_duration_us': np.float64(512.644), 'std_dev_duration_us': np.float64(7.064413163161091), 'min_duration_us': np.float64(497.244), 'max_duration_us': np.float64(523.283)}]","[{'name': 'void at::native::vectorized_templated_elementwise_kernel<4, at::...', 'stream': 0, 'mean_duration_us': np.float64(511.33)}]",0.06875281238121599,98.31625551970701
RouterGatingLinearFunction,other,python,CPU,thread 166178 (python),"((4096, 8, 2880), (32, 2880), ())","('c10::BFloat16', 'c10::BFloat16', '')","((23040, 2880, 1), (2880, 1), ())","('', '', '')",1,192,42.14915466308594,42.07958984375,0.9434147880600907,39.3603515625,48.1591796875,8092.6376953125,243,"[{'name': 'Cijk_Alik_Bljk_BBS_BH_Bias_HA_S_SAV_UserArgs_MT32x128x64_MI16x16x1_SN_LDSB1_AFC1_AFEM1_AFEM1_ASEM1_CLR1_CADS0_DTLA0_DTLB0_DTVA0_DTVB0_EPS0_FDSI0_GRPM1_GRVWA8_GRVWB8_GSU0_GSUAMB_GLS0_ISA950_IU1_K1_LBSPPA128_LBSPPB512_LBSPPM0_LPA16_LPB16_LPM0_LRVW8_LWPMn1_MIAV0_MIWT1_4_MO40_NTn1_NTA0_NTB0_NTC0_NTD0_NTM0_NEPBS0_NLCA1_NLCB1_ONLL1_PGR2_PLR1_PKA1_SIA3_SS1_SPO0_SRVW0_SSO0_SVW1_SK3_SKXCCM8_TLDS1_ULSGRO0_USL1_UIOFGRO0_USFGRO0_VSn1_VWA1_VWB4_WSGRA0_WSGRB0_WS64_WG32_8_1', 'stream': 0, 'count': 192, 'total_duration_us': np.float64(8092.641), 'mean_duration_us': np.float64(42.149171875), 'median_duration_us': np.float64(42.079499999999996), 'std_dev_duration_us': np.float64(0.9409357247800284), 'min_duration_us': np.float64(39.36), 'max_duration_us': np.float64(48.159)}]","[{'name': 'Cijk_Alik_Bljk_BBS_BH_Bias_HA_S_SAV_UserArgs_MT32x128x64_MI16x16...', 'stream': 0, 'mean_duration_us': np.float64(42.15)}]",0.06800806764343094,98.38426358735045
_OperationFuserAutogradFunction,other,python,CPU,thread 166178 (python),"((4096, 8, 8, 64), (64,))","('c10::BFloat16', 'c10::BFloat16')","((40960, 5120, 640, 1), (1,))","('', '')",1,192,34.786661783854164,34.55908203125,0.7674814347167935,33.478515625,37.2802734375,6679.0390625,145,"[{'name': 'void transformer_engine::normalization::rmsnorm_fwd_general_kernel<transformer_engine::normalization::Kernel_traits<hip_bfloat16, hip_bfloat16, hip_bfloat16, float, unsigned int, 128u, 1u, 4u, 1u, 8u, transformer_engine::normalization::Kernel_traits_base<128u, hip_bfloat16, hip_bfloat16, hip_bfloat16, float, unsigned int, 128u> > >(transformer_engine::normalization::ForwardKernelParams)', 'stream': 0, 'count': 192, 'total_duration_us': np.float64(6679.034), 'mean_duration_us': np.float64(34.78663541666666), 'median_duration_us': np.float64(34.5595), 'std_dev_duration_us': np.float64(0.7654799436708493), 'min_duration_us': np.float64(33.479), 'max_duration_us': np.float64(37.28)}]","[{'name': 'void transformer_engine::normalization::rmsnorm_fwd_general_kern...', 'stream': 0, 'mean_duration_us': np.float64(34.79)}]",0.05612861436002757,98.44039220171048
aten::fill_,elementwise,python,CPU,thread 166796 (pt_autograd_0),"((8, 4096, 64, 64), ())","('c10::BFloat16', 'Scalar')","((16777216, 4096, 64, 1), ())","('', '0')",1,192,34.30934143066406,34.16015625,1.6734332259628661,32.119140625,53.7197265625,6587.3935546875,138821,"[{'name': 'void at::native::vectorized_elementwise_kernel<8, at::native::FillFunctor<c10::BFloat16>, std::array<char*, 1ul> >(int, at::native::FillFunctor<c10::BFloat16>, std::array<char*, 1ul>)', 'stream': 0, 'count': 192, 'total_duration_us': np.float64(6587.387), 'mean_duration_us': np.float64(34.30930729166666), 'median_duration_us': np.float64(34.16), 'std_dev_duration_us': np.float64(1.669098092393064), 'min_duration_us': np.float64(32.119), 'max_duration_us': np.float64(53.72)}]","[{'name': 'void at::native::vectorized_elementwise_kernel<8, at::native::Fi...', 'stream': 0, 'mean_duration_us': np.float64(34.31)}]",0.05535845336565373,98.49575065507614
aten::masked_scatter_,other,python,CPU,thread 166796 (pt_autograd_0),"((32, 32768), (32, 32768), (131072,))","('c10::BFloat16', 'bool', 'c10::BFloat16')","((32768, 1), (32768, 1), (1,))","('', '', '')",4,192,34.131927490234375,32.255859375,4.80614532114679,27.2783203125,45.4365234375,6553.330078125,138616,"[{'name': 'void rocprim::ROCPRIM_400200_NS::detail::init_lookback_scan_state_kernel<rocprim::ROCPRIM_400200_NS::detail::lookback_scan_state<long, false, true>, rocprim::ROCPRIM_400200_NS::detail::block_id_wrapper<unsigned int, true> >(rocprim::ROCPRIM_400200_NS::detail::lookback_scan_state<long, false, true>, unsigned int, rocprim::ROCPRIM_400200_NS::detail::block_id_wrapper<unsigned int, true>, unsigned int, rocprim::ROCPRIM_400200_NS::detail::lookback_scan_state<long, false, true>::value_type*)', 'stream': 0, 'count': 192, 'total_duration_us': np.float64(1304.221), 'mean_duration_us': np.float64(6.792817708333334), 'median_duration_us': np.float64(6.138999999999999), 'std_dev_duration_us': np.float64(2.0113083876699305), 'min_duration_us': np.float64(3.839), 'max_duration_us': np.float64(14.159)}, {'name': 'void rocprim::ROCPRIM_400200_NS::detail::trampoline_kernel<rocprim::ROCPRIM_400200_NS::detail::wrapped_scan_config<rocprim::ROCPRIM_400200_NS::default_config, long>, (rocprim::ROCPRIM_400200_NS::detail::target_arch)950, rocprim::ROCPRIM_400200_NS::detail::scan_impl<(rocprim::ROCPRIM_400200_NS::detail::lookback_scan_determinism)0, true, true, rocprim::ROCPRIM_400200_NS::default_config, hipcub::HIPCUB_400200_NS::TransformInputIterator<bool, at::cuda::cub::(anonymous namespace)::CountMaskOp, unsigned char const*, long>, long*, long, at::cuda::cub::(anonymous namespace)::SumOp<long>, long>(void*, unsigned long&, hipcub::HIPCUB_400200_NS::TransformInputIterator<bool, at::cuda::cub::(anonymous namespace)::CountMaskOp, unsigned char const*, long>, long*, long, unsigned long, at::cuda::cub::(anonymous namespace)::SumOp<long>, ihipStream_t*, bool)::{lambda(auto:1, auto:2)#1}::operator()<std::integral_constant<bool, false>, std::integral_constant<bool, true> >(std::integral_constant<bool, false>, std::integral_constant<bool, true>) const::{lambda(auto:1)#1}, rocprim::ROCPRIM_400200_NS::detail::default_config_selector>(rocprim::ROCPRIM_400200_NS::detail::scan_impl<(rocprim::ROCPRIM_400200_NS::detail::lookback_scan_determinism)0, true, true, rocprim::ROCPRIM_400200_NS::default_config, hipcub::HIPCUB_400200_NS::TransformInputIterator<bool, at::cuda::cub::(anonymous namespace)::CountMaskOp, unsigned char const*, long>, long*, long, at::cuda::cub::(anonymous namespace)::SumOp<long>, long>(void*, unsigned long&, hipcub::HIPCUB_400200_NS::TransformInputIterator<bool, at::cuda::cub::(anonymous namespace)::CountMaskOp, unsigned char const*, long>, long*, long, unsigned long, at::cuda::cub::(anonymous namespace)::SumOp<long>, ihipStream_t*, bool)::{lambda(auto:1, auto:2)#1}::operator()<std::integral_constant<bool, false>, std::integral_constant<bool, true> >(std::integral_constant<bool, false>, std::integral_constant<bool, true>) const::{lambda(auto:1)#1})', 'stream': 0, 'count': 192, 'total_duration_us': np.float64(2978.154), 'mean_duration_us': np.float64(15.51121875), 'median_duration_us': np.float64(15.459), 'std_dev_duration_us': np.float64(0.9215824276202524), 'min_duration_us': np.float64(13.439), 'max_duration_us': np.float64(17.919)}, {'name': 'at::native::(anonymous namespace)::masked_scatter_size_check(long const*, bool const*, long)', 'stream': 0, 'count': 192, 'total_duration_us': np.float64(1291.7020000000002), 'mean_duration_us': np.float64(6.7276145833333345), 'median_duration_us': np.float64(6.058999999999999), 'std_dev_duration_us': np.float64(1.9597683821999627), 'min_duration_us': np.float64(3.999), 'max_duration_us': np.float64(11.479)}, {'name': 'void at::native::vectorized_elementwise_kernel<4, at::native::launch_masked_scatter_kernel(at::TensorBase const&, at::TensorBase const&, at::TensorBase const&, at::TensorBase const&)::{lambda()#1}::operator()() const::{lambda()#11}::operator()() const::{lambda(c10::BFloat16, bool, long)#1}, std::array<char*, 4ul> >(int, at::native::launch_masked_scatter_kernel(at::TensorBase const&, at::TensorBase const&, at::TensorBase const&, at::TensorBase const&)::{lambda()#1}::operator()() const::{lambda()#11}::operator()() const::{lambda(c10::BFloat16, bool, long)#1}, std::array<char*, 4ul>)', 'stream': 0, 'count': 192, 'total_duration_us': np.float64(979.298), 'mean_duration_us': np.float64(5.100510416666666), 'median_duration_us': np.float64(4.799), 'std_dev_duration_us': np.float64(0.8450282662283116), 'min_duration_us': np.float64(4.079), 'max_duration_us': np.float64(8.759)}]","[{'name': 'void rocprim::ROCPRIM_400200_NS::detail::init_lookback_scan_stat...', 'stream': 0, 'mean_duration_us': np.float64(6.79)}, {'name': 'void rocprim::ROCPRIM_400200_NS::detail::trampoline_kernel<rocpr...', 'stream': 0, 'mean_duration_us': np.float64(15.51)}, {'name': 'at::native::(anonymous namespace)::masked_scatter_size_check(lon...', 'stream': 0, 'mean_duration_us': np.float64(6.73)}, {'name': 'void at::native::vectorized_elementwise_kernel<4, at::native::la...', 'stream': 0, 'mean_duration_us': np.float64(5.1)}]",0.0550721942613354,98.55082284933748
aten::fill_,elementwise,python,CPU,thread 166178 (python),"((8, 4096, 64, 64), ())","('c10::BFloat16', 'Scalar')","((16777216, 4096, 64, 1), ())","('', '0')",1,192,34.12103271484375,34.119140625,0.7452334891930963,32.638671875,36.3203125,6551.23828125,196,"[{'name': 'void at::native::vectorized_elementwise_kernel<8, at::native::FillFunctor<c10::BFloat16>, std::array<char*, 1ul> >(int, at::native::FillFunctor<c10::BFloat16>, std::array<char*, 1ul>)', 'stream': 0, 'count': 192, 'total_duration_us': np.float64(6551.237999999999), 'mean_duration_us': np.float64(34.121031249999994), 'median_duration_us': np.float64(34.119), 'std_dev_duration_us': np.float64(0.7432639091243234), 'min_duration_us': np.float64(32.639), 'max_duration_us': np.float64(36.32)}]","[{'name': 'void at::native::vectorized_elementwise_kernel<8, at::native::Fi...', 'stream': 0, 'mean_duration_us': np.float64(34.12)}]",0.05505461543614547,98.60587746477363
aten::add_,elementwise,python,CPU,thread 166796 (pt_autograd_0),"((5120, 2880), (5120, 2880), ())","('float', 'c10::BFloat16', 'Scalar')","((2880, 1), (2880, 1), ())","('', '', '1')",1,192,29.022537231445312,28.87939453125,1.1964220504787497,26.1591796875,34.080078125,5572.3271484375,138966,"[{'name': 'void at::native::vectorized_templated_elementwise_kernel<4, at::native::CUDAFunctor_add<float>, std::array<char*, 3ul>, TrivialOffsetCalculator<2, unsigned int>, TrivialOffsetCalculator<1, unsigned int>, at::native::memory::LoadWithCast<2>, at::native::memory::StoreWithCast<1>, float, float, c10::BFloat16>(int, at::native::CUDAFunctor_add<float>, std::array<char*, 3ul>, TrivialOffsetCalculator<2, unsigned int>, TrivialOffsetCalculator<1, unsigned int>, at::native::memory::LoadWithCast<2>, at::native::memory::StoreWithCast<1>)', 'stream': 0, 'count': 192, 'total_duration_us': np.float64(5572.331), 'mean_duration_us': np.float64(29.02255729166667), 'median_duration_us': np.float64(28.8795), 'std_dev_duration_us': np.float64(1.1932881160757718), 'min_duration_us': np.float64(26.159), 'max_duration_us': np.float64(34.08)}]","[{'name': 'void at::native::vectorized_templated_elementwise_kernel<4, at::...', 'stream': 0, 'mean_duration_us': np.float64(29.02)}]",0.04682814379071623,98.65270560856435
aten::copy_,elementwise,python,CPU,thread 166178 (python),"((8, 4096, 8, 64), (8, 4096, 8, 64), ())","('c10::BFloat16', 'c10::BFloat16', 'Scalar')","((2097152, 512, 64, 1), (512, 4096, 64, 1), ())","('', '', 'False')",1,192,27.88176981608073,27.779296875,1.11382501712606,25.4404296875,31.439453125,5353.2998046875,181,"[{'name': 'void at::native::elementwise_kernel_manual_unroll<128, 8, at::native::gpu_kernel_impl_nocast<at::native::direct_copy_kernel_cuda(at::TensorIteratorBase&)::{lambda()#3}::operator()() const::{lambda()#12}::operator()() const::{lambda(c10::BFloat16)#1}>(at::TensorIteratorBase&, at::native::direct_copy_kernel_cuda(at::TensorIteratorBase&)::{lambda()#3}::operator()() const::{lambda()#12}::operator()() const::{lambda(c10::BFloat16)#1} const&)::{lambda(int, bool)#1}>(int, at::native::gpu_kernel_impl_nocast<at::native::direct_copy_kernel_cuda(at::TensorIteratorBase&)::{lambda()#3}::operator()() const::{lambda()#12}::operator()() const::{lambda(c10::BFloat16)#1}>(at::TensorIteratorBase&, at::native::direct_copy_kernel_cuda(at::TensorIteratorBase&)::{lambda()#3}::operator()() const::{lambda()#12}::operator()() const::{lambda(c10::BFloat16)#1} const&)::{lambda(int, bool)#1})', 'stream': 0, 'count': 192, 'total_duration_us': np.float64(5353.304), 'mean_duration_us': np.float64(27.88179166666667), 'median_duration_us': np.float64(27.7795), 'std_dev_duration_us': np.float64(1.110947417716318), 'min_duration_us': np.float64(25.44), 'max_duration_us': np.float64(31.439)}]","[{'name': 'void at::native::elementwise_kernel_manual_unroll<128, 8, at::na...', 'stream': 0, 'mean_duration_us': np.float64(27.88)}]",0.04498750456153895,98.69769311312588
aten::fill_,elementwise,python,CPU,thread 166796 (pt_autograd_0),"((94371840,), ())","('c10::BFloat16', 'Scalar')","((1,), ())","('', '0')",1,192,27.732503255208332,26.478515625,4.087310240352901,24.0791015625,46.119140625,5324.640625,138091,"[{'name': 'void at::native::vectorized_elementwise_kernel<8, at::native::FillFunctor<c10::BFloat16>, std::array<char*, 1ul> >(int, at::native::FillFunctor<c10::BFloat16>, std::array<char*, 1ul>)', 'stream': 0, 'count': 192, 'total_duration_us': np.float64(5324.639), 'mean_duration_us': np.float64(27.732494791666667), 'median_duration_us': np.float64(26.479), 'std_dev_duration_us': np.float64(4.076657910436301), 'min_duration_us': np.float64(24.079), 'max_duration_us': np.float64(46.119)}]","[{'name': 'void at::native::vectorized_elementwise_kernel<8, at::native::Fi...', 'stream': 0, 'mean_duration_us': np.float64(27.73)}]",0.04474666152566182,98.74243977465154
aten::fill_,elementwise,python,CPU,thread 166796 (pt_autograd_0),"((32768, 2880), ())","('c10::BFloat16', 'Scalar')","((2880, 1), ())","('', '0')",1,192,25.128438313802082,24.939453125,0.9361665037460558,23.080078125,28.3603515625,4824.66015625,138603,"[{'name': 'void at::native::vectorized_elementwise_kernel<8, at::native::FillFunctor<c10::BFloat16>, std::array<char*, 1ul> >(int, at::native::FillFunctor<c10::BFloat16>, std::array<char*, 1ul>)', 'stream': 0, 'count': 192, 'total_duration_us': np.float64(4824.661), 'mean_duration_us': np.float64(25.128442708333335), 'median_duration_us': np.float64(24.939500000000002), 'std_dev_duration_us': np.float64(0.9337058037560144), 'min_duration_us': np.float64(23.08), 'max_duration_us': np.float64(28.36)}]","[{'name': 'void at::native::vectorized_elementwise_kernel<8, at::native::Fi...', 'stream': 0, 'mean_duration_us': np.float64(25.13)}]",0.040544977622422256,98.78298475227396
aten::fill_,elementwise,python,CPU,thread 166178 (python),"((32768, 2880), ())","('c10::BFloat16', 'Scalar')","((2880, 1), ())","('', '0')",1,192,24.91607157389323,24.87939453125,0.735229112342402,23.439453125,27.1591796875,4783.8857421875,792,"[{'name': 'void at::native::vectorized_elementwise_kernel<8, at::native::FillFunctor<c10::BFloat16>, std::array<char*, 1ul> >(int, at::native::FillFunctor<c10::BFloat16>, std::array<char*, 1ul>)', 'stream': 0, 'count': 192, 'total_duration_us': np.float64(4783.891), 'mean_duration_us': np.float64(24.916098958333333), 'median_duration_us': np.float64(24.8795), 'std_dev_duration_us': np.float64(0.7333036941919642), 'min_duration_us': np.float64(23.439), 'max_duration_us': np.float64(27.159)}]","[{'name': 'void at::native::vectorized_elementwise_kernel<8, at::native::Fi...', 'stream': 0, 'mean_duration_us': np.float64(24.92)}]",0.040202321838969844,98.82318707411294
aten::embedding_dense_backward,other,python,CPU,thread 166796 (pt_autograd_0),"((8, 4096, 2880), (8, 4096), (), (), ())","('c10::BFloat16', 'long int', 'Scalar', 'Scalar', 'Scalar')","((2880, 23040, 1), (4096, 1), (), (), ())","('', '', '100096', '-1', 'False')",18,8,566.3365478515625,568.0654296875,25.835830747909572,538.3076171875,620.9072265625,4530.6923828125,159337,"[{'name': 'void rocprim::ROCPRIM_400200_NS::detail::trampoline_kernel<rocprim::ROCPRIM_400200_NS::detail::wrapped_radix_sort_block_sort_config<rocprim::ROCPRIM_400200_NS::kernel_config<256u, 4u, 4294967295u>, long, at::cuda::cub::detail::OpaqueType<8> >, (rocprim::ROCPRIM_400200_NS::detail::target_arch)950, rocprim::ROCPRIM_400200_NS::detail::radix_sort_block_sort<rocprim::ROCPRIM_400200_NS::kernel_config<256u, 4u, 4294967295u>, false, long const*, long*, at::cuda::cub::detail::OpaqueType<8> const*, at::cuda::cub::detail::OpaqueType<8>*, rocprim::ROCPRIM_400200_NS::identity_decomposer>(long const*, long*, at::cuda::cub::detail::OpaqueType<8> const*, at::cuda::cub::detail::OpaqueType<8>*, unsigned int, unsigned int&, rocprim::ROCPRIM_400200_NS::identity_decomposer, unsigned int, unsigned int, ihipStream_t*, bool)::{lambda(auto:1)#1}, rocprim::ROCPRIM_400200_NS::detail::radix_sort_config_selector>(rocprim::ROCPRIM_400200_NS::detail::radix_sort_block_sort<rocprim::ROCPRIM_400200_NS::kernel_config<256u, 4u, 4294967295u>, false, long const*, long*, at::cuda::cub::detail::OpaqueType<8> const*, at::cuda::cub::detail::OpaqueType<8>*, rocprim::ROCPRIM_400200_NS::identity_decomposer>(long const*, long*, at::cuda::cub::detail::OpaqueType<8> const*, at::cuda::cub::detail::OpaqueType<8>*, unsigned int, unsigned int&, rocprim::ROCPRIM_400200_NS::identity_decomposer, unsigned int, unsigned int, ihipStream_t*, bool)::{lambda(auto:1)#1})', 'stream': 0, 'count': 8, 'total_duration_us': np.float64(158.632), 'mean_duration_us': np.float64(19.829), 'median_duration_us': np.float64(19.519), 'std_dev_duration_us': np.float64(0.8054191455385206), 'min_duration_us': np.float64(18.959), 'max_duration_us': np.float64(21.079)}, {'name': 'void rocprim::ROCPRIM_400200_NS::detail::trampoline_kernel<rocprim::ROCPRIM_400200_NS::detail::wrapped_merge_sort_block_merge_config<rocprim::ROCPRIM_400200_NS::default_config, long, at::cuda::cub::detail::OpaqueType<8> >, (rocprim::ROCPRIM_400200_NS::detail::target_arch)950, rocprim::ROCPRIM_400200_NS::detail::merge_sort_block_merge_impl<rocprim::ROCPRIM_400200_NS::default_config, long*, at::cuda::cub::detail::OpaqueType<8>*, unsigned int, rocprim::ROCPRIM_400200_NS::detail::radix_merge_compare<false, false, long, rocprim::ROCPRIM_400200_NS::identity_decomposer> >(long*, at::cuda::cub::detail::OpaqueType<8>*, unsigned int, unsigned int, rocprim::ROCPRIM_400200_NS::detail::radix_merge_compare<false, false, long, rocprim::ROCPRIM_400200_NS::identity_decomposer>, ihipStream_t*, bool, std::iterator_traits<long*>::value_type*, std::iterator_traits<at::cuda::cub::detail::OpaqueType<8>*>::value_type*, unsigned int*, rocprim::ROCPRIM_400200_NS::detail::vsmem_t)::{lambda(auto:1, auto:2, auto:3, auto:4)#1}::operator()<long*, long*, at::cuda::cub::detail::OpaqueType<8>*, at::cuda::cub::detail::OpaqueType<8>*>(long*, long*, at::cuda::cub::detail::OpaqueType<8>*, at::cuda::cub::detail::OpaqueType<8>*) const::{lambda(auto:1)#3}, rocprim::ROCPRIM_400200_NS::detail::merge_oddeven_config_selector>(rocprim::ROCPRIM_400200_NS::detail::merge_sort_block_merge_impl<rocprim::ROCPRIM_400200_NS::default_config, long*, at::cuda::cub::detail::OpaqueType<8>*, unsigned int, rocprim::ROCPRIM_400200_NS::detail::radix_merge_compare<false, false, long, rocprim::ROCPRIM_400200_NS::identity_decomposer> >(long*, at::cuda::cub::detail::OpaqueType<8>*, unsigned int, unsigned int, rocprim::ROCPRIM_400200_NS::detail::radix_merge_compare<false, false, long, rocprim::ROCPRIM_400200_NS::identity_decomposer>, ihipStream_t*, bool, std::iterator_traits<long*>::value_type*, std::iterator_traits<at::cuda::cub::detail::OpaqueType<8>*>::value_type*, unsigned int*, rocprim::ROCPRIM_400200_NS::detail::vsmem_t)::{lambda(auto:1, auto:2, auto:3, auto:4)#1}::operator()<long*, long*, at::cuda::cub::detail::OpaqueType<8>*, at::cuda::cub::detail::OpaqueType<8>*>(long*, long*, at::cuda::cub::detail::OpaqueType<8>*, at::cuda::cub::detail::OpaqueType<8>*) const::{lambda(auto:1)#3})', 'stream': 0, 'count': 8, 'total_duration_us': np.float64(55.554), 'mean_duration_us': np.float64(6.94425), 'median_duration_us': np.float64(5.599), 'std_dev_duration_us': np.float64(3.7595974102954157), 'min_duration_us': np.float64(5.199), 'max_duration_us': np.float64(16.88)}, {'name': 'void rocprim::ROCPRIM_400200_NS::detail::trampoline_kernel<rocprim::ROCPRIM_400200_NS::detail::wrapped_merge_sort_block_merge_config<rocprim::ROCPRIM_400200_NS::default_config, long, at::cuda::cub::detail::OpaqueType<8> >, (rocprim::ROCPRIM_400200_NS::detail::target_arch)950, rocprim::ROCPRIM_400200_NS::detail::merge_sort_block_merge_impl<rocprim::ROCPRIM_400200_NS::default_config, long*, at::cuda::cub::detail::OpaqueType<8>*, unsigned int, rocprim::ROCPRIM_400200_NS::detail::radix_merge_compare<false, false, long, rocprim::ROCPRIM_400200_NS::identity_decomposer> >(long*, at::cuda::cub::detail::OpaqueType<8>*, unsigned int, unsigned int, rocprim::ROCPRIM_400200_NS::detail::radix_merge_compare<false, false, long, rocprim::ROCPRIM_400200_NS::identity_decomposer>, ihipStream_t*, bool, std::iterator_traits<long*>::value_type*, std::iterator_traits<at::cuda::cub::detail::OpaqueType<8>*>::value_type*, unsigned int*, rocprim::ROCPRIM_400200_NS::detail::vsmem_t)::{lambda(auto:1, auto:2, auto:3, auto:4)#1}::operator()<long*, long*, at::cuda::cub::detail::OpaqueType<8>*, at::cuda::cub::detail::OpaqueType<8>*>(long*, long*, at::cuda::cub::detail::OpaqueType<8>*, at::cuda::cub::detail::OpaqueType<8>*) const::{lambda(auto:1)#3}, rocprim::ROCPRIM_400200_NS::detail::merge_oddeven_config_selector>(rocprim::ROCPRIM_400200_NS::detail::merge_sort_block_merge_impl<rocprim::ROCPRIM_400200_NS::default_config, long*, at::cuda::cub::detail::OpaqueType<8>*, unsigned int, rocprim::ROCPRIM_400200_NS::detail::radix_merge_compare<false, false, long, rocprim::ROCPRIM_400200_NS::identity_decomposer> >(long*, at::cuda::cub::detail::OpaqueType<8>*, unsigned int, unsigned int, rocprim::ROCPRIM_400200_NS::detail::radix_merge_compare<false, false, long, rocprim::ROCPRIM_400200_NS::identity_decomposer>, ihipStream_t*, bool, std::iterator_traits<long*>::value_type*, std::iterator_traits<at::cuda::cub::detail::OpaqueType<8>*>::value_type*, unsigned int*, rocprim::ROCPRIM_400200_NS::detail::vsmem_t)::{lambda(auto:1, auto:2, auto:3, auto:4)#1}::operator()<long*, long*, at::cuda::cub::detail::OpaqueType<8>*, at::cuda::cub::detail::OpaqueType<8>*>(long*, long*, at::cuda::cub::detail::OpaqueType<8>*, at::cuda::cub::detail::OpaqueType<8>*) const::{lambda(auto:1)#3})', 'stream': 0, 'count': 8, 'total_duration_us': np.float64(55.19199999999999), 'mean_duration_us': np.float64(6.898999999999999), 'median_duration_us': np.float64(5.559), 'std_dev_duration_us': np.float64(3.6859734128178405), 'min_duration_us': np.float64(5.119), 'max_duration_us': np.float64(16.639)}, {'name': 'void rocprim::ROCPRIM_400200_NS::detail::trampoline_kernel<rocprim::ROCPRIM_400200_NS::detail::wrapped_merge_sort_block_merge_config<rocprim::ROCPRIM_400200_NS::default_config, long, at::cuda::cub::detail::OpaqueType<8> >, (rocprim::ROCPRIM_400200_NS::detail::target_arch)950, rocprim::ROCPRIM_400200_NS::detail::merge_sort_block_merge_impl<rocprim::ROCPRIM_400200_NS::default_config, long*, at::cuda::cub::detail::OpaqueType<8>*, unsigned int, rocprim::ROCPRIM_400200_NS::detail::radix_merge_compare<false, false, long, rocprim::ROCPRIM_400200_NS::identity_decomposer> >(long*, at::cuda::cub::detail::OpaqueType<8>*, unsigned int, unsigned int, rocprim::ROCPRIM_400200_NS::detail::radix_merge_compare<false, false, long, rocprim::ROCPRIM_400200_NS::identity_decomposer>, ihipStream_t*, bool, std::iterator_traits<long*>::value_type*, std::iterator_traits<at::cuda::cub::detail::OpaqueType<8>*>::value_type*, unsigned int*, rocprim::ROCPRIM_400200_NS::detail::vsmem_t)::{lambda(auto:1, auto:2, auto:3, auto:4)#1}::operator()<long*, long*, at::cuda::cub::detail::OpaqueType<8>*, at::cuda::cub::detail::OpaqueType<8>*>(long*, long*, at::cuda::cub::detail::OpaqueType<8>*, at::cuda::cub::detail::OpaqueType<8>*) const::{lambda(auto:1)#3}, rocprim::ROCPRIM_400200_NS::detail::merge_oddeven_config_selector>(rocprim::ROCPRIM_400200_NS::detail::merge_sort_block_merge_impl<rocprim::ROCPRIM_400200_NS::default_config, long*, at::cuda::cub::detail::OpaqueType<8>*, unsigned int, rocprim::ROCPRIM_400200_NS::detail::radix_merge_compare<false, false, long, rocprim::ROCPRIM_400200_NS::identity_decomposer> >(long*, at::cuda::cub::detail::OpaqueType<8>*, unsigned int, unsigned int, rocprim::ROCPRIM_400200_NS::detail::radix_merge_compare<false, false, long, rocprim::ROCPRIM_400200_NS::identity_decomposer>, ihipStream_t*, bool, std::iterator_traits<long*>::value_type*, std::iterator_traits<at::cuda::cub::detail::OpaqueType<8>*>::value_type*, unsigned int*, rocprim::ROCPRIM_400200_NS::detail::vsmem_t)::{lambda(auto:1, auto:2, auto:3, auto:4)#1}::operator()<long*, long*, at::cuda::cub::detail::OpaqueType<8>*, at::cuda::cub::detail::OpaqueType<8>*>(long*, long*, at::cuda::cub::detail::OpaqueType<8>*, at::cuda::cub::detail::OpaqueType<8>*) const::{lambda(auto:1)#3})', 'stream': 0, 'count': 8, 'total_duration_us': np.float64(57.313), 'mean_duration_us': np.float64(7.164125), 'median_duration_us': np.float64(5.7595), 'std_dev_duration_us': np.float64(3.8093862838225006), 'min_duration_us': np.float64(5.559), 'max_duration_us': np.float64(17.239)}, {'name': 'void rocprim::ROCPRIM_400200_NS::detail::trampoline_kernel<rocprim::ROCPRIM_400200_NS::detail::wrapped_merge_sort_block_merge_config<rocprim::ROCPRIM_400200_NS::default_config, long, at::cuda::cub::detail::OpaqueType<8> >, (rocprim::ROCPRIM_400200_NS::detail::target_arch)950, rocprim::ROCPRIM_400200_NS::detail::merge_sort_block_merge_impl<rocprim::ROCPRIM_400200_NS::default_config, long*, at::cuda::cub::detail::OpaqueType<8>*, unsigned int, rocprim::ROCPRIM_400200_NS::detail::radix_merge_compare<false, false, long, rocprim::ROCPRIM_400200_NS::identity_decomposer> >(long*, at::cuda::cub::detail::OpaqueType<8>*, unsigned int, unsigned int, rocprim::ROCPRIM_400200_NS::detail::radix_merge_compare<false, false, long, rocprim::ROCPRIM_400200_NS::identity_decomposer>, ihipStream_t*, bool, std::iterator_traits<long*>::value_type*, std::iterator_traits<at::cuda::cub::detail::OpaqueType<8>*>::value_type*, unsigned int*, rocprim::ROCPRIM_400200_NS::detail::vsmem_t)::{lambda(auto:1, auto:2, auto:3, auto:4)#1}::operator()<long*, long*, at::cuda::cub::detail::OpaqueType<8>*, at::cuda::cub::detail::OpaqueType<8>*>(long*, long*, at::cuda::cub::detail::OpaqueType<8>*, at::cuda::cub::detail::OpaqueType<8>*) const::{lambda(auto:1)#3}, rocprim::ROCPRIM_400200_NS::detail::merge_oddeven_config_selector>(rocprim::ROCPRIM_400200_NS::detail::merge_sort_block_merge_impl<rocprim::ROCPRIM_400200_NS::default_config, long*, at::cuda::cub::detail::OpaqueType<8>*, unsigned int, rocprim::ROCPRIM_400200_NS::detail::radix_merge_compare<false, false, long, rocprim::ROCPRIM_400200_NS::identity_decomposer> >(long*, at::cuda::cub::detail::OpaqueType<8>*, unsigned int, unsigned int, rocprim::ROCPRIM_400200_NS::detail::radix_merge_compare<false, false, long, rocprim::ROCPRIM_400200_NS::identity_decomposer>, ihipStream_t*, bool, std::iterator_traits<long*>::value_type*, std::iterator_traits<at::cuda::cub::detail::OpaqueType<8>*>::value_type*, unsigned int*, rocprim::ROCPRIM_400200_NS::detail::vsmem_t)::{lambda(auto:1, auto:2, auto:3, auto:4)#1}::operator()<long*, long*, at::cuda::cub::detail::OpaqueType<8>*, at::cuda::cub::detail::OpaqueType<8>*>(long*, long*, at::cuda::cub::detail::OpaqueType<8>*, at::cuda::cub::detail::OpaqueType<8>*) const::{lambda(auto:1)#3})', 'stream': 0, 'count': 8, 'total_duration_us': np.float64(60.433), 'mean_duration_us': np.float64(7.554125), 'median_duration_us': np.float64(6.0395), 'std_dev_duration_us': np.float64(4.055538972735314), 'min_duration_us': np.float64(5.839), 'max_duration_us': np.float64(18.279)}, {'name': 'void rocprim::ROCPRIM_400200_NS::detail::trampoline_kernel<rocprim::ROCPRIM_400200_NS::detail::wrapped_merge_sort_block_merge_config<rocprim::ROCPRIM_400200_NS::default_config, long, at::cuda::cub::detail::OpaqueType<8> >, (rocprim::ROCPRIM_400200_NS::detail::target_arch)950, rocprim::ROCPRIM_400200_NS::detail::merge_sort_block_merge_impl<rocprim::ROCPRIM_400200_NS::default_config, long*, at::cuda::cub::detail::OpaqueType<8>*, unsigned int, rocprim::ROCPRIM_400200_NS::detail::radix_merge_compare<false, false, long, rocprim::ROCPRIM_400200_NS::identity_decomposer> >(long*, at::cuda::cub::detail::OpaqueType<8>*, unsigned int, unsigned int, rocprim::ROCPRIM_400200_NS::detail::radix_merge_compare<false, false, long, rocprim::ROCPRIM_400200_NS::identity_decomposer>, ihipStream_t*, bool, std::iterator_traits<long*>::value_type*, std::iterator_traits<at::cuda::cub::detail::OpaqueType<8>*>::value_type*, unsigned int*, rocprim::ROCPRIM_400200_NS::detail::vsmem_t)::{lambda(auto:1, auto:2, auto:3, auto:4)#1}::operator()<long*, long*, at::cuda::cub::detail::OpaqueType<8>*, at::cuda::cub::detail::OpaqueType<8>*>(long*, long*, at::cuda::cub::detail::OpaqueType<8>*, at::cuda::cub::detail::OpaqueType<8>*) const::{lambda(auto:1)#3}, rocprim::ROCPRIM_400200_NS::detail::merge_oddeven_config_selector>(rocprim::ROCPRIM_400200_NS::detail::merge_sort_block_merge_impl<rocprim::ROCPRIM_400200_NS::default_config, long*, at::cuda::cub::detail::OpaqueType<8>*, unsigned int, rocprim::ROCPRIM_400200_NS::detail::radix_merge_compare<false, false, long, rocprim::ROCPRIM_400200_NS::identity_decomposer> >(long*, at::cuda::cub::detail::OpaqueType<8>*, unsigned int, unsigned int, rocprim::ROCPRIM_400200_NS::detail::radix_merge_compare<false, false, long, rocprim::ROCPRIM_400200_NS::identity_decomposer>, ihipStream_t*, bool, std::iterator_traits<long*>::value_type*, std::iterator_traits<at::cuda::cub::detail::OpaqueType<8>*>::value_type*, unsigned int*, rocprim::ROCPRIM_400200_NS::detail::vsmem_t)::{lambda(auto:1, auto:2, auto:3, auto:4)#1}::operator()<long*, long*, at::cuda::cub::detail::OpaqueType<8>*, at::cuda::cub::detail::OpaqueType<8>*>(long*, long*, at::cuda::cub::detail::OpaqueType<8>*, at::cuda::cub::detail::OpaqueType<8>*) const::{lambda(auto:1)#3})', 'stream': 0, 'count': 8, 'total_duration_us': np.float64(63.353), 'mean_duration_us': np.float64(7.919125), 'median_duration_us': np.float64(6.439500000000001), 'std_dev_duration_us': np.float64(3.92158387764115), 'min_duration_us': np.float64(6.159), 'max_duration_us': np.float64(18.279)}, {'name': 'void rocprim::ROCPRIM_400200_NS::detail::trampoline_kernel<rocprim::ROCPRIM_400200_NS::detail::wrapped_transform_config<rocprim::ROCPRIM_400200_NS::default_config, long, true>, (rocprim::ROCPRIM_400200_NS::detail::target_arch)950, rocprim::ROCPRIM_400200_NS::detail::transform_impl<true, rocprim::ROCPRIM_400200_NS::default_config, long*, long*, rocprim::ROCPRIM_400200_NS::identity<long> >(long*, long*, unsigned long, rocprim::ROCPRIM_400200_NS::identity<long>, ihipStream_t*, bool)::{lambda(auto:1)#1}, rocprim::ROCPRIM_400200_NS::detail::default_config_selector>(rocprim::ROCPRIM_400200_NS::detail::transform_impl<true, rocprim::ROCPRIM_400200_NS::default_config, long*, long*, rocprim::ROCPRIM_400200_NS::identity<long> >(long*, long*, unsigned long, rocprim::ROCPRIM_400200_NS::identity<long>, ihipStream_t*, bool)::{lambda(auto:1)#1})', 'stream': 0, 'count': 8, 'total_duration_us': np.float64(39.632), 'mean_duration_us': np.float64(4.954), 'median_duration_us': np.float64(4.779), 'std_dev_duration_us': np.float64(0.46019017807858503), 'min_duration_us': np.float64(4.719), 'max_duration_us': np.float64(6.159)}, {'name': 'void rocprim::ROCPRIM_400200_NS::detail::trampoline_kernel<rocprim::ROCPRIM_400200_NS::detail::wrapped_transform_config<rocprim::ROCPRIM_400200_NS::default_config, at::cuda::cub::detail::OpaqueType<8>, true>, (rocprim::ROCPRIM_400200_NS::detail::target_arch)950, rocprim::ROCPRIM_400200_NS::detail::transform_impl<true, rocprim::ROCPRIM_400200_NS::default_config, at::cuda::cub::detail::OpaqueType<8>*, at::cuda::cub::detail::OpaqueType<8>*, rocprim::ROCPRIM_400200_NS::identity<at::cuda::cub::detail::OpaqueType<8> > >(at::cuda::cub::detail::OpaqueType<8>*, at::cuda::cub::detail::OpaqueType<8>*, unsigned long, rocprim::ROCPRIM_400200_NS::identity<at::cuda::cub::detail::OpaqueType<8> >, ihipStream_t*, bool)::{lambda(auto:1)#1}, rocprim::ROCPRIM_400200_NS::detail::default_config_selector>(rocprim::ROCPRIM_400200_NS::detail::transform_impl<true, rocprim::ROCPRIM_400200_NS::default_config, at::cuda::cub::detail::OpaqueType<8>*, at::cuda::cub::detail::OpaqueType<8>*, rocprim::ROCPRIM_400200_NS::identity<at::cuda::cub::detail::OpaqueType<8> > >(at::cuda::cub::detail::OpaqueType<8>*, at::cuda::cub::detail::OpaqueType<8>*, unsigned long, rocprim::ROCPRIM_400200_NS::identity<at::cuda::cub::detail::OpaqueType<8> >, ihipStream_t*, bool)::{lambda(auto:1)#1})', 'stream': 0, 'count': 8, 'total_duration_us': np.float64(38.55200000000001), 'mean_duration_us': np.float64(4.819000000000001), 'median_duration_us': np.float64(4.759), 'std_dev_duration_us': np.float64(0.3310589071449369), 'min_duration_us': np.float64(4.479), 'max_duration_us': np.float64(5.559)}, {'name': 'void rocprim::ROCPRIM_400200_NS::detail::init_lookback_scan_state_kernel<rocprim::ROCPRIM_400200_NS::detail::lookback_scan_state<unsigned int, false, true>, rocprim::ROCPRIM_400200_NS::detail::block_id_wrapper<unsigned int, true> >(rocprim::ROCPRIM_400200_NS::detail::lookback_scan_state<unsigned int, false, true>, unsigned int, rocprim::ROCPRIM_400200_NS::detail::block_id_wrapper<unsigned int, true>, unsigned int, rocprim::ROCPRIM_400200_NS::detail::lookback_scan_state<unsigned int, false, true>::value_type*)', 'stream': 0, 'count': 8, 'total_duration_us': np.float64(36.833), 'mean_duration_us': np.float64(4.604125), 'median_duration_us': np.float64(4.4990000000000006), 'std_dev_duration_us': np.float64(0.48680988011234955), 'min_duration_us': np.float64(4.239), 'max_duration_us': np.float64(5.839)}, {'name': 'void rocprim::ROCPRIM_400200_NS::detail::trampoline_kernel<rocprim::ROCPRIM_400200_NS::detail::wrapped_partition_config<rocprim::ROCPRIM_400200_NS::default_config, (rocprim::ROCPRIM_400200_NS::detail::partition_subalgo)9, long, int>, (rocprim::ROCPRIM_400200_NS::detail::target_arch)950, rocprim::ROCPRIM_400200_NS::detail::partition_impl<(rocprim::ROCPRIM_400200_NS::detail::partition_subalgo)9, false, rocprim::ROCPRIM_400200_NS::default_config, unsigned int, long const*, thrust::THRUST_200805_400200_NS::counting_iterator<int, thrust::THRUST_200805_400200_NS::use_default, thrust::THRUST_200805_400200_NS::use_default, thrust::THRUST_200805_400200_NS::use_default>, rocprim::ROCPRIM_400200_NS::empty_type*, rocprim::ROCPRIM_400200_NS::tuple<long*, rocprim::ROCPRIM_400200_NS::empty_type>, rocprim::ROCPRIM_400200_NS::tuple<long*, rocprim::ROCPRIM_400200_NS::empty_type*>, rocprim::ROCPRIM_400200_NS::detail::inequality_wrapper<hipcub::HIPCUB_400200_NS::Equality>, long*, rocprim::ROCPRIM_400200_NS::empty_type>(void*, unsigned long&, long const*, thrust::THRUST_200805_400200_NS::counting_iterator<int, thrust::THRUST_200805_400200_NS::use_default, thrust::THRUST_200805_400200_NS::use_default, thrust::THRUST_200805_400200_NS::use_default>, rocprim::ROCPRIM_400200_NS::empty_type*, rocprim::ROCPRIM_400200_NS::tuple<long*, rocprim::ROCPRIM_400200_NS::empty_type>, rocprim::ROCPRIM_400200_NS::tuple<long*, rocprim::ROCPRIM_400200_NS::empty_type*>, long*, unsigned long, rocprim::ROCPRIM_400200_NS::detail::inequality_wrapper<hipcub::HIPCUB_400200_NS::Equality>, ihipStream_t*, bool, rocprim::ROCPRIM_400200_NS::empty_type)::{lambda(auto:1, auto:2)#1}::operator()<std::integral_constant<bool, false>, std::integral_constant<bool, true> >(std::integral_constant<bool, false>, std::integral_constant<bool, true>) const::{lambda(auto:1)#1}, rocprim::ROCPRIM_400200_NS::detail::default_config_selector>(rocprim::ROCPRIM_400200_NS::detail::partition_impl<(rocprim::ROCPRIM_400200_NS::detail::partition_subalgo)9, false, rocprim::ROCPRIM_400200_NS::default_config, unsigned int, long const*, thrust::THRUST_200805_400200_NS::counting_iterator<int, thrust::THRUST_200805_400200_NS::use_default, thrust::THRUST_200805_400200_NS::use_default, thrust::THRUST_200805_400200_NS::use_default>, rocprim::ROCPRIM_400200_NS::empty_type*, rocprim::ROCPRIM_400200_NS::tuple<long*, rocprim::ROCPRIM_400200_NS::empty_type>, rocprim::ROCPRIM_400200_NS::tuple<long*, rocprim::ROCPRIM_400200_NS::empty_type*>, rocprim::ROCPRIM_400200_NS::detail::inequality_wrapper<hipcub::HIPCUB_400200_NS::Equality>, long*, rocprim::ROCPRIM_400200_NS::empty_type>(void*, unsigned long&, long const*, thrust::THRUST_200805_400200_NS::counting_iterator<int, thrust::THRUST_200805_400200_NS::use_default, thrust::THRUST_200805_400200_NS::use_default, thrust::THRUST_200805_400200_NS::use_default>, rocprim::ROCPRIM_400200_NS::empty_type*, rocprim::ROCPRIM_400200_NS::tuple<long*, rocprim::ROCPRIM_400200_NS::empty_type>, rocprim::ROCPRIM_400200_NS::tuple<long*, rocprim::ROCPRIM_400200_NS::empty_type*>, long*, unsigned long, rocprim::ROCPRIM_400200_NS::detail::inequality_wrapper<hipcub::HIPCUB_400200_NS::Equality>, ihipStream_t*, bool, rocprim::ROCPRIM_400200_NS::empty_type)::{lambda(auto:1, auto:2)#1}::operator()<std::integral_constant<bool, false>, std::integral_constant<bool, true> >(std::integral_constant<bool, false>, std::integral_constant<bool, true>) const::{lambda(auto:1)#1})', 'stream': 0, 'count': 8, 'total_duration_us': np.float64(67.273), 'mean_duration_us': np.float64(8.409125), 'median_duration_us': np.float64(8.099499999999999), 'std_dev_duration_us': np.float64(1.2997798311156394), 'min_duration_us': np.float64(7.439), 'max_duration_us': np.float64(11.759)}, {'name': 'void rocprim::ROCPRIM_400200_NS::detail::trampoline_kernel<rocprim::ROCPRIM_400200_NS::detail::wrapped_transform_config<rocprim::ROCPRIM_400200_NS::default_config, unsigned long, true>, (rocprim::ROCPRIM_400200_NS::detail::target_arch)950, rocprim::ROCPRIM_400200_NS::detail::transform_impl<true, rocprim::ROCPRIM_400200_NS::default_config, unsigned long*, long*, rocprim::ROCPRIM_400200_NS::identity<void> >(unsigned long*, long*, unsigned long, rocprim::ROCPRIM_400200_NS::identity<void>, ihipStream_t*, bool)::{lambda(auto:1)#1}, rocprim::ROCPRIM_400200_NS::detail::default_config_selector>(rocprim::ROCPRIM_400200_NS::detail::transform_impl<true, rocprim::ROCPRIM_400200_NS::default_config, unsigned long*, long*, rocprim::ROCPRIM_400200_NS::identity<void> >(unsigned long*, long*, unsigned long, rocprim::ROCPRIM_400200_NS::identity<void>, ihipStream_t*, bool)::{lambda(auto:1)#1})', 'stream': 0, 'count': 8, 'total_duration_us': np.float64(36.272999999999996), 'mean_duration_us': np.float64(4.5341249999999995), 'median_duration_us': np.float64(4.4195), 'std_dev_duration_us': np.float64(0.3762198285244945), 'min_duration_us': np.float64(4.199), 'max_duration_us': np.float64(5.479)}, {'name': 'void at::native::(anonymous namespace)::krn_partials_per_segment<long>(long*, long const*, long const*, long)', 'stream': 0, 'count': 8, 'total_duration_us': np.float64(39.193), 'mean_duration_us': np.float64(4.899125), 'median_duration_us': np.float64(4.579000000000001), 'std_dev_duration_us': np.float64(0.8460231139720712), 'min_duration_us': np.float64(4.399), 'max_duration_us': np.float64(7.12)}, {'name': 'void rocprim::ROCPRIM_400200_NS::detail::init_lookback_scan_state_kernel<rocprim::ROCPRIM_400200_NS::detail::lookback_scan_state<long, false, true>, rocprim::ROCPRIM_400200_NS::detail::block_id_wrapper<unsigned int, true> >(rocprim::ROCPRIM_400200_NS::detail::lookback_scan_state<long, false, true>, unsigned int, rocprim::ROCPRIM_400200_NS::detail::block_id_wrapper<unsigned int, true>, unsigned int, rocprim::ROCPRIM_400200_NS::detail::lookback_scan_state<long, false, true>::value_type*)', 'stream': 0, 'count': 8, 'total_duration_us': np.float64(37.751999999999995), 'mean_duration_us': np.float64(4.718999999999999), 'median_duration_us': np.float64(4.459), 'std_dev_duration_us': np.float64(0.8694826047713663), 'min_duration_us': np.float64(4.159), 'max_duration_us': np.float64(6.999)}, {'name': 'void rocprim::ROCPRIM_400200_NS::detail::trampoline_kernel<rocprim::ROCPRIM_400200_NS::detail::wrapped_scan_config<rocprim::ROCPRIM_400200_NS::default_config, long>, (rocprim::ROCPRIM_400200_NS::detail::target_arch)950, rocprim::ROCPRIM_400200_NS::detail::scan_impl<(rocprim::ROCPRIM_400200_NS::detail::lookback_scan_determinism)0, true, true, rocprim::ROCPRIM_400200_NS::default_config, long const*, long*, long, at::cuda::cub::(anonymous namespace)::SumOp<long>, long>(void*, unsigned long&, long const*, long*, long, unsigned long, at::cuda::cub::(anonymous namespace)::SumOp<long>, ihipStream_t*, bool)::{lambda(auto:1, auto:2)#1}::operator()<std::integral_constant<bool, false>, std::integral_constant<bool, true> >(std::integral_constant<bool, false>, std::integral_constant<bool, true>) const::{lambda(auto:1)#1}, rocprim::ROCPRIM_400200_NS::detail::default_config_selector>(rocprim::ROCPRIM_400200_NS::detail::scan_impl<(rocprim::ROCPRIM_400200_NS::detail::lookback_scan_determinism)0, true, true, rocprim::ROCPRIM_400200_NS::default_config, long const*, long*, long, at::cuda::cub::(anonymous namespace)::SumOp<long>, long>(void*, unsigned long&, long const*, long*, long, unsigned long, at::cuda::cub::(anonymous namespace)::SumOp<long>, ihipStream_t*, bool)::{lambda(auto:1, auto:2)#1}::operator()<std::integral_constant<bool, false>, std::integral_constant<bool, true> >(std::integral_constant<bool, false>, std::integral_constant<bool, true>) const::{lambda(auto:1)#1})', 'stream': 0, 'count': 8, 'total_duration_us': np.float64(62.27199999999999), 'mean_duration_us': np.float64(7.783999999999999), 'median_duration_us': np.float64(7.739), 'std_dev_duration_us': np.float64(0.7132846556599964), 'min_duration_us': np.float64(6.999), 'max_duration_us': np.float64(9.399)}, {'name': 'void at::native::(anonymous namespace)::compute_num_of_partial_segments<long>(long const*, long const*, long const*, long*)', 'stream': 0, 'count': 8, 'total_duration_us': np.float64(36.193), 'mean_duration_us': np.float64(4.524125), 'median_duration_us': np.float64(4.359), 'std_dev_duration_us': np.float64(0.4883583309159373), 'min_duration_us': np.float64(4.159), 'max_duration_us': np.float64(5.759)}, {'name': 'void at::native::(anonymous namespace)::krn_partial_segment_offset<long>(long*, long const*, long const*, long const*, long const*)', 'stream': 0, 'count': 8, 'total_duration_us': np.float64(36.953), 'mean_duration_us': np.float64(4.619125), 'median_duration_us': np.float64(4.479), 'std_dev_duration_us': np.float64(0.39939342680494877), 'min_duration_us': np.float64(4.28), 'max_duration_us': np.float64(5.639)}, {'name': 'void at::native::(anonymous namespace)::compute_grad_weight<c10::BFloat16, long>(long const*, c10::BFloat16 const*, long const*, long, long, long const*, long const*, at::AccumulateType<c10::BFloat16, true>::type*, long)', 'stream': 0, 'count': 8, 'total_duration_us': np.float64(2615.256), 'mean_duration_us': np.float64(326.907), 'median_duration_us': np.float64(329.322), 'std_dev_duration_us': np.float64(5.402478597828972), 'min_duration_us': np.float64(319.442), 'max_duration_us': np.float64(334.002)}, {'name': 'void at::native::(anonymous namespace)::sum_and_scatter<c10::BFloat16, long>(long const*, c10::BFloat16*, long, long const*, long const*, at::AccumulateType<c10::BFloat16, true>::type const*, long const*, long const*, long, long)', 'stream': 0, 'count': 8, 'total_duration_us': np.float64(1034.0410000000002), 'mean_duration_us': np.float64(129.25512500000002), 'median_duration_us': np.float64(131.66), 'std_dev_duration_us': np.float64(8.338926870969368), 'min_duration_us': np.float64(113.56), 'max_duration_us': np.float64(137.761)}]","[{'name': 'void rocprim::ROCPRIM_400200_NS::detail::trampoline_kernel<rocpr...', 'stream': 0, 'mean_duration_us': np.float64(19.83)}, {'name': 'void rocprim::ROCPRIM_400200_NS::detail::trampoline_kernel<rocpr...', 'stream': 0, 'mean_duration_us': np.float64(6.94)}, {'name': 'void rocprim::ROCPRIM_400200_NS::detail::trampoline_kernel<rocpr...', 'stream': 0, 'mean_duration_us': np.float64(6.9)}, {'name': 'void rocprim::ROCPRIM_400200_NS::detail::trampoline_kernel<rocpr...', 'stream': 0, 'mean_duration_us': np.float64(7.16)}, {'name': 'void rocprim::ROCPRIM_400200_NS::detail::trampoline_kernel<rocpr...', 'stream': 0, 'mean_duration_us': np.float64(7.55)}, {'name': 'void rocprim::ROCPRIM_400200_NS::detail::trampoline_kernel<rocpr...', 'stream': 0, 'mean_duration_us': np.float64(7.92)}, {'name': 'void rocprim::ROCPRIM_400200_NS::detail::trampoline_kernel<rocpr...', 'stream': 0, 'mean_duration_us': np.float64(4.95)}, {'name': 'void rocprim::ROCPRIM_400200_NS::detail::trampoline_kernel<rocpr...', 'stream': 0, 'mean_duration_us': np.float64(4.82)}, {'name': 'void rocprim::ROCPRIM_400200_NS::detail::init_lookback_scan_stat...', 'stream': 0, 'mean_duration_us': np.float64(4.6)}, {'name': 'void rocprim::ROCPRIM_400200_NS::detail::trampoline_kernel<rocpr...', 'stream': 0, 'mean_duration_us': np.float64(8.41)}, {'name': 'void rocprim::ROCPRIM_400200_NS::detail::trampoline_kernel<rocpr...', 'stream': 0, 'mean_duration_us': np.float64(4.53)}, {'name': 'void at::native::(anonymous namespace)::krn_partials_per_segment...', 'stream': 0, 'mean_duration_us': np.float64(4.9)}, {'name': 'void rocprim::ROCPRIM_400200_NS::detail::init_lookback_scan_stat...', 'stream': 0, 'mean_duration_us': np.float64(4.72)}, {'name': 'void rocprim::ROCPRIM_400200_NS::detail::trampoline_kernel<rocpr...', 'stream': 0, 'mean_duration_us': np.float64(7.78)}, {'name': 'void at::native::(anonymous namespace)::compute_num_of_partial_s...', 'stream': 0, 'mean_duration_us': np.float64(4.52)}, {'name': 'void at::native::(anonymous namespace)::krn_partial_segment_offs...', 'stream': 0, 'mean_duration_us': np.float64(4.62)}, {'name': 'void at::native::(anonymous namespace)::compute_grad_weight<c10:...', 'stream': 0, 'mean_duration_us': np.float64(326.91)}, {'name': 'void at::native::(anonymous namespace)::sum_and_scatter<c10::BFl...', 'stream': 0, 'mean_duration_us': np.float64(129.26)}]",0.03807456179835708,98.86126163591129
aten::copy_,elementwise,python,CPU,thread 166178 (python),"((8, 4096, 8, 64), (8, 4096, 8, 64), ())","('c10::BFloat16', 'c10::BFloat16', 'Scalar')","((2097152, 512, 64, 1), (5120, 40960, 640, 1), ())","('', '', 'False')",1,192,22.734141031901043,22.619140625,0.9812620197507731,20.87890625,25.71875,4364.955078125,190,"[{'name': 'void at::native::elementwise_kernel_manual_unroll<128, 8, at::native::gpu_kernel_impl_nocast<at::native::direct_copy_kernel_cuda(at::TensorIteratorBase&)::{lambda()#3}::operator()() const::{lambda()#12}::operator()() const::{lambda(c10::BFloat16)#1}>(at::TensorIteratorBase&, at::native::direct_copy_kernel_cuda(at::TensorIteratorBase&)::{lambda()#3}::operator()() const::{lambda()#12}::operator()() const::{lambda(c10::BFloat16)#1} const&)::{lambda(int, bool)#1}>(int, at::native::gpu_kernel_impl_nocast<at::native::direct_copy_kernel_cuda(at::TensorIteratorBase&)::{lambda()#3}::operator()() const::{lambda()#12}::operator()() const::{lambda(c10::BFloat16)#1}>(at::TensorIteratorBase&, at::native::direct_copy_kernel_cuda(at::TensorIteratorBase&)::{lambda()#3}::operator()() const::{lambda()#12}::operator()() const::{lambda(c10::BFloat16)#1} const&)::{lambda(int, bool)#1})', 'stream': 0, 'count': 192, 'total_duration_us': np.float64(4364.96), 'mean_duration_us': np.float64(22.734166666666667), 'median_duration_us': np.float64(22.619500000000002), 'std_dev_duration_us': np.float64(0.9787230910164983), 'min_duration_us': np.float64(20.879), 'max_duration_us': np.float64(25.719)}]","[{'name': 'void at::native::elementwise_kernel_manual_unroll<128, 8, at::na...', 'stream': 0, 'mean_duration_us': np.float64(22.73)}]",0.03668175586133161,98.89794339177263
aten::add_,elementwise,python,CPU,thread 166796 (pt_autograd_0),"((2880, 4096), (2880, 4096), ())","('float', 'c10::BFloat16', 'Scalar')","((4096, 1), (4096, 1), ())","('', '', '1')",1,192,21.65899658203125,21.599609375,1.26254182593708,18.478515625,26.0,4158.52734375,138795,"[{'name': 'void at::native::vectorized_templated_elementwise_kernel<4, at::native::CUDAFunctor_add<float>, std::array<char*, 3ul>, TrivialOffsetCalculator<2, unsigned int>, TrivialOffsetCalculator<1, unsigned int>, at::native::memory::LoadWithCast<2>, at::native::memory::StoreWithCast<1>, float, float, c10::BFloat16>(int, at::native::CUDAFunctor_add<float>, std::array<char*, 3ul>, TrivialOffsetCalculator<2, unsigned int>, TrivialOffsetCalculator<1, unsigned int>, at::native::memory::LoadWithCast<2>, at::native::memory::StoreWithCast<1>)', 'stream': 0, 'count': 192, 'total_duration_us': np.float64(4158.537), 'mean_duration_us': np.float64(21.659046875), 'median_duration_us': np.float64(21.6), 'std_dev_duration_us': np.float64(1.2592716326026465), 'min_duration_us': np.float64(18.479), 'max_duration_us': np.float64(26.0)}]","[{'name': 'void at::native::vectorized_templated_elementwise_kernel<4, at::...', 'stream': 0, 'mean_duration_us': np.float64(21.66)}]",0.03494699992001635,98.93289039169264
aten::sum,reduce,python,CPU,thread 166178 (python),"((4096, 256), (), (), ())","('bool', 'ScalarList', 'Scalar', '')","((256, 1), (), (), ())","('', '[0]', 'False', '')",1,192,20.211837768554688,20.0390625,0.8517328144966524,18.1591796875,25.0791015625,3880.6728515625,336,"[{'name': 'void at::native::reduce_kernel<128, 4, at::native::ReduceOp<long, at::native::func_wrapper_t<long, at::native::sum_functor<long, long, long>::operator()(at::TensorIterator&)::{lambda(long, long)#1}>, unsigned int, long, 4, 4> >(at::native::ReduceOp<long, at::native::func_wrapper_t<long, at::native::sum_functor<long, long, long>::operator()(at::TensorIterator&)::{lambda(long, long)#1}>, unsigned int, long, 4, 4>)', 'stream': 0, 'count': 192, 'total_duration_us': np.float64(3880.681), 'mean_duration_us': np.float64(20.211880208333334), 'median_duration_us': np.float64(20.039), 'std_dev_duration_us': np.float64(0.849496972002622), 'min_duration_us': np.float64(18.159), 'max_duration_us': np.float64(25.079)}]","[{'name': 'void at::native::reduce_kernel<128, 4, at::native::ReduceOp<long...', 'stream': 0, 'mean_duration_us': np.float64(20.21)}]",0.032611995214360985,98.965502386907
aten::sum,reduce,python,CPU,thread 166178 (python),"((4096, 256), (), (), ())","('float', 'ScalarList', 'Scalar', '')","((256, 1), (), (), ())","('', '[0]', 'False', '')",1,192,18.345860799153645,18.35986328125,0.836849981823826,16.359375,22.9189453125,3522.4052734375,345,"[{'name': 'void at::native::reduce_kernel<128, 4, at::native::ReduceOp<float, at::native::func_wrapper_t<float, at::native::sum_functor<float, float, float>::operator()(at::TensorIterator&)::{lambda(float, float)#1}>, unsigned int, float, 4, 4> >(at::native::ReduceOp<float, at::native::func_wrapper_t<float, at::native::sum_functor<float, float, float>::operator()(at::TensorIterator&)::{lambda(float, float)#1}>, unsigned int, float, 4, 4>)', 'stream': 0, 'count': 192, 'total_duration_us': np.float64(3522.404), 'mean_duration_us': np.float64(18.345854166666665), 'median_duration_us': np.float64(18.3595), 'std_dev_duration_us': np.float64(0.8346812512765809), 'min_duration_us': np.float64(16.359), 'max_duration_us': np.float64(22.919)}]","[{'name': 'void at::native::reduce_kernel<128, 4, at::native::ReduceOp<floa...', 'stream': 0, 'mean_duration_us': np.float64(18.35)}]",0.02960122337396509,98.99510361028096
aten::fill_,elementwise,python,CPU,thread 166178 (python),"((32768, 32), ())","('c10::BFloat16', 'Scalar')","((32, 1), ())","('', '0')",1,576,5.831190321180555,5.8388671875,0.6555411960444373,4.8798828125,13.279296875,3358.765625,284,"[{'name': 'void at::native::vectorized_elementwise_kernel<8, at::native::FillFunctor<c10::BFloat16>, std::array<char*, 1ul> >(int, at::native::FillFunctor<c10::BFloat16>, std::array<char*, 1ul>)', 'stream': 0, 'count': 576, 'total_duration_us': np.float64(3358.736), 'mean_duration_us': np.float64(5.831138888888889), 'median_duration_us': np.float64(5.839), 'std_dev_duration_us': np.float64(0.65499082490511), 'min_duration_us': np.float64(4.88), 'max_duration_us': np.float64(13.279)}]","[{'name': 'void at::native::vectorized_elementwise_kernel<8, at::native::Fi...', 'stream': 0, 'mean_duration_us': np.float64(5.83)}]",0.02822604550253624,99.0233296557835
aten::copy_,elementwise,python,CPU,thread 166178 (python),"((4096, 8, 8, 64), (4096, 8, 8, 64), ())","('c10::BFloat16', 'c10::BFloat16', 'Scalar')","((4096, 512, 64, 1), (40960, 5120, 640, 1), ())","('', '', 'False')",1,192,16.74225362141927,16.5986328125,0.7496264798147325,15.51953125,19.638671875,3214.5126953125,151,"[{'name': 'void at::native::elementwise_kernel_manual_unroll<128, 8, at::native::gpu_kernel_impl_nocast<at::native::direct_copy_kernel_cuda(at::TensorIteratorBase&)::{lambda()#3}::operator()() const::{lambda()#12}::operator()() const::{lambda(c10::BFloat16)#1}>(at::TensorIteratorBase&, at::native::direct_copy_kernel_cuda(at::TensorIteratorBase&)::{lambda()#3}::operator()() const::{lambda()#12}::operator()() const::{lambda(c10::BFloat16)#1} const&)::{lambda(int, bool)#1}>(int, at::native::gpu_kernel_impl_nocast<at::native::direct_copy_kernel_cuda(at::TensorIteratorBase&)::{lambda()#3}::operator()() const::{lambda()#12}::operator()() const::{lambda(c10::BFloat16)#1}>(at::TensorIteratorBase&, at::native::direct_copy_kernel_cuda(at::TensorIteratorBase&)::{lambda()#3}::operator()() const::{lambda()#12}::operator()() const::{lambda(c10::BFloat16)#1} const&)::{lambda(int, bool)#1})', 'stream': 0, 'count': 192, 'total_duration_us': np.float64(3214.516), 'mean_duration_us': np.float64(16.742270833333333), 'median_duration_us': np.float64(16.599), 'std_dev_duration_us': np.float64(0.7476333977843946), 'min_duration_us': np.float64(15.52), 'max_duration_us': np.float64(19.639)}]","[{'name': 'void at::native::elementwise_kernel_manual_unroll<128, 8, at::na...', 'stream': 0, 'mean_duration_us': np.float64(16.74)}]",0.027013787723390505,99.05034344350689
aten::fill_,elementwise,python,CPU,thread 166178 (python),"((32768, 32), ())","('bool', 'Scalar')","((32, 1), ())","('', '0')",1,192,15.065984090169271,15.1796875,1.392011165334536,10.0390625,21.2392578125,2892.6689453125,399,"[{'name': 'void at::native::vectorized_elementwise_kernel<16, at::native::FillFunctor<bool>, std::array<char*, 1ul> >(int, at::native::FillFunctor<bool>, std::array<char*, 1ul>)', 'stream': 0, 'count': 192, 'total_duration_us': np.float64(2892.674), 'mean_duration_us': np.float64(15.066010416666666), 'median_duration_us': np.float64(15.1795), 'std_dev_duration_us': np.float64(1.3883886605731695), 'min_duration_us': np.float64(10.039), 'max_duration_us': np.float64(21.239)}]","[{'name': 'void at::native::vectorized_elementwise_kernel<16, at::native::F...', 'stream': 0, 'mean_duration_us': np.float64(15.07)}]",0.024309110664476368,99.07465255417137
aten::copy_,elementwise,python,CPU,thread 166178 (python),"((32768, 32), (32768, 32), ())","('int', 'c10::BFloat16', 'Scalar')","((32, 1), (32, 1), ())","('', '', 'False')",1,384,7.347442626953125,7.279296875,0.6888839689148354,6.3193359375,13.3193359375,2821.41796875,298,"[{'name': 'void at::native::elementwise_kernel_manual_unroll<128, 4, at::native::gpu_kernel_impl<at::native::direct_copy_kernel_cuda(at::TensorIteratorBase&)::{lambda()#3}::operator()() const::{lambda()#3}::operator()() const::{lambda(int)#1}>(at::TensorIteratorBase&, at::native::direct_copy_kernel_cuda(at::TensorIteratorBase&)::{lambda()#3}::operator()() const::{lambda()#3}::operator()() const::{lambda(int)#1} const&)::{lambda(int, bool)#1}>(int, at::native::gpu_kernel_impl<at::native::direct_copy_kernel_cuda(at::TensorIteratorBase&)::{lambda()#3}::operator()() const::{lambda()#3}::operator()() const::{lambda(int)#1}>(at::TensorIteratorBase&, at::native::direct_copy_kernel_cuda(at::TensorIteratorBase&)::{lambda()#3}::operator()() const::{lambda()#3}::operator()() const::{lambda(int)#1} const&)::{lambda(int, bool)#1})', 'stream': 0, 'count': 384, 'total_duration_us': np.float64(2821.4390000000003), 'mean_duration_us': np.float64(7.347497395833334), 'median_duration_us': np.float64(7.279), 'std_dev_duration_us': np.float64(0.68799121844678), 'min_duration_us': np.float64(6.319), 'max_duration_us': np.float64(13.319)}]","[{'name': 'void at::native::elementwise_kernel_manual_unroll<128, 4, at::na...', 'stream': 0, 'mean_duration_us': np.float64(7.35)}]",0.0237103391123371,99.0983628932837
aten::linalg_vector_norm,reduce,python,CPU,thread 166796 (pt_autograd_0),"((49766400,), (), (), (), ())","('float', 'Scalar', '', 'Scalar', '')","((1,), (), (), (), ())","('', '2', '', 'False', '')",1,48,58.097900390625,58.3193359375,2.426252592937333,54.2802734375,62.8798828125,2788.69921875,288001,"[{'name': 'void at::native::reduce_kernel<512, 1, at::native::ReduceOp<float, at::native::NormTwoOps<float, float, float>, unsigned int, float, 4, 4> >(at::native::ReduceOp<float, at::native::NormTwoOps<float, float, float>, unsigned int, float, 4, 4>)', 'stream': 0, 'count': 48, 'total_duration_us': np.float64(2788.7), 'mean_duration_us': np.float64(58.09791666666666), 'median_duration_us': np.float64(58.319), 'std_dev_duration_us': np.float64(2.4008820066221963), 'min_duration_us': np.float64(54.28), 'max_duration_us': np.float64(62.88)}]","[{'name': 'void at::native::reduce_kernel<512, 1, at::native::ReduceOp<floa...', 'stream': 0, 'mean_duration_us': np.float64(58.1)}]",0.023435380681355148,99.12179827396506
aten::mul_,elementwise,python,CPU,thread 166796 (pt_autograd_0),"((49766400,), ())","('float', 'double')","((1,), ())","('', '')",1,48,55.1295166015625,55.0400390625,0.3581626762863112,54.55859375,56.2392578125,2646.216796875,288017,"[{'name': 'void at::native::vectorized_elementwise_kernel<4, at::native::AUnaryFunctor<float, float, float, at::native::binary_internal::MulFunctor<float> >, std::array<char*, 2ul> >(int, at::native::AUnaryFunctor<float, float, float, at::native::binary_internal::MulFunctor<float> >, std::array<char*, 2ul>)', 'stream': 0, 'count': 48, 'total_duration_us': np.float64(2646.2169999999996), 'mean_duration_us': np.float64(55.12952083333332), 'median_duration_us': np.float64(55.04), 'std_dev_duration_us': np.float64(0.35433247038053434), 'min_duration_us': np.float64(54.559), 'max_duration_us': np.float64(56.239)}]","[{'name': 'void at::native::vectorized_elementwise_kernel<4, at::native::AU...', 'stream': 0, 'mean_duration_us': np.float64(55.13)}]",0.022238001711765595,99.14403627567683
aten::copy_,elementwise,python,CPU,thread 166178 (python),"((32768, 32), (32768, 32), ())","('bool', 'int', 'Scalar')","((32, 1), (32, 1), ())","('', '', 'False')",1,384,6.8867136637369795,7.19921875,1.298656529367071,4.9189453125,10.958984375,2644.498046875,305,"[{'name': 'void at::native::elementwise_kernel_manual_unroll<128, 4, at::native::gpu_kernel_impl<at::native::direct_copy_kernel_cuda(at::TensorIteratorBase&)::{lambda()#3}::operator()() const::{lambda()#11}::operator()() const::{lambda(bool)#1}>(at::TensorIteratorBase&, at::native::direct_copy_kernel_cuda(at::TensorIteratorBase&)::{lambda()#3}::operator()() const::{lambda()#11}::operator()() const::{lambda(bool)#1} const&)::{lambda(int, bool)#1}>(int, at::native::gpu_kernel_impl<at::native::direct_copy_kernel_cuda(at::TensorIteratorBase&)::{lambda()#3}::operator()() const::{lambda()#11}::operator()() const::{lambda(bool)#1}>(at::TensorIteratorBase&, at::native::direct_copy_kernel_cuda(at::TensorIteratorBase&)::{lambda()#3}::operator()() const::{lambda()#11}::operator()() const::{lambda(bool)#1} const&)::{lambda(int, bool)#1})', 'stream': 0, 'count': 384, 'total_duration_us': np.float64(2644.5200000000004), 'mean_duration_us': np.float64(6.886770833333334), 'median_duration_us': np.float64(7.199), 'std_dev_duration_us': np.float64(1.2970429869447808), 'min_duration_us': np.float64(4.919), 'max_duration_us': np.float64(10.959)}]","[{'name': 'void at::native::elementwise_kernel_manual_unroll<128, 4, at::na...', 'stream': 0, 'mean_duration_us': np.float64(6.89)}]",0.022223557859135216,99.16625983353596
aten::_softmax_backward_data,other,python,CPU,thread 166796 (pt_autograd_0),"((32768, 32), (32768, 32), (), ())","('float', 'float', 'Scalar', 'Scalar')","((32, 1), (32, 1), (), ())","('', '', '-1', '6')",1,384,6.884117126464844,6.09912109375,2.656785910571395,4.1201171875,47.19921875,2643.5009765625,138684,"[{'name': 'void (anonymous namespace)::softmax_warp_backward<float, float, float, 5, false, false>(float*, float const*, float const*, int, int, int, bool const*)', 'stream': 0, 'count': 384, 'total_duration_us': np.float64(2643.522), 'mean_duration_us': np.float64(6.884171875), 'median_duration_us': np.float64(6.099), 'std_dev_duration_us': np.float64(2.653277412512806), 'min_duration_us': np.float64(4.12), 'max_duration_us': np.float64(47.199)}]","[{'name': 'void (anonymous namespace)::softmax_warp_backward<float, float, ...', 'stream': 0, 'mean_duration_us': np.float64(6.88)}]",0.022215178783262707,99.18847501231922
aten::mul,elementwise,python,CPU,thread 166796 (pt_autograd_0),"((32768, 32), (32768, 32))","('float', 'float')","((32, 1), (32, 1))","('', '')",1,384,6.842519124348958,6.17919921875,1.723228340186765,4.19921875,11.3994140625,2627.52734375,138685,"[{'name': 'void at::native::vectorized_elementwise_kernel<4, at::native::BinaryFunctor<float, float, float, at::native::binary_internal::MulFunctor<float> >, std::array<char*, 3ul> >(int, at::native::BinaryFunctor<float, float, float, at::native::binary_internal::MulFunctor<float> >, std::array<char*, 3ul>)', 'stream': 0, 'count': 384, 'total_duration_us': np.float64(2627.548), 'mean_duration_us': np.float64(6.842572916666666), 'median_duration_us': np.float64(6.179), 'std_dev_duration_us': np.float64(1.720926886549753), 'min_duration_us': np.float64(4.199), 'max_duration_us': np.float64(11.399)}]","[{'name': 'void at::native::vectorized_elementwise_kernel<4, at::native::Bi...', 'stream': 0, 'mean_duration_us': np.float64(6.84)}]",0.022080941227879118,99.2105559535471
aten::copy_,elementwise,python,CPU,thread 166796 (pt_autograd_0),"((32768, 32), (32768, 32), ())","('c10::BFloat16', 'float', 'Scalar')","((32, 1), (32, 1), ())","('', '', 'False')",1,384,6.732460021972656,5.99951171875,1.823659369127599,4.0390625,11.55859375,2585.2646484375,138692,"[{'name': 'void at::native::vectorized_elementwise_kernel<4, at::native::bfloat16_copy_kernel_cuda(at::TensorIteratorBase&)::{lambda(float)#1}, std::array<char*, 2ul> >(int, at::native::bfloat16_copy_kernel_cuda(at::TensorIteratorBase&)::{lambda(float)#1}, std::array<char*, 2ul>)', 'stream': 0, 'count': 384, 'total_duration_us': np.float64(2585.2889999999998), 'mean_duration_us': np.float64(6.732523437499999), 'median_duration_us': np.float64(5.999499999999999), 'std_dev_duration_us': np.float64(1.8212798025680594), 'min_duration_us': np.float64(4.039), 'max_duration_us': np.float64(11.559)}]","[{'name': 'void at::native::vectorized_elementwise_kernel<4, at::native::bf...', 'stream': 0, 'mean_duration_us': np.float64(6.73)}]",0.02172577838112632,99.23228173192823
aten::_softmax,other,python,CPU,thread 166178 (python),"((32768, 32), (), ())","('float', 'Scalar', 'Scalar')","((32, 1), (), ())","('', '-1', 'False')",1,384,6.037539164225261,5.9990234375,0.4979612768691493,4.958984375,7.87890625,2318.4150390625,268,"[{'name': 'void (anonymous namespace)::softmax_warp_forward<float, float, float, 5, false, false>(float*, float const*, int, int, int, bool const*, int, bool)', 'stream': 0, 'count': 384, 'total_duration_us': np.float64(2318.408), 'mean_duration_us': np.float64(6.037520833333333), 'median_duration_us': np.float64(5.999), 'std_dev_duration_us': np.float64(0.4972693975428599), 'min_duration_us': np.float64(4.959), 'max_duration_us': np.float64(7.879)}]","[{'name': 'void (anonymous namespace)::softmax_warp_forward<float, float, f...', 'stream': 0, 'mean_duration_us': np.float64(6.04)}]",0.019483255365977628,99.25176498729421
aten::scatter,elementwise,python,CPU,thread 166178 (python),"((32768, 32), (), (32768, 4), ())","('int', 'Scalar', 'long int', 'Scalar')","((32, 1), (), (4, 1), ())","('', '1', '', '1')",1,384,5.7770029703776045,5.439453125,0.9635826900032114,4.9189453125,12.7587890625,2218.369140625,299,"[{'name': 'void at::native::_scatter_gather_elementwise_kernel<256, 4, at::native::_cuda_scatter_fill_internal_kernel<at::native::OpaqueType<4>, long>::operator()<at::native::TensorAssign>(at::TensorIterator&, at::native::OpaqueType<4>, long, long, long, at::native::TensorAssign const&)::{lambda(int)#1}>(int, at::native::_cuda_scatter_fill_internal_kernel<at::native::OpaqueType<4>, long>::operator()<at::native::TensorAssign>(at::TensorIterator&, at::native::OpaqueType<4>, long, long, long, at::native::TensorAssign const&)::{lambda(int)#1})', 'stream': 0, 'count': 384, 'total_duration_us': np.float64(2218.316), 'mean_duration_us': np.float64(5.7768645833333325), 'median_duration_us': np.float64(5.439), 'std_dev_duration_us': np.float64(0.9623771958431855), 'min_duration_us': np.float64(4.919), 'max_duration_us': np.float64(12.759)}]","[{'name': 'void at::native::_scatter_gather_elementwise_kernel<256, 4, at::...', 'stream': 0, 'mean_duration_us': np.float64(5.78)}]",0.01864250004187281,99.27040748733609
aten::copy_,UnaryElementwise,python,CPU,thread 166178 (python),"((32768, 32), (32768, 32), ())","('int', 'int', 'Scalar')","((32, 1), (32, 1), ())","('', '', 'False')",1,384,5.749956766764323,5.6787109375,0.6686359690361963,5.0791015625,12.8388671875,2207.9833984375,300,"[{'name': 'Memcpy DtoD (Device -> Device)', 'stream': 0, 'count': 384, 'total_duration_us': np.float64(2207.955), 'mean_duration_us': np.float64(5.7498828125), 'median_duration_us': np.float64(5.679), 'std_dev_duration_us': np.float64(0.6678225261034972), 'min_duration_us': np.float64(5.079), 'max_duration_us': np.float64(12.839)}]","[{'name': 'Memcpy DtoD (Device -> Device)', 'stream': 0, 'mean_duration_us': np.float64(5.75)}]",0.018555221421006855,99.2889627087571
aten::copy_,elementwise,python,CPU,thread 166178 (python),"((32768, 32), (32768, 32), ())","('float', 'c10::BFloat16', 'Scalar')","((32, 1), (32, 1), ())","('', '', 'False')",1,384,5.689369201660156,5.478515625,0.5454433739772354,4.87890625,7.638671875,2184.7177734375,267,"[{'name': 'void at::native::vectorized_elementwise_kernel<4, at::native::bfloat16tofloat32_copy_kernel_cuda(at::TensorIteratorBase&)::{lambda(c10::BFloat16)#1}, std::array<char*, 2ul> >(int, at::native::bfloat16tofloat32_copy_kernel_cuda(at::TensorIteratorBase&)::{lambda(c10::BFloat16)#1}, std::array<char*, 2ul>)', 'stream': 0, 'count': 384, 'total_duration_us': np.float64(2184.679), 'mean_duration_us': np.float64(5.689268229166667), 'median_duration_us': np.float64(5.479), 'std_dev_duration_us': np.float64(0.5447981644905577), 'min_duration_us': np.float64(4.879), 'max_duration_us': np.float64(7.639)}]","[{'name': 'void at::native::vectorized_elementwise_kernel<4, at::native::bf...', 'stream': 0, 'mean_duration_us': np.float64(5.69)}]",0.018359704179491988,99.30732241293659
aten::sum,reduce,python,CPU,thread 166178 (python),"((32768, 32), (), (), ())","('bool', 'ScalarList', 'Scalar', '')","((32, 1), (), (), ())","('', '[0]', 'False', '')",1,192,10.545639038085938,10.29931640625,0.6433900858219982,9.48046875,12.87890625,2024.7626953125,412,"[{'name': 'void at::native::reduce_kernel<128, 4, at::native::ReduceOp<long, at::native::func_wrapper_t<long, at::native::sum_functor<long, long, long>::operator()(at::TensorIterator&)::{lambda(long, long)#1}>, unsigned int, long, 4, 4> >(at::native::ReduceOp<long, at::native::func_wrapper_t<long, at::native::sum_functor<long, long, long>::operator()(at::TensorIterator&)::{lambda(long, long)#1}>, unsigned int, long, 4, 4>)', 'stream': 0, 'count': 192, 'total_duration_us': np.float64(2024.7530000000002), 'mean_duration_us': np.float64(10.545588541666667), 'median_duration_us': np.float64(10.299), 'std_dev_duration_us': np.float64(0.6416900313446048), 'min_duration_us': np.float64(9.48), 'max_duration_us': np.float64(12.879)}]","[{'name': 'void at::native::reduce_kernel<128, 4, at::native::ReduceOp<long...', 'stream': 0, 'mean_duration_us': np.float64(10.55)}]",0.01701549031713951,99.32433790325372
aten::arange,other,python,CPU,thread 166178 (python),"((), (), (), (0,))","('Scalar', 'Scalar', 'Scalar', 'long int')","((), (), (), (1,))","('0', '32768', '1', '')",1,384,5.194073994954427,4.958984375,0.893812698795301,4.119140625,12.8388671875,1994.5244140625,380,"[{'name': 'void (anonymous namespace)::elementwise_kernel_with_index<int, at::native::arange_cuda_out(c10::Scalar const&, c10::Scalar const&, c10::Scalar const&, at::Tensor&)::{lambda()#1}::operator()() const::{lambda()#4}::operator()() const::{lambda(long)#1}>(int, at::native::arange_cuda_out(c10::Scalar const&, c10::Scalar const&, c10::Scalar const&, at::Tensor&)::{lambda()#1}::operator()() const::{lambda()#4}::operator()() const::{lambda(long)#1}, function_traits<at::native::arange_cuda_out(c10::Scalar const&, c10::Scalar const&, c10::Scalar const&, at::Tensor&)::{lambda()#1}::operator()() const::{lambda()#4}::operator()() const::{lambda(long)#1}>::result_type*)', 'stream': 0, 'count': 384, 'total_duration_us': np.float64(1994.554), 'mean_duration_us': np.float64(5.194151041666667), 'median_duration_us': np.float64(4.959), 'std_dev_duration_us': np.float64(0.8926424215840377), 'min_duration_us': np.float64(4.119), 'max_duration_us': np.float64(12.839)}]","[{'name': 'void (anonymous namespace)::elementwise_kernel_with_index<int, a...', 'stream': 0, 'mean_duration_us': np.float64(5.19)}]",0.016761376991658222,99.34109928024537
aten::mul,elementwise,python,CPU,thread 166796 (pt_autograd_0),"((256,), (256,))","('float', 'long int')","((0,), (1,))","('', '')",1,192,9.972264607747396,9.9189453125,1.0691877773648644,8.1591796875,13.19921875,1914.6748046875,138664,"[{'name': 'void at::native::elementwise_kernel_manual_unroll<128, 4, at::native::gpu_kernel_impl<at::native::BinaryFunctor<float, float, float, at::native::binary_internal::MulFunctor<float> > >(at::TensorIteratorBase&, at::native::BinaryFunctor<float, float, float, at::native::binary_internal::MulFunctor<float> > const&)::{lambda(int, bool)#2}>(int, at::native::gpu_kernel_impl<at::native::BinaryFunctor<float, float, float, at::native::binary_internal::MulFunctor<float> > >(at::TensorIteratorBase&, at::native::BinaryFunctor<float, float, float, at::native::binary_internal::MulFunctor<float> > const&)::{lambda(int, bool)#2})', 'stream': 0, 'count': 192, 'total_duration_us': np.float64(1914.677), 'mean_duration_us': np.float64(9.972276041666666), 'median_duration_us': np.float64(9.919), 'std_dev_duration_us': np.float64(1.0662624275599315), 'min_duration_us': np.float64(8.159), 'max_duration_us': np.float64(13.199)}]","[{'name': 'void at::native::elementwise_kernel_manual_unroll<128, 4, at::na...', 'stream': 0, 'mean_duration_us': np.float64(9.97)}]",0.016090345142694813,99.35718962538807
aten::copy_,elementwise,python,CPU,thread 166178 (python),"((16588800,), (16588800,), ())","('c10::BFloat16', 'float', 'Scalar')","((1,), (1,), ())","('', '', 'False')",1,96,18.731699625651043,18.5185546875,0.6864155259881026,17.55859375,20.9990234375,1798.2431640625,137073,"[{'name': 'void at::native::vectorized_elementwise_kernel<4, at::native::bfloat16_copy_kernel_cuda(at::TensorIteratorBase&)::{lambda(float)#1}, std::array<char*, 2ul> >(int, at::native::bfloat16_copy_kernel_cuda(at::TensorIteratorBase&)::{lambda(float)#1}, std::array<char*, 2ul>)', 'stream': 0, 'count': 96, 'total_duration_us': np.float64(1798.241), 'mean_duration_us': np.float64(18.731677083333334), 'median_duration_us': np.float64(18.519), 'std_dev_duration_us': np.float64(0.6828630672700736), 'min_duration_us': np.float64(17.559), 'max_duration_us': np.float64(20.999)}]","[{'name': 'void at::native::vectorized_elementwise_kernel<4, at::native::bf...', 'stream': 0, 'mean_duration_us': np.float64(18.73)}]",0.015111889021268896,99.37230151440934
aten::copy_,elementwise,python,CPU,thread 166178 (python),"((4096, 256), (4096, 256), ())","('long int', 'bool', 'Scalar')","((256, 1), (256, 1), ())","('', '', 'False')",1,192,9.055343627929688,8.958984375,0.8392308006191943,7.638671875,14.19921875,1738.6259765625,341,"[{'name': 'void at::native::elementwise_kernel_manual_unroll<128, 4, at::native::gpu_kernel_impl<at::native::direct_copy_kernel_cuda(at::TensorIteratorBase&)::{lambda()#3}::operator()() const::{lambda()#4}::operator()() const::{lambda(long)#1}>(at::TensorIteratorBase&, at::native::direct_copy_kernel_cuda(at::TensorIteratorBase&)::{lambda()#3}::operator()() const::{lambda()#4}::operator()() const::{lambda(long)#1} const&)::{lambda(int, bool)#1}>(int, at::native::gpu_kernel_impl<at::native::direct_copy_kernel_cuda(at::TensorIteratorBase&)::{lambda()#3}::operator()() const::{lambda()#4}::operator()() const::{lambda(long)#1}>(at::TensorIteratorBase&, at::native::direct_copy_kernel_cuda(at::TensorIteratorBase&)::{lambda()#3}::operator()() const::{lambda()#4}::operator()() const::{lambda(long)#1} const&)::{lambda(int, bool)#1})', 'stream': 0, 'count': 192, 'total_duration_us': np.float64(1738.626), 'mean_duration_us': np.float64(9.05534375), 'median_duration_us': np.float64(8.959), 'std_dev_duration_us': np.float64(0.8370324917544146), 'min_duration_us': np.float64(7.639), 'max_duration_us': np.float64(14.199)}]","[{'name': 'void at::native::elementwise_kernel_manual_unroll<128, 4, at::na...', 'stream': 0, 'mean_duration_us': np.float64(9.06)}]",0.014610884296621508,99.38691239870596
aten::gather,elementwise,python,CPU,thread 166796 (pt_autograd_0),"((32768, 32), (), (32768, 4), ())","('c10::BFloat16', 'Scalar', 'long int', 'Scalar')","((1, 32768), (), (4, 1), ())","('', '1', '', 'False')",1,192,8.764073689778646,8.439453125,1.3811591562926564,6.6787109375,11.3994140625,1682.7021484375,138696,"[{'name': 'void at::native::_scatter_gather_elementwise_kernel<256, 4, at::native::_cuda_scatter_gather_internal_kernel<false, at::native::OpaqueType<2>, long>::operator()<at::native::TensorAssign>(at::TensorIterator&, long, long, long, at::native::TensorAssign const&)::{lambda(int)#1}>(int, at::native::_cuda_scatter_gather_internal_kernel<false, at::native::OpaqueType<2>, long>::operator()<at::native::TensorAssign>(at::TensorIterator&, long, long, long, at::native::TensorAssign const&)::{lambda(int)#1})', 'stream': 0, 'count': 192, 'total_duration_us': np.float64(1682.698), 'mean_duration_us': np.float64(8.764052083333334), 'median_duration_us': np.float64(8.439), 'std_dev_duration_us': np.float64(1.3775141966131093), 'min_duration_us': np.float64(6.679), 'max_duration_us': np.float64(11.399)}]","[{'name': 'void at::native::_scatter_gather_elementwise_kernel<256, 4, at::...', 'stream': 0, 'mean_duration_us': np.float64(8.76)}]",0.014140917441660537,99.40105331614762
aten::mul,elementwise,python,CPU,thread 166178 (python),"((256,), (256,))","('float', 'long int')","((1,), (1,))","('', '')",1,192,8.589009602864584,8.5791015625,0.9149540789943432,6.8388671875,12.400390625,1649.08984375,348,"[{'name': 'void at::native::elementwise_kernel_manual_unroll<128, 4, at::native::gpu_kernel_impl<at::native::BinaryFunctor<float, float, float, at::native::binary_internal::MulFunctor<float> > >(at::TensorIteratorBase&, at::native::BinaryFunctor<float, float, float, at::native::binary_internal::MulFunctor<float> > const&)::{lambda(int, bool)#1}>(int, at::native::gpu_kernel_impl<at::native::BinaryFunctor<float, float, float, at::native::binary_internal::MulFunctor<float> > >(at::TensorIteratorBase&, at::native::BinaryFunctor<float, float, float, at::native::binary_internal::MulFunctor<float> > const&)::{lambda(int, bool)#1})', 'stream': 0, 'count': 192, 'total_duration_us': np.float64(1649.109), 'mean_duration_us': np.float64(8.589109375), 'median_duration_us': np.float64(8.5795), 'std_dev_duration_us': np.float64(0.9125587843597306), 'min_duration_us': np.float64(6.839), 'max_duration_us': np.float64(12.4)}]","[{'name': 'void at::native::elementwise_kernel_manual_unroll<128, 4, at::na...', 'stream': 0, 'mean_duration_us': np.float64(8.59)}]",0.01385844984865768,99.41491176599628
aten::linalg_vector_norm,reduce,python,CPU,thread 166796 (pt_autograd_0),"((51523456,), (), (), (), ())","('float', 'Scalar', '', 'Scalar', '')","((1,), (), (), (), ())","('', '2', '', 'False', '')",1,23,64.75280230978261,64.3203125,1.4388026582475006,62.51953125,67.919921875,1489.314453125,289625,"[{'name': 'void at::native::reduce_kernel<512, 1, at::native::ReduceOp<float, at::native::NormTwoOps<float, float, float>, unsigned int, float, 4, 4> >(at::native::ReduceOp<float, at::native::NormTwoOps<float, float, float>, unsigned int, float, 4, 4>)', 'stream': 0, 'count': 23, 'total_duration_us': np.float64(1489.315), 'mean_duration_us': np.float64(64.75282608695652), 'median_duration_us': np.float64(64.32), 'std_dev_duration_us': np.float64(1.407133708679484), 'min_duration_us': np.float64(62.52), 'max_duration_us': np.float64(67.92)}]","[{'name': 'void at::native::reduce_kernel<512, 1, at::native::ReduceOp<floa...', 'stream': 0, 'mean_duration_us': np.float64(64.75)}]",0.012515746025443832,99.42742751202172
aten::copy_,elementwise,python,CPU,thread 166178 (python),"((32, 32768), (32, 32768), ())","('c10::BFloat16', 'c10::BFloat16', 'Scalar')","((32768, 1), (1, 32), ())","('', '', 'False')",1,192,7.739959716796875,7.71875,0.23062458434868743,7.0390625,8.478515625,1486.072265625,538,"[{'name': 'void at::native::elementwise_kernel_manual_unroll<128, 8, at::native::gpu_kernel_impl_nocast<at::native::direct_copy_kernel_cuda(at::TensorIteratorBase&)::{lambda()#3}::operator()() const::{lambda()#12}::operator()() const::{lambda(c10::BFloat16)#1}>(at::TensorIteratorBase&, at::native::direct_copy_kernel_cuda(at::TensorIteratorBase&)::{lambda()#3}::operator()() const::{lambda()#12}::operator()() const::{lambda(c10::BFloat16)#1} const&)::{lambda(int, bool)#1}>(int, at::native::gpu_kernel_impl_nocast<at::native::direct_copy_kernel_cuda(at::TensorIteratorBase&)::{lambda()#3}::operator()() const::{lambda()#12}::operator()() const::{lambda(c10::BFloat16)#1}>(at::TensorIteratorBase&, at::native::direct_copy_kernel_cuda(at::TensorIteratorBase&)::{lambda()#3}::operator()() const::{lambda()#12}::operator()() const::{lambda(c10::BFloat16)#1} const&)::{lambda(int, bool)#1})', 'stream': 0, 'count': 192, 'total_duration_us': np.float64(1486.098), 'mean_duration_us': np.float64(7.74009375), 'median_duration_us': np.float64(7.719), 'std_dev_duration_us': np.float64(0.22998392507797322), 'min_duration_us': np.float64(7.039), 'max_duration_us': np.float64(8.479)}]","[{'name': 'void at::native::elementwise_kernel_manual_unroll<128, 8, at::na...', 'stream': 0, 'mean_duration_us': np.float64(7.74)}]",0.01248849966707289,99.4399160116888
aten::copy_,UnaryElementwise,python,CPU,thread 166178 (python),"((8,), (8,), ())","('long int', 'long int', 'Scalar')","((1,), (1,), ())","('', '', 'True')",1,384,3.7929840087890625,3.71875,0.26196317563250965,3.478515625,6.119140625,1456.505859375,461,"[{'name': 'Memcpy DtoD (Device -> Device)', 'stream': 12, 'count': 384, 'total_duration_us': np.float64(1456.584), 'mean_duration_us': np.float64(3.7931875), 'median_duration_us': np.float64(3.719), 'std_dev_duration_us': np.float64(0.26147415871761276), 'min_duration_us': np.float64(3.479), 'max_duration_us': np.float64(6.119)}]","[{'name': 'Memcpy DtoD (Device -> Device)', 'stream': 12, 'mean_duration_us': np.float64(3.79)}]",0.012240032574892569,99.45215604426369
aten::normal_,elementwise,python,CPU,thread 166178 (python),"((4096, 8, 32), (), (), ())","('c10::BFloat16', 'Scalar', 'Scalar', '')","((256, 32, 1), (), (), ())","('', '0.', '1.', '')",1,192,7.4424285888671875,7.439453125,0.19737750206932286,6.71875,7.9189453125,1428.9462890625,253,"[{'name': 'void at::native::(anonymous namespace)::distribution_elementwise_grid_stride_kernel<float, 4, at::native::templates::cuda::normal_and_transform<c10::BFloat16, float, at::CUDAGeneratorImpl*, at::native::templates::cuda::normal_kernel<at::CUDAGeneratorImpl*>(at::TensorBase const&, double, double, at::CUDAGeneratorImpl*)::{lambda()#1}::operator()() const::{lambda()#4}::operator()() const::{lambda(float)#1}>(at::TensorIteratorBase&, at::CUDAGeneratorImpl*, at::native::templates::cuda::normal_kernel<at::CUDAGeneratorImpl*>(at::TensorBase const&, double, double, at::CUDAGeneratorImpl*)::{lambda()#1}::operator()() const::{lambda()#4}::operator()() const::{lambda(float)#1})::{lambda(hiprandStatePhilox4_32_10*)#2}, at::native::(anonymous namespace)::distribution_nullary_kernel<c10::BFloat16, float, HIP_vector_type<float, 4u>, at::CUDAGeneratorImpl*, at::native::templates::cuda::normal_and_transform<c10::BFloat16, float, at::CUDAGeneratorImpl*, at::native::templates::cuda::normal_kernel<at::CUDAGeneratorImpl*>(at::TensorBase const&, double, double, at::CUDAGeneratorImpl*)::{lambda()#1}::operator()() const::{lambda()#4}::operator()() const::{lambda(float)#1}>(at::TensorIteratorBase&, at::CUDAGeneratorImpl*, at::native::templates::cuda::normal_kernel<at::CUDAGeneratorImpl*>(at::TensorBase const&, double, double, at::CUDAGeneratorImpl*)::{lambda()#1}::operator()() const::{lambda()#4}::operator()() const::{lambda(float)#1})::{lambda(hiprandStatePhilox4_32_10*)#2}, at::native::templates::cuda::normal_kernel<at::CUDAGeneratorImpl*>(at::TensorBase const&, double, double, at::CUDAGeneratorImpl*)::{lambda()#1}::operator()() const::{lambda()#4}::operator()() const::{lambda(float)#1}>(at::TensorIteratorBase&, at::CUDAGeneratorImpl*, at::native::templates::cuda::normal_and_transform<c10::BFloat16, float, at::CUDAGeneratorImpl*, at::native::templates::cuda::normal_kernel<at::CUDAGeneratorImpl*>(at::TensorBase const&, double, double, at::CUDAGeneratorImpl*)::{lambda()#1}::operator()() const::{lambda()#4}::operator()() const::{lambda(float)#1}>(at::TensorIteratorBase&, at::CUDAGeneratorImpl*, at::native::templates::cuda::normal_kernel<at::CUDAGeneratorImpl*>(at::TensorBase const&, double, double, at::CUDAGeneratorImpl*)::{lambda()#1}::operator()() const::{lambda()#4}::operator()() const::{lambda(float)#1})::{lambda(hiprandStatePhilox4_32_10*)#2} const&, at::native::templates::cuda::normal_kernel<at::CUDAGeneratorImpl*>(at::TensorBase const&, double, double, at::CUDAGeneratorImpl*)::{lambda()#1}::operator()() const::{lambda()#4}::operator()() const::{lambda(float)#1})::{lambda(int, float)#1}>(long, at::PhiloxCudaState, at::native::templates::cuda::normal_and_transform<c10::BFloat16, float, at::CUDAGeneratorImpl*, at::native::templates::cuda::normal_kernel<at::CUDAGeneratorImpl*>(at::TensorBase const&, double, double, at::CUDAGeneratorImpl*)::{lambda()#1}::operator()() const::{lambda()#4}::operator()() const::{lambda(float)#1}>(at::TensorIteratorBase&, at::CUDAGeneratorImpl*, at::native::templates::cuda::normal_kernel<at::CUDAGeneratorImpl*>(at::TensorBase const&, double, double, at::CUDAGeneratorImpl*)::{lambda()#1}::operator()() const::{lambda()#4}::operator()() const::{lambda(float)#1})::{lambda(hiprandStatePhilox4_32_10*)#2}, at::native::(anonymous namespace)::distribution_nullary_kernel<c10::BFloat16, float, HIP_vector_type<float, 4u>, at::CUDAGeneratorImpl*, at::native::templates::cuda::normal_and_transform<c10::BFloat16, float, at::CUDAGeneratorImpl*, at::native::templates::cuda::normal_kernel<at::CUDAGeneratorImpl*>(at::TensorBase const&, double, double, at::CUDAGeneratorImpl*)::{lambda()#1}::operator()() const::{lambda()#4}::operator()() const::{lambda(float)#1}>(at::TensorIteratorBase&, at::CUDAGeneratorImpl*, at::native::templates::cuda::normal_kernel<at::CUDAGeneratorImpl*>(at::TensorBase const&, double, double, at::CUDAGeneratorImpl*)::{lambda()#1}::operator()() const::{lambda()#4}::operator()() const::{lambda(float)#1})::{lambda(hiprandStatePhilox4_32_10*)#2}, at::native::templates::cuda::normal_kernel<at::CUDAGeneratorImpl*>(at::TensorBase const&, double, double, at::CUDAGeneratorImpl*)::{lambda()#1}::operator()() const::{lambda()#4}::operator()() const::{lambda(float)#1}>(at::TensorIteratorBase&, at::CUDAGeneratorImpl*, at::native::templates::cuda::normal_and_transform<c10::BFloat16, float, at::CUDAGeneratorImpl*, at::native::templates::cuda::normal_kernel<at::CUDAGeneratorImpl*>(at::TensorBase const&, double, double, at::CUDAGeneratorImpl*)::{lambda()#1}::operator()() const::{lambda()#4}::operator()() const::{lambda(float)#1}>(at::TensorIteratorBase&, at::CUDAGeneratorImpl*, at::native::templates::cuda::normal_kernel<at::CUDAGeneratorImpl*>(at::TensorBase const&, double, double, at::CUDAGeneratorImpl*)::{lambda()#1}::operator()() const::{lambda()#4}::operator()() const::{lambda(float)#1})::{lambda(hiprandStatePhilox4_32_10*)#2} const&, at::native::templates::cuda::normal_kernel<at::CUDAGeneratorImpl*>(at::TensorBase const&, double, double, at::CUDAGeneratorImpl*)::{lambda()#1}::operator()() const::{lambda()#4}::operator()() const::{lambda(float)#1})::{lambda(int, float)#1})', 'stream': 0, 'count': 192, 'total_duration_us': np.float64(1428.9389999999999), 'mean_duration_us': np.float64(7.442390624999999), 'median_duration_us': np.float64(7.439), 'std_dev_duration_us': np.float64(0.19704435444955726), 'min_duration_us': np.float64(6.719), 'max_duration_us': np.float64(7.919)}]","[{'name': 'void at::native::(anonymous namespace)::distribution_elementwise...', 'stream': 0, 'mean_duration_us': np.float64(7.44)}]",0.012008430322005104,99.46416447458569
aten::sum,reduce,python,CPU,thread 166796 (pt_autograd_0),"((1,), (), (), ())","('float', 'ScalarList', 'Scalar', '')","((1,), (), (), ())","('', '[]', 'False', '')",1,200,7.053828125,6.9189453125,1.655789885291346,3.6787109375,14.2392578125,1410.765625,137994,"[{'name': 'void at::native::reduce_kernel<512, 1, at::native::ReduceOp<float, at::native::func_wrapper_t<float, at::native::sum_functor<float, float, float>::operator()(at::TensorIterator&)::{lambda(float, float)#1}>, unsigned int, float, 4, 4> >(at::native::ReduceOp<float, at::native::func_wrapper_t<float, at::native::sum_functor<float, float, float>::operator()(at::TensorIterator&)::{lambda(float, float)#1}>, unsigned int, float, 4, 4>)', 'stream': 0, 'count': 200, 'total_duration_us': np.float64(1410.779), 'mean_duration_us': np.float64(7.053895), 'median_duration_us': np.float64(6.919), 'std_dev_duration_us': np.float64(1.6516709823614992), 'min_duration_us': np.float64(3.679), 'max_duration_us': np.float64(14.239)}]","[{'name': 'void at::native::reduce_kernel<512, 1, at::native::ReduceOp<floa...', 'stream': 0, 'mean_duration_us': np.float64(7.05)}]",0.011855645546766597,99.47602012013245
aten::fill_,elementwise,python,CPU,thread 166178 (python),"((2388787200,), ())","('float', 'Scalar')","((1,), ())","('', '0')",8,1,1397.724609375,1397.724609375,,1397.724609375,1397.724609375,1397.724609375,4,"[{'name': 'void at::native::vectorized_elementwise_kernel<4, at::native::FillFunctor<float>, std::array<char*, 1ul> >(int, at::native::FillFunctor<float>, std::array<char*, 1ul>)', 'stream': 0, 'count': 1, 'total_duration_us': np.float64(177.12), 'mean_duration_us': np.float64(177.12), 'median_duration_us': np.float64(177.12), 'std_dev_duration_us': np.float64(0.0), 'min_duration_us': np.float64(177.12), 'max_duration_us': np.float64(177.12)}, {'name': 'void at::native::vectorized_elementwise_kernel<4, at::native::FillFunctor<float>, std::array<char*, 1ul> >(int, at::native::FillFunctor<float>, std::array<char*, 1ul>)', 'stream': 0, 'count': 1, 'total_duration_us': np.float64(169.601), 'mean_duration_us': np.float64(169.601), 'median_duration_us': np.float64(169.601), 'std_dev_duration_us': np.float64(0.0), 'min_duration_us': np.float64(169.601), 'max_duration_us': np.float64(169.601)}, {'name': 'void at::native::vectorized_elementwise_kernel<4, at::native::FillFunctor<float>, std::array<char*, 1ul> >(int, at::native::FillFunctor<float>, std::array<char*, 1ul>)', 'stream': 0, 'count': 1, 'total_duration_us': np.float64(176.201), 'mean_duration_us': np.float64(176.201), 'median_duration_us': np.float64(176.201), 'std_dev_duration_us': np.float64(0.0), 'min_duration_us': np.float64(176.201), 'max_duration_us': np.float64(176.201)}, {'name': 'void at::native::vectorized_elementwise_kernel<4, at::native::FillFunctor<float>, std::array<char*, 1ul> >(int, at::native::FillFunctor<float>, std::array<char*, 1ul>)', 'stream': 0, 'count': 1, 'total_duration_us': np.float64(174.88), 'mean_duration_us': np.float64(174.88), 'median_duration_us': np.float64(174.88), 'std_dev_duration_us': np.float64(0.0), 'min_duration_us': np.float64(174.88), 'max_duration_us': np.float64(174.88)}, {'name': 'void at::native::vectorized_elementwise_kernel<4, at::native::FillFunctor<float>, std::array<char*, 1ul> >(int, at::native::FillFunctor<float>, std::array<char*, 1ul>)', 'stream': 0, 'count': 1, 'total_duration_us': np.float64(175.001), 'mean_duration_us': np.float64(175.001), 'median_duration_us': np.float64(175.001), 'std_dev_duration_us': np.float64(0.0), 'min_duration_us': np.float64(175.001), 'max_duration_us': np.float64(175.001)}, {'name': 'void at::native::vectorized_elementwise_kernel<4, at::native::FillFunctor<float>, std::array<char*, 1ul> >(int, at::native::FillFunctor<float>, std::array<char*, 1ul>)', 'stream': 0, 'count': 1, 'total_duration_us': np.float64(173.0), 'mean_duration_us': np.float64(173.0), 'median_duration_us': np.float64(173.0), 'std_dev_duration_us': np.float64(0.0), 'min_duration_us': np.float64(173.0), 'max_duration_us': np.float64(173.0)}, {'name': 'void at::native::vectorized_elementwise_kernel<4, at::native::FillFunctor<float>, std::array<char*, 1ul> >(int, at::native::FillFunctor<float>, std::array<char*, 1ul>)', 'stream': 0, 'count': 1, 'total_duration_us': np.float64(174.001), 'mean_duration_us': np.float64(174.001), 'median_duration_us': np.float64(174.001), 'std_dev_duration_us': np.float64(0.0), 'min_duration_us': np.float64(174.001), 'max_duration_us': np.float64(174.001)}, {'name': 'void at::native::vectorized_elementwise_kernel<4, at::native::FillFunctor<float>, std::array<char*, 1ul> >(int, at::native::FillFunctor<float>, std::array<char*, 1ul>)', 'stream': 0, 'count': 1, 'total_duration_us': np.float64(177.921), 'mean_duration_us': np.float64(177.921), 'median_duration_us': np.float64(177.921), 'std_dev_duration_us': np.float64(0.0), 'min_duration_us': np.float64(177.921), 'max_duration_us': np.float64(177.921)}]","[{'name': 'void at::native::vectorized_elementwise_kernel<4, at::native::Fi...', 'stream': 0, 'mean_duration_us': np.float64(177.12)}, {'name': 'void at::native::vectorized_elementwise_kernel<4, at::native::Fi...', 'stream': 0, 'mean_duration_us': np.float64(169.6)}, {'name': 'void at::native::vectorized_elementwise_kernel<4, at::native::Fi...', 'stream': 0, 'mean_duration_us': np.float64(176.2)}, {'name': 'void at::native::vectorized_elementwise_kernel<4, at::native::Fi...', 'stream': 0, 'mean_duration_us': np.float64(174.88)}, {'name': 'void at::native::vectorized_elementwise_kernel<4, at::native::Fi...', 'stream': 0, 'mean_duration_us': np.float64(175.0)}, {'name': 'void at::native::vectorized_elementwise_kernel<4, at::native::Fi...', 'stream': 0, 'mean_duration_us': np.float64(173.0)}, {'name': 'void at::native::vectorized_elementwise_kernel<4, at::native::Fi...', 'stream': 0, 'mean_duration_us': np.float64(174.0)}, {'name': 'void at::native::vectorized_elementwise_kernel<4, at::native::Fi...', 'stream': 0, 'mean_duration_us': np.float64(177.92)}]",0.011746052814933593,99.48776617294737
aten::_index_put_impl_,elementwise,python,CPU,thread 166178 (python),"((32768, 32), (), (1,), (), ())","('bool', '', 'bool', 'Scalar', 'Scalar')","((32, 1), (), (1,), (), ())","('', '', '', 'False', 'False')",1,192,7.274922688802083,7.2392578125,1.0033051955537697,6.19921875,15.7587890625,1396.78515625,404,"[{'name': 'void at::native::index_elementwise_kernel<128, 4, at::native::gpu_index_kernel<at::native::index_put_kernel_impl<at::native::OpaqueType<1> >(at::TensorIterator&, c10::ArrayRef<long>, c10::ArrayRef<long>)::{lambda(char*, char const*, long)#1}>(at::TensorIteratorBase&, c10::ArrayRef<long>, c10::ArrayRef<long>, at::native::index_put_kernel_impl<at::native::OpaqueType<1> >(at::TensorIterator&, c10::ArrayRef<long>, c10::ArrayRef<long>)::{lambda(char*, char const*, long)#1} const&, bool)::{lambda(int)#1}>(long, at::native::gpu_index_kernel<at::native::index_put_kernel_impl<at::native::OpaqueType<1> >(at::TensorIterator&, c10::ArrayRef<long>, c10::ArrayRef<long>)::{lambda(char*, char const*, long)#1}>(at::TensorIteratorBase&, c10::ArrayRef<long>, c10::ArrayRef<long>, at::native::index_put_kernel_impl<at::native::OpaqueType<1> >(at::TensorIterator&, c10::ArrayRef<long>, c10::ArrayRef<long>)::{lambda(char*, char const*, long)#1} const&, bool)::{lambda(int)#1})', 'stream': 0, 'count': 192, 'total_duration_us': np.float64(1396.7749999999999), 'mean_duration_us': np.float64(7.274869791666666), 'median_duration_us': np.float64(7.239), 'std_dev_duration_us': np.float64(1.0007251843059228), 'min_duration_us': np.float64(6.199), 'max_duration_us': np.float64(15.759)}]","[{'name': 'void at::native::index_elementwise_kernel<128, 4, at::native::gp...', 'stream': 0, 'mean_duration_us': np.float64(7.27)}]",0.011738157936393578,99.49950433088377
aten::fill_,elementwise,python,CPU,thread 166796 (pt_autograd_0),"((8, 64, 4096), ())","('float', 'Scalar')","((262144, 4096, 1), ())","('', '0')",1,192,7.209737141927083,6.5986328125,1.6592995591615618,5.2392578125,11.5185546875,1384.26953125,138838,"[{'name': 'void at::native::vectorized_elementwise_kernel<4, at::native::FillFunctor<float>, std::array<char*, 1ul> >(int, at::native::FillFunctor<float>, std::array<char*, 1ul>)', 'stream': 0, 'count': 192, 'total_duration_us': np.float64(1384.2620000000002), 'mean_duration_us': np.float64(7.209697916666667), 'median_duration_us': np.float64(6.599), 'std_dev_duration_us': np.float64(1.6550028330778348), 'min_duration_us': np.float64(5.239), 'max_duration_us': np.float64(11.519)}]","[{'name': 'void at::native::vectorized_elementwise_kernel<4, at::native::Fi...', 'stream': 0, 'mean_duration_us': np.float64(7.21)}]",0.01163298042769418,99.51113731131146
aten::masked_select,elementwise,python,CPU,thread 166178 (python),"((32, 32768), (32, 32768))","('long int', 'bool')","((0, 1), (32768, 1))","('', '')",1,192,7.176127115885417,6.958984375,2.0606444755277646,6.359375,34.19921875,1377.81640625,510,"[{'name': 'void at::native::index_elementwise_kernel<128, 4, at::native::gpu_index_kernel<at::native::index_kernel_impl<at::native::OpaqueType<8> >(at::TensorIteratorBase&, c10::ArrayRef<long>, c10::ArrayRef<long>)::{lambda(char*, char const*, long)#1}>(at::TensorIteratorBase&, c10::ArrayRef<long>, c10::ArrayRef<long>, at::native::index_kernel_impl<at::native::OpaqueType<8> >(at::TensorIteratorBase&, c10::ArrayRef<long>, c10::ArrayRef<long>)::{lambda(char*, char const*, long)#1} const&, bool)::{lambda(int)#1}>(long, at::native::gpu_index_kernel<at::native::index_kernel_impl<at::native::OpaqueType<8> >(at::TensorIteratorBase&, c10::ArrayRef<long>, c10::ArrayRef<long>)::{lambda(char*, char const*, long)#1}>(at::TensorIteratorBase&, c10::ArrayRef<long>, c10::ArrayRef<long>, at::native::index_kernel_impl<at::native::OpaqueType<8> >(at::TensorIteratorBase&, c10::ArrayRef<long>, c10::ArrayRef<long>)::{lambda(char*, char const*, long)#1} const&, bool)::{lambda(int)#1})', 'stream': 0, 'count': 192, 'total_duration_us': np.float64(1377.8200000000002), 'mean_duration_us': np.float64(7.176145833333334), 'median_duration_us': np.float64(6.959), 'std_dev_duration_us': np.float64(2.0552369691998953), 'min_duration_us': np.float64(6.359), 'max_duration_us': np.float64(34.199)}]","[{'name': 'void at::native::index_elementwise_kernel<128, 4, at::native::gp...', 'stream': 0, 'mean_duration_us': np.float64(7.18)}]",0.011578750326454664,99.52271606163791
aten::mul_,elementwise,python,CPU,thread 166796 (pt_autograd_0),"((51523456,), ())","('float', 'double')","((1,), ())","('', '')",1,23,59.40272588315217,59.478515625,1.1751414414624655,56.7998046875,61.439453125,1366.2626953125,289641,"[{'name': 'void at::native::vectorized_elementwise_kernel<4, at::native::AUnaryFunctor<float, float, float, at::native::binary_internal::MulFunctor<float> >, std::array<char*, 2ul> >(int, at::native::AUnaryFunctor<float, float, float, at::native::binary_internal::MulFunctor<float> >, std::array<char*, 2ul>)', 'stream': 0, 'count': 23, 'total_duration_us': np.float64(1366.263), 'mean_duration_us': np.float64(59.40273913043478), 'median_duration_us': np.float64(59.479), 'std_dev_duration_us': np.float64(1.1492637422882415), 'min_duration_us': np.float64(56.8), 'max_duration_us': np.float64(61.439)}]","[{'name': 'void at::native::vectorized_elementwise_kernel<4, at::native::AU...', 'stream': 0, 'mean_duration_us': np.float64(59.4)}]",0.011481656451187608,99.53419771808909
aten::add_,elementwise,python,CPU,thread 166796 (pt_autograd_0),"((32768, 32), (32768, 32), ())","('c10::BFloat16', 'c10::BFloat16', 'Scalar')","((32, 1), (32, 1), ())","('', '', '1')",1,192,6.9775339762369795,6.33935546875,1.870401215813767,4.279296875,11.478515625,1339.6865234375,138733,"[{'name': 'void at::native::vectorized_elementwise_kernel<8, at::native::CUDAFunctor_add<c10::BFloat16>, std::array<char*, 3ul> >(int, at::native::CUDAFunctor_add<c10::BFloat16>, std::array<char*, 3ul>)', 'stream': 0, 'count': 192, 'total_duration_us': np.float64(1339.702), 'mean_duration_us': np.float64(6.977614583333334), 'median_duration_us': np.float64(6.339), 'std_dev_duration_us': np.float64(1.8654750923569021), 'min_duration_us': np.float64(4.279), 'max_duration_us': np.float64(11.479)}]","[{'name': 'void at::native::vectorized_elementwise_kernel<8, at::native::CU...', 'stream': 0, 'mean_duration_us': np.float64(6.98)}]",0.011258318379890365,99.54545603646898
aten::fill_,elementwise,python,CPU,thread 166796 (pt_autograd_0),"((32768, 32), ())","('c10::BFloat16', 'Scalar')","((32, 1), ())","('', '0')",1,192,6.9544423421223955,6.17919921875,1.9689845141400766,4.3193359375,12.19921875,1335.2529296875,138710,"[{'name': 'void at::native::vectorized_elementwise_kernel<8, at::native::FillFunctor<c10::BFloat16>, std::array<char*, 1ul> >(int, at::native::FillFunctor<c10::BFloat16>, std::array<char*, 1ul>)', 'stream': 0, 'count': 192, 'total_duration_us': np.float64(1335.262), 'mean_duration_us': np.float64(6.954489583333333), 'median_duration_us': np.float64(6.179), 'std_dev_duration_us': np.float64(1.9637693718267493), 'min_duration_us': np.float64(4.319), 'max_duration_us': np.float64(12.199)}]","[{'name': 'void at::native::vectorized_elementwise_kernel<8, at::native::Fi...', 'stream': 0, 'mean_duration_us': np.float64(6.95)}]",0.011221059805491547,99.55667709627447
aten::fill_,elementwise,python,CPU,thread 166796 (pt_autograd_0),"((32, 32768), ())","('c10::BFloat16', 'Scalar')","((32768, 1), ())","('', '0')",1,192,6.9034372965494795,6.21923828125,2.00835972905987,4.119140625,11.87890625,1325.4599609375,138615,"[{'name': 'void at::native::vectorized_elementwise_kernel<8, at::native::FillFunctor<c10::BFloat16>, std::array<char*, 1ul> >(int, at::native::FillFunctor<c10::BFloat16>, std::array<char*, 1ul>)', 'stream': 0, 'count': 192, 'total_duration_us': np.float64(1325.463), 'mean_duration_us': np.float64(6.9034531249999995), 'median_duration_us': np.float64(6.218999999999999), 'std_dev_duration_us': np.float64(2.003122780261543), 'min_duration_us': np.float64(4.119), 'max_duration_us': np.float64(11.879)}]","[{'name': 'void at::native::vectorized_elementwise_kernel<8, at::native::Fi...', 'stream': 0, 'mean_duration_us': np.float64(6.9)}]",0.01113876267243618,99.5678158589469
aten::div,elementwise,python,CPU,thread 166796 (pt_autograd_0),"((), ())","('float', 'long int')","((), ())","('', '')",1,200,6.582216796875,6.119140625,2.0894180454382494,2.0791015625,14.798828125,1316.443359375,137999,"[{'name': 'void at::native::vectorized_elementwise_kernel<4, at::native::BUnaryFunctor<float, float, float, at::native::binary_internal::MulFunctor<float> >, std::array<char*, 2ul> >(int, at::native::BUnaryFunctor<float, float, float, at::native::binary_internal::MulFunctor<float> >, std::array<char*, 2ul>)', 'stream': 0, 'count': 200, 'total_duration_us': np.float64(1316.45), 'mean_duration_us': np.float64(6.58225), 'median_duration_us': np.float64(6.119), 'std_dev_duration_us': np.float64(2.0842658869491677), 'min_duration_us': np.float64(2.079), 'max_duration_us': np.float64(14.799)}]","[{'name': 'void at::native::vectorized_elementwise_kernel<4, at::native::BU...', 'stream': 0, 'mean_duration_us': np.float64(6.58)}]",0.011062989893267832,99.57887884884016
aten::scatter_,elementwise,python,CPU,thread 166796 (pt_autograd_0),"((32768, 32), (), (32768, 4), (32768, 4))","('c10::BFloat16', 'Scalar', 'long int', 'c10::BFloat16')","((32, 1), (), (4, 1), (4, 1))","('', '1', '', '')",1,192,6.831288655598958,6.21923828125,1.7770479262507644,4.3994140625,11.5185546875,1311.607421875,138711,"[{'name': 'void at::native::_scatter_gather_elementwise_kernel<256, 4, at::native::_cuda_scatter_gather_internal_kernel<true, at::native::OpaqueType<2>, long>::operator()<at::native::TensorAssign>(at::TensorIterator&, long, long, long, at::native::TensorAssign const&)::{lambda(int)#1}>(int, at::native::_cuda_scatter_gather_internal_kernel<true, at::native::OpaqueType<2>, long>::operator()<at::native::TensorAssign>(at::TensorIterator&, long, long, long, at::native::TensorAssign const&)::{lambda(int)#1})', 'stream': 0, 'count': 192, 'total_duration_us': np.float64(1311.62), 'mean_duration_us': np.float64(6.831354166666666), 'median_duration_us': np.float64(6.218999999999999), 'std_dev_duration_us': np.float64(1.7723308392432373), 'min_duration_us': np.float64(4.399), 'max_duration_us': np.float64(11.519)}]","[{'name': 'void at::native::_scatter_gather_elementwise_kernel<256, 4, at::...', 'stream': 0, 'mean_duration_us': np.float64(6.83)}]",0.011022350144275992,99.58990119898444
aten::mul,elementwise,python,CPU,thread 166796 (pt_autograd_0),"((), (1,))","('float', 'float')","((), (1,))","('', '')",1,192,6.8207143147786455,6.13916015625,2.0047382086719843,3.9189453125,14.119140625,1309.5771484375,138644,"[{'name': 'void at::native::vectorized_elementwise_kernel<4, at::native::BinaryFunctor<float, float, float, at::native::binary_internal::MulFunctor<float> >, std::array<char*, 3ul> >(int, at::native::BinaryFunctor<float, float, float, at::native::binary_internal::MulFunctor<float> >, std::array<char*, 3ul>)', 'stream': 0, 'count': 192, 'total_duration_us': np.float64(1309.577), 'mean_duration_us': np.float64(6.820713541666667), 'median_duration_us': np.float64(6.138999999999999), 'std_dev_duration_us': np.float64(1.999522397719838), 'min_duration_us': np.float64(3.919), 'max_duration_us': np.float64(14.119)}]","[{'name': 'void at::native::vectorized_elementwise_kernel<4, at::native::Bi...', 'stream': 0, 'mean_duration_us': np.float64(6.82)}]",0.011005288343356356,99.60090648732779
aten::copy_,elementwise,python,CPU,thread 166796 (pt_autograd_0),"((32768, 32), (32768, 32), ())","('float', 'c10::BFloat16', 'Scalar')","((32, 1), (32, 1), ())","('', '', 'False')",1,192,6.7888031005859375,6.21923828125,1.802324008204799,4.439453125,11.5185546875,1303.4501953125,138720,"[{'name': 'void at::native::vectorized_elementwise_kernel<4, at::native::bfloat16tofloat32_copy_kernel_cuda(at::TensorIteratorBase&)::{lambda(c10::BFloat16)#1}, std::array<char*, 2ul> >(int, at::native::bfloat16tofloat32_copy_kernel_cuda(at::TensorIteratorBase&)::{lambda(c10::BFloat16)#1}, std::array<char*, 2ul>)', 'stream': 0, 'count': 192, 'total_duration_us': np.float64(1303.466), 'mean_duration_us': np.float64(6.788885416666666), 'median_duration_us': np.float64(6.218999999999999), 'std_dev_duration_us': np.float64(1.7975970874904066), 'min_duration_us': np.float64(4.439), 'max_duration_us': np.float64(11.519)}]","[{'name': 'void at::native::vectorized_elementwise_kernel<4, at::native::bf...', 'stream': 0, 'mean_duration_us': np.float64(6.79)}]",0.010953799291422832,99.61186028661922
aten::copy_,elementwise,python,CPU,thread 166796 (pt_autograd_0),"((4096, 256), (4096, 256), ())","('float', 'float', 'Scalar')","((256, 1), (0, 1), ())","('', '', 'False')",1,192,6.781504313151042,6.279296875,1.6878523488952957,4.439453125,11.8388671875,1302.048828125,138679,"[{'name': 'void at::native::elementwise_kernel_manual_unroll<128, 4, at::native::gpu_kernel_impl_nocast<at::native::direct_copy_kernel_cuda(at::TensorIteratorBase&)::{lambda()#3}::operator()() const::{lambda()#7}::operator()() const::{lambda(float)#1}>(at::TensorIteratorBase&, at::native::direct_copy_kernel_cuda(at::TensorIteratorBase&)::{lambda()#3}::operator()() const::{lambda()#7}::operator()() const::{lambda(float)#1} const&)::{lambda(int, bool)#1}>(int, at::native::gpu_kernel_impl_nocast<at::native::direct_copy_kernel_cuda(at::TensorIteratorBase&)::{lambda()#3}::operator()() const::{lambda()#7}::operator()() const::{lambda(float)#1}>(at::TensorIteratorBase&, at::native::direct_copy_kernel_cuda(at::TensorIteratorBase&)::{lambda()#3}::operator()() const::{lambda()#7}::operator()() const::{lambda(float)#1} const&)::{lambda(int, bool)#1})', 'stream': 0, 'count': 192, 'total_duration_us': np.float64(1302.063), 'mean_duration_us': np.float64(6.781578125), 'median_duration_us': np.float64(6.279), 'std_dev_duration_us': np.float64(1.6833980683119736), 'min_duration_us': np.float64(4.439), 'max_duration_us': np.float64(11.839)}]","[{'name': 'void at::native::elementwise_kernel_manual_unroll<128, 4, at::na...', 'stream': 0, 'mean_duration_us': np.float64(6.78)}]",0.010942022627488404,99.62280230924671
aten::copy_,elementwise,python,CPU,thread 166796 (pt_autograd_0),"((64,), (64,), ())","('c10::BFloat16', 'float', 'Scalar')","((1,), (1,), ())","('', '', 'False')",1,192,6.777394612630208,6.2392578125,1.8360795125521054,3.9990234375,11.3994140625,1301.259765625,138845,"[{'name': 'void at::native::vectorized_elementwise_kernel<4, at::native::bfloat16_copy_kernel_cuda(at::TensorIteratorBase&)::{lambda(float)#1}, std::array<char*, 2ul> >(int, at::native::bfloat16_copy_kernel_cuda(at::TensorIteratorBase&)::{lambda(float)#1}, std::array<char*, 2ul>)', 'stream': 0, 'count': 192, 'total_duration_us': np.float64(1301.2599999999998), 'mean_duration_us': np.float64(6.777395833333332), 'median_duration_us': np.float64(6.239), 'std_dev_duration_us': np.float64(1.8313516153784628), 'min_duration_us': np.float64(3.999), 'max_duration_us': np.float64(11.399)}]","[{'name': 'void at::native::vectorized_elementwise_kernel<4, at::native::bf...', 'stream': 0, 'mean_duration_us': np.float64(6.78)}]",0.010935391586053549,99.63373770083277
aten::fill_,elementwise,python,CPU,thread 166796 (pt_autograd_0),"((), ())","('float', 'Scalar')","((), ())","('', '1.')",1,192,6.710215250651042,6.17919921875,1.9022210379031028,3.87890625,14.19921875,1288.361328125,138643,"[{'name': 'void at::native::vectorized_elementwise_kernel<4, at::native::FillFunctor<float>, std::array<char*, 1ul> >(int, at::native::FillFunctor<float>, std::array<char*, 1ul>)', 'stream': 0, 'count': 192, 'total_duration_us': np.float64(1288.375), 'mean_duration_us': np.float64(6.710286458333333), 'median_duration_us': np.float64(6.179), 'std_dev_duration_us': np.float64(1.8973030053165703), 'min_duration_us': np.float64(3.879), 'max_duration_us': np.float64(14.199)}]","[{'name': 'void at::native::vectorized_elementwise_kernel<4, at::native::Fi...', 'stream': 0, 'mean_duration_us': np.float64(6.71)}]",0.01082699703745011,99.64456469787022
aten::fill_,elementwise,python,CPU,thread 166796 (pt_autograd_0),"((64,), ())","('float', 'Scalar')","((1,), ())","('', '0')",1,192,6.6831614176432295,6.05908203125,1.9687549370924882,3.8388671875,14.1591796875,1283.1669921875,138816,"[{'name': 'void at::native::vectorized_elementwise_kernel<4, at::native::FillFunctor<float>, std::array<char*, 1ul> >(int, at::native::FillFunctor<float>, std::array<char*, 1ul>)', 'stream': 0, 'count': 192, 'total_duration_us': np.float64(1283.1770000000001), 'mean_duration_us': np.float64(6.683213541666667), 'median_duration_us': np.float64(6.058999999999999), 'std_dev_duration_us': np.float64(1.9636465337754374), 'min_duration_us': np.float64(3.839), 'max_duration_us': np.float64(14.159)}]","[{'name': 'void at::native::vectorized_elementwise_kernel<4, at::native::Fi...', 'stream': 0, 'mean_duration_us': np.float64(6.68)}]",0.010783345416915458,99.65534804328713
aten::masked_select,elementwise,python,CPU,thread 166178 (python),"((32, 32768), (32, 32768))","('c10::BFloat16', 'bool')","((32768, 1), (32768, 1))","('', '')",1,192,6.6540476481119795,6.638671875,0.30525887485244396,5.7587890625,7.439453125,1277.5771484375,539,"[{'name': 'void at::native::index_elementwise_kernel<128, 4, at::native::gpu_index_kernel<at::native::index_kernel_impl<at::native::OpaqueType<2> >(at::TensorIteratorBase&, c10::ArrayRef<long>, c10::ArrayRef<long>)::{lambda(char*, char const*, long)#1}>(at::TensorIteratorBase&, c10::ArrayRef<long>, c10::ArrayRef<long>, at::native::index_kernel_impl<at::native::OpaqueType<2> >(at::TensorIteratorBase&, c10::ArrayRef<long>, c10::ArrayRef<long>)::{lambda(char*, char const*, long)#1} const&, bool)::{lambda(int)#1}>(long, at::native::gpu_index_kernel<at::native::index_kernel_impl<at::native::OpaqueType<2> >(at::TensorIteratorBase&, c10::ArrayRef<long>, c10::ArrayRef<long>)::{lambda(char*, char const*, long)#1}>(at::TensorIteratorBase&, c10::ArrayRef<long>, c10::ArrayRef<long>, at::native::index_kernel_impl<at::native::OpaqueType<2> >(at::TensorIteratorBase&, c10::ArrayRef<long>, c10::ArrayRef<long>)::{lambda(char*, char const*, long)#1} const&, bool)::{lambda(int)#1})', 'stream': 0, 'count': 192, 'total_duration_us': np.float64(1277.5839999999998), 'mean_duration_us': np.float64(6.6540833333333325), 'median_duration_us': np.float64(6.639), 'std_dev_duration_us': np.float64(0.3044956098023235), 'min_duration_us': np.float64(5.759), 'max_duration_us': np.float64(7.439)}]","[{'name': 'void at::native::index_elementwise_kernel<128, 4, at::native::gp...', 'stream': 0, 'mean_duration_us': np.float64(6.65)}]",0.010736370068928929,99.66608441335606
aten::mul,elementwise,python,CPU,thread 166796 (pt_autograd_0),"((), ())","('float', 'double')","((), ())","('', '')",1,192,6.6398468017578125,5.958984375,1.8551837369231723,3.9189453125,11.5185546875,1274.8505859375,138655,"[{'name': 'void at::native::vectorized_elementwise_kernel<4, at::native::AUnaryFunctor<float, float, float, at::native::binary_internal::MulFunctor<float> >, std::array<char*, 2ul> >(int, at::native::AUnaryFunctor<float, float, float, at::native::binary_internal::MulFunctor<float> >, std::array<char*, 2ul>)', 'stream': 0, 'count': 192, 'total_duration_us': np.float64(1274.856), 'mean_duration_us': np.float64(6.639875), 'median_duration_us': np.float64(5.959), 'std_dev_duration_us': np.float64(1.8503901911151064), 'min_duration_us': np.float64(3.919), 'max_duration_us': np.float64(11.519)}]","[{'name': 'void at::native::vectorized_elementwise_kernel<4, at::native::AU...', 'stream': 0, 'mean_duration_us': np.float64(6.64)}]",0.0107134568663471,99.6767978702224
aten::mul,elementwise,python,CPU,thread 166796 (pt_autograd_0),"((32768, 4), ())","('c10::BFloat16', 'double')","((4, 1), ())","('', '')",1,192,6.639007568359375,6.0390625,1.8014790902277866,3.958984375,11.8388671875,1274.689453125,138702,"[{'name': 'void at::native::vectorized_elementwise_kernel<8, at::native::AUnaryFunctor<c10::BFloat16, c10::BFloat16, c10::BFloat16, at::native::binary_internal::MulFunctor<float> >, std::array<char*, 2ul> >(int, at::native::AUnaryFunctor<c10::BFloat16, c10::BFloat16, c10::BFloat16, at::native::binary_internal::MulFunctor<float> >, std::array<char*, 2ul>)', 'stream': 0, 'count': 192, 'total_duration_us': np.float64(1274.6970000000001), 'mean_duration_us': np.float64(6.639046875000001), 'median_duration_us': np.float64(6.039), 'std_dev_duration_us': np.float64(1.796851541264442), 'min_duration_us': np.float64(3.959), 'max_duration_us': np.float64(11.839)}]","[{'name': 'void at::native::vectorized_elementwise_kernel<8, at::native::AU...', 'stream': 0, 'mean_duration_us': np.float64(6.64)}]",0.010712102755163001,99.68750997297757
aten::sum,reduce,python,CPU,thread 166178 (python),"((8, 4), (), (), ())","('long int', 'ScalarList', 'Scalar', '')","((4, 1), (), (), ())","('', '[1]', 'False', '')",1,192,6.625905354817708,6.5986328125,0.5757622169041549,4.798828125,7.958984375,1272.173828125,421,"[{'name': 'void at::native::reduce_kernel<512, 1, at::native::ReduceOp<long, at::native::func_wrapper_t<long, at::native::sum_functor<long, long, long>::operator()(at::TensorIterator&)::{lambda(long, long)#1}>, unsigned int, long, 4, 4> >(at::native::ReduceOp<long, at::native::func_wrapper_t<long, at::native::sum_functor<long, long, long>::operator()(at::TensorIterator&)::{lambda(long, long)#1}>, unsigned int, long, 4, 4>)', 'stream': 0, 'count': 192, 'total_duration_us': np.float64(1272.173), 'mean_duration_us': np.float64(6.625901041666666), 'median_duration_us': np.float64(6.599), 'std_dev_duration_us': np.float64(0.5742662942099088), 'min_duration_us': np.float64(4.799), 'max_duration_us': np.float64(7.959)}]","[{'name': 'void at::native::reduce_kernel<512, 1, at::native::ReduceOp<long...', 'stream': 0, 'mean_duration_us': np.float64(6.63)}]",0.010690962207222173,99.69820093518479
aten::copy_,elementwise,python,CPU,thread 166178 (python),"((32, 32768), (32, 32768), ())","('bool', 'bool', 'Scalar')","((32768, 1), (1, 32), ())","('', '', 'False')",1,192,6.6048431396484375,6.5185546875,0.45168169319232465,5.8798828125,8.1591796875,1268.1298828125,501,"[{'name': 'void at::native::elementwise_kernel_manual_unroll<128, 8, at::native::gpu_kernel_impl_nocast<at::native::direct_copy_kernel_cuda(at::TensorIteratorBase&)::{lambda()#3}::operator()() const::{lambda()#11}::operator()() const::{lambda(bool)#1}>(at::TensorIteratorBase&, at::native::direct_copy_kernel_cuda(at::TensorIteratorBase&)::{lambda()#3}::operator()() const::{lambda()#11}::operator()() const::{lambda(bool)#1} const&)::{lambda(int, bool)#1}>(int, at::native::gpu_kernel_impl_nocast<at::native::direct_copy_kernel_cuda(at::TensorIteratorBase&)::{lambda()#3}::operator()() const::{lambda()#11}::operator()() const::{lambda(bool)#1}>(at::TensorIteratorBase&, at::native::direct_copy_kernel_cuda(at::TensorIteratorBase&)::{lambda()#3}::operator()() const::{lambda()#11}::operator()() const::{lambda(bool)#1} const&)::{lambda(int, bool)#1})', 'stream': 0, 'count': 192, 'total_duration_us': np.float64(1268.136), 'mean_duration_us': np.float64(6.604875), 'median_duration_us': np.float64(6.519), 'std_dev_duration_us': np.float64(0.45057382973455823), 'min_duration_us': np.float64(5.88), 'max_duration_us': np.float64(8.159)}]","[{'name': 'void at::native::elementwise_kernel_manual_unroll<128, 8, at::na...', 'stream': 0, 'mean_duration_us': np.float64(6.6)}]",0.010656978119868538,99.70885791330466
aten::sum,reduce,python,CPU,thread 166178 (python),"((256,), (), (), ())","('float', 'ScalarList', 'Scalar', '')","((1,), (), (), ())","('', '[]', 'False', '')",1,192,6.449879964192708,6.19921875,1.1911458956451975,4.9189453125,12.6787109375,1238.376953125,352,"[{'name': 'void at::native::reduce_kernel<512, 1, at::native::ReduceOp<float, at::native::func_wrapper_t<float, at::native::sum_functor<float, float, float>::operator()(at::TensorIterator&)::{lambda(float, float)#1}>, unsigned int, float, 4, 4> >(at::native::ReduceOp<float, at::native::func_wrapper_t<float, at::native::sum_functor<float, float, float>::operator()(at::TensorIterator&)::{lambda(float, float)#1}>, unsigned int, float, 4, 4>)', 'stream': 0, 'count': 192, 'total_duration_us': np.float64(1238.373), 'mean_duration_us': np.float64(6.449859375), 'median_duration_us': np.float64(6.199), 'std_dev_duration_us': np.float64(1.1880307656017481), 'min_duration_us': np.float64(4.919), 'max_duration_us': np.float64(12.679)}]","[{'name': 'void at::native::reduce_kernel<512, 1, at::native::ReduceOp<floa...', 'stream': 0, 'mean_duration_us': np.float64(6.45)}]",0.01040694354140844,99.71926485684607
aten::fill_,elementwise,python,CPU,thread 166178 (python),"((8, 64, 4096), ())","('float', 'Scalar')","((262144, 4096, 1), ())","('', '0')",1,192,6.1780853271484375,6.119140625,0.3049891113735995,5.439453125,7.279296875,1186.1923828125,200,"[{'name': 'void at::native::vectorized_elementwise_kernel<4, at::native::FillFunctor<float>, std::array<char*, 1ul> >(int, at::native::FillFunctor<float>, std::array<char*, 1ul>)', 'stream': 0, 'count': 192, 'total_duration_us': np.float64(1186.1779999999999), 'mean_duration_us': np.float64(6.178010416666666), 'median_duration_us': np.float64(6.119), 'std_dev_duration_us': np.float64(0.30418043900755093), 'min_duration_us': np.float64(5.439), 'max_duration_us': np.float64(7.279)}]","[{'name': 'void at::native::vectorized_elementwise_kernel<4, at::native::Fi...', 'stream': 0, 'mean_duration_us': np.float64(6.18)}]",0.009968400272652996,99.72923325711872
aten::copy_,elementwise,python,CPU,thread 166178 (python),"((32768, 32), (32768, 32), ())","('long int', 'bool', 'Scalar')","((32, 1), (32, 1), ())","('', '', 'False')",1,192,6.170359293619792,5.9990234375,0.7015328373330693,5.638671875,14.279296875,1184.708984375,417,"[{'name': 'void at::native::elementwise_kernel_manual_unroll<128, 4, at::native::gpu_kernel_impl<at::native::direct_copy_kernel_cuda(at::TensorIteratorBase&)::{lambda()#3}::operator()() const::{lambda()#4}::operator()() const::{lambda(long)#1}>(at::TensorIteratorBase&, at::native::direct_copy_kernel_cuda(at::TensorIteratorBase&)::{lambda()#3}::operator()() const::{lambda()#4}::operator()() const::{lambda(long)#1} const&)::{lambda(int, bool)#1}>(int, at::native::gpu_kernel_impl<at::native::direct_copy_kernel_cuda(at::TensorIteratorBase&)::{lambda()#3}::operator()() const::{lambda()#4}::operator()() const::{lambda(long)#1}>(at::TensorIteratorBase&, at::native::direct_copy_kernel_cuda(at::TensorIteratorBase&)::{lambda()#3}::operator()() const::{lambda()#4}::operator()() const::{lambda(long)#1} const&)::{lambda(int, bool)#1})', 'stream': 0, 'count': 192, 'total_duration_us': np.float64(1184.705), 'mean_duration_us': np.float64(6.170338541666666), 'median_duration_us': np.float64(5.999), 'std_dev_duration_us': np.float64(0.6996578516302617), 'min_duration_us': np.float64(5.639), 'max_duration_us': np.float64(14.279)}]","[{'name': 'void at::native::elementwise_kernel_manual_unroll<128, 4, at::na...', 'stream': 0, 'mean_duration_us': np.float64(6.17)}]",0.009955934243024843,99.73918919136175
aten::copy_,elementwise,python,CPU,thread 166796 (pt_autograd_0),"((8, 4096, 2880), (8, 4096, 2880), ())","('c10::BFloat16', 'c10::BFloat16', 'Scalar')","((11796480, 2880, 1), (2880, 23040, 1), ())","('', '', 'False')",1,8,148.015380859375,145.54052734375,9.766989884390242,140.4814453125,171.2001953125,1184.123046875,159342,"[{'name': 'void at::native::elementwise_kernel_manual_unroll<128, 8, at::native::gpu_kernel_impl_nocast<at::native::direct_copy_kernel_cuda(at::TensorIteratorBase&)::{lambda()#3}::operator()() const::{lambda()#12}::operator()() const::{lambda(c10::BFloat16)#1}>(at::TensorIteratorBase&, at::native::direct_copy_kernel_cuda(at::TensorIteratorBase&)::{lambda()#3}::operator()() const::{lambda()#12}::operator()() const::{lambda(c10::BFloat16)#1} const&)::{lambda(int, bool)#1}>(int, at::native::gpu_kernel_impl_nocast<at::native::direct_copy_kernel_cuda(at::TensorIteratorBase&)::{lambda()#3}::operator()() const::{lambda()#12}::operator()() const::{lambda(c10::BFloat16)#1}>(at::TensorIteratorBase&, at::native::direct_copy_kernel_cuda(at::TensorIteratorBase&)::{lambda()#3}::operator()() const::{lambda()#12}::operator()() const::{lambda(c10::BFloat16)#1} const&)::{lambda(int, bool)#1})', 'stream': 0, 'count': 8, 'total_duration_us': np.float64(1184.123), 'mean_duration_us': np.float64(148.015375), 'median_duration_us': np.float64(145.5405), 'std_dev_duration_us': np.float64(9.136106609731245), 'min_duration_us': np.float64(140.481), 'max_duration_us': np.float64(171.2)}]","[{'name': 'void at::native::elementwise_kernel_manual_unroll<128, 8, at::na...', 'stream': 0, 'mean_duration_us': np.float64(148.02)}]",0.009951010202355396,99.7491402015641
aten::fill_,elementwise,python,CPU,thread 166178 (python),"((1813118848,), ())","('float', 'Scalar')","((1,), ())","('', '0')",4,1,1167.0068359375,1167.0068359375,,1167.0068359375,1167.0068359375,1167.0068359375,2,"[{'name': 'void at::native::vectorized_elementwise_kernel<4, at::native::FillFunctor<float>, std::array<char*, 1ul> >(int, at::native::FillFunctor<float>, std::array<char*, 1ul>)', 'stream': 0, 'count': 1, 'total_duration_us': np.float64(248.401), 'mean_duration_us': np.float64(248.401), 'median_duration_us': np.float64(248.401), 'std_dev_duration_us': np.float64(0.0), 'min_duration_us': np.float64(248.401), 'max_duration_us': np.float64(248.401)}, {'name': 'void at::native::vectorized_elementwise_kernel<4, at::native::FillFunctor<float>, std::array<char*, 1ul> >(int, at::native::FillFunctor<float>, std::array<char*, 1ul>)', 'stream': 0, 'count': 1, 'total_duration_us': np.float64(281.282), 'mean_duration_us': np.float64(281.282), 'median_duration_us': np.float64(281.282), 'std_dev_duration_us': np.float64(0.0), 'min_duration_us': np.float64(281.282), 'max_duration_us': np.float64(281.282)}, {'name': 'void at::native::vectorized_elementwise_kernel<4, at::native::FillFunctor<float>, std::array<char*, 1ul> >(int, at::native::FillFunctor<float>, std::array<char*, 1ul>)', 'stream': 0, 'count': 1, 'total_duration_us': np.float64(313.722), 'mean_duration_us': np.float64(313.722), 'median_duration_us': np.float64(313.722), 'std_dev_duration_us': np.float64(0.0), 'min_duration_us': np.float64(313.722), 'max_duration_us': np.float64(313.722)}, {'name': 'void at::native::vectorized_elementwise_kernel<4, at::native::FillFunctor<float>, std::array<char*, 1ul> >(int, at::native::FillFunctor<float>, std::array<char*, 1ul>)', 'stream': 0, 'count': 1, 'total_duration_us': np.float64(323.602), 'mean_duration_us': np.float64(323.602), 'median_duration_us': np.float64(323.602), 'std_dev_duration_us': np.float64(0.0), 'min_duration_us': np.float64(323.602), 'max_duration_us': np.float64(323.602)}]","[{'name': 'void at::native::vectorized_elementwise_kernel<4, at::native::Fi...', 'stream': 0, 'mean_duration_us': np.float64(248.4)}, {'name': 'void at::native::vectorized_elementwise_kernel<4, at::native::Fi...', 'stream': 0, 'mean_duration_us': np.float64(281.28)}, {'name': 'void at::native::vectorized_elementwise_kernel<4, at::native::Fi...', 'stream': 0, 'mean_duration_us': np.float64(313.72)}, {'name': 'void at::native::vectorized_elementwise_kernel<4, at::native::Fi...', 'stream': 0, 'mean_duration_us': np.float64(323.6)}]",0.009807170767666386,99.75894737233178
aten::arange,other,python,CPU,thread 166178 (python),"((), (), (), (0,))","('Scalar', 'Scalar', 'Scalar', 'long int')","((), (), (), (1,))","('0', '131072', '1', '')",1,192,5.95709228515625,5.8388671875,1.2584220275490754,5.1591796875,18.7587890625,1143.76171875,373,"[{'name': 'void (anonymous namespace)::elementwise_kernel_with_index<int, at::native::arange_cuda_out(c10::Scalar const&, c10::Scalar const&, c10::Scalar const&, at::Tensor&)::{lambda()#1}::operator()() const::{lambda()#4}::operator()() const::{lambda(long)#1}>(int, at::native::arange_cuda_out(c10::Scalar const&, c10::Scalar const&, c10::Scalar const&, at::Tensor&)::{lambda()#1}::operator()() const::{lambda()#4}::operator()() const::{lambda(long)#1}, function_traits<at::native::arange_cuda_out(c10::Scalar const&, c10::Scalar const&, c10::Scalar const&, at::Tensor&)::{lambda()#1}::operator()() const::{lambda()#4}::operator()() const::{lambda(long)#1}>::result_type*)', 'stream': 0, 'count': 192, 'total_duration_us': np.float64(1143.741), 'mean_duration_us': np.float64(5.956984375), 'median_duration_us': np.float64(5.839), 'std_dev_duration_us': np.float64(1.255179670391531), 'min_duration_us': np.float64(5.159), 'max_duration_us': np.float64(18.759)}]","[{'name': 'void (anonymous namespace)::elementwise_kernel_with_index<int, a...', 'stream': 0, 'mean_duration_us': np.float64(5.96)}]",0.009611825867574952,99.76855919819936
aten::copy_,elementwise,python,CPU,thread 166178 (python),"((32768, 4), (32768, 4), ())","('long int', 'long int', 'Scalar')","((4, 1), (1, 0), ())","('', '', 'False')",1,192,5.8018544514973955,5.49853515625,0.9576579144785712,5.0390625,10.87890625,1113.9560546875,391,"[{'name': 'void at::native::elementwise_kernel_manual_unroll<128, 4, at::native::gpu_kernel_impl_nocast<at::native::direct_copy_kernel_cuda(at::TensorIteratorBase&)::{lambda()#3}::operator()() const::{lambda()#4}::operator()() const::{lambda(long)#1}>(at::TensorIteratorBase&, at::native::direct_copy_kernel_cuda(at::TensorIteratorBase&)::{lambda()#3}::operator()() const::{lambda()#4}::operator()() const::{lambda(long)#1} const&)::{lambda(int, bool)#1}>(int, at::native::gpu_kernel_impl_nocast<at::native::direct_copy_kernel_cuda(at::TensorIteratorBase&)::{lambda()#3}::operator()() const::{lambda()#4}::operator()() const::{lambda(long)#1}>(at::TensorIteratorBase&, at::native::direct_copy_kernel_cuda(at::TensorIteratorBase&)::{lambda()#3}::operator()() const::{lambda()#4}::operator()() const::{lambda(long)#1} const&)::{lambda(int, bool)#1})', 'stream': 0, 'count': 192, 'total_duration_us': np.float64(1113.936), 'mean_duration_us': np.float64(5.801749999999999), 'median_duration_us': np.float64(5.4990000000000006), 'std_dev_duration_us': np.float64(0.9552187685725889), 'min_duration_us': np.float64(5.039), 'max_duration_us': np.float64(10.879)}]","[{'name': 'void at::native::elementwise_kernel_manual_unroll<128, 4, at::na...', 'stream': 0, 'mean_duration_us': np.float64(5.8)}]",0.009361348125454605,99.77792054632481
aten::mul,elementwise,python,CPU,thread 166178 (python),"((), ())","('float', 'double')","((), ())","('', '')",1,192,5.7838083902994795,5.638671875,1.1743747140902001,4.6787109375,12.3994140625,1110.4912109375,354,"[{'name': 'void at::native::vectorized_elementwise_kernel<4, at::native::AUnaryFunctor<float, float, float, at::native::binary_internal::MulFunctor<float> >, std::array<char*, 2ul> >(int, at::native::AUnaryFunctor<float, float, float, at::native::binary_internal::MulFunctor<float> >, std::array<char*, 2ul>)', 'stream': 0, 'count': 192, 'total_duration_us': np.float64(1110.495), 'mean_duration_us': np.float64(5.783828124999999), 'median_duration_us': np.float64(5.639), 'std_dev_duration_us': np.float64(1.1712659891476334), 'min_duration_us': np.float64(4.679), 'max_duration_us': np.float64(12.399)}]","[{'name': 'void at::native::vectorized_elementwise_kernel<4, at::native::AU...', 'stream': 0, 'mean_duration_us': np.float64(5.78)}]",0.009332230631629274,99.78725277695644
aten::div,elementwise,python,CPU,thread 166178 (python),"((), ())","('float', 'double')","((), ())","('', '')",1,192,5.783620198567708,5.6787109375,0.9066237673298518,4.7587890625,12.119140625,1110.455078125,358,"[{'name': 'void at::native::vectorized_elementwise_kernel<4, at::native::BUnaryFunctor<float, float, float, at::native::binary_internal::MulFunctor<float> >, std::array<char*, 2ul> >(int, at::native::BUnaryFunctor<float, float, float, at::native::binary_internal::MulFunctor<float> >, std::array<char*, 2ul>)', 'stream': 0, 'count': 192, 'total_duration_us': np.float64(1110.459), 'mean_duration_us': np.float64(5.783640625), 'median_duration_us': np.float64(5.679), 'std_dev_duration_us': np.float64(0.9042697220545478), 'min_duration_us': np.float64(4.759), 'max_duration_us': np.float64(12.119)}]","[{'name': 'void at::native::vectorized_elementwise_kernel<4, at::native::BU...', 'stream': 0, 'mean_duration_us': np.float64(5.78)}]",0.009331926982454657,99.79658470393889
aten::copy_,elementwise,python,CPU,thread 166178 (python),"((32768, 32), (32768, 32), ())","('c10::BFloat16', 'float', 'Scalar')","((32, 1), (32, 1), ())","('', '', 'False')",1,192,5.740753173828125,5.6787109375,0.3804219702750217,4.8388671875,7.279296875,1102.224609375,275,"[{'name': 'void at::native::vectorized_elementwise_kernel<4, at::native::bfloat16_copy_kernel_cuda(at::TensorIteratorBase&)::{lambda(float)#1}, std::array<char*, 2ul> >(int, at::native::bfloat16_copy_kernel_cuda(at::TensorIteratorBase&)::{lambda(float)#1}, std::array<char*, 2ul>)', 'stream': 0, 'count': 192, 'total_duration_us': np.float64(1102.22), 'mean_duration_us': np.float64(5.740729166666667), 'median_duration_us': np.float64(5.679), 'std_dev_duration_us': np.float64(0.3794425593103285), 'min_duration_us': np.float64(4.839), 'max_duration_us': np.float64(7.279)}]","[{'name': 'void at::native::vectorized_elementwise_kernel<4, at::native::bf...', 'stream': 0, 'mean_duration_us': np.float64(5.74)}]",0.009262760624517818,99.80584746456341
aten::copy_,UnaryElementwise,python,CPU,thread 166178 (python),"((32768, 32), (32768, 32), ())","('c10::BFloat16', 'c10::BFloat16', 'Scalar')","((32, 1), (32, 1), ())","('', '', 'False')",1,192,5.725148518880208,5.67919921875,0.4841179959688808,3.798828125,7.478515625,1099.228515625,287,"[{'name': 'Memcpy DtoD (Device -> Device)', 'stream': 0, 'count': 192, 'total_duration_us': np.float64(1099.222), 'mean_duration_us': np.float64(5.725114583333333), 'median_duration_us': np.float64(5.6795), 'std_dev_duration_us': np.float64(0.48288647884776503), 'min_duration_us': np.float64(3.799), 'max_duration_us': np.float64(7.479)}]","[{'name': 'Memcpy DtoD (Device -> Device)', 'stream': 0, 'mean_duration_us': np.float64(5.73)}]",0.009237582363228043,99.81508504692664
aten::add_,elementwise,python,CPU,thread 166178 (python),"((), (), ())","('float', 'float', 'Scalar')","((), (), ())","('', '', '1')",1,192,5.7127685546875,5.638671875,1.0241709933575784,4.6787109375,12.2392578125,1096.8515625,363,"[{'name': 'void at::native::vectorized_elementwise_kernel<4, at::native::CUDAFunctor_add<float>, std::array<char*, 3ul> >(int, at::native::CUDAFunctor_add<float>, std::array<char*, 3ul>)', 'stream': 0, 'count': 192, 'total_duration_us': np.float64(1096.857), 'mean_duration_us': np.float64(5.7127968749999996), 'median_duration_us': np.float64(5.639), 'std_dev_duration_us': np.float64(1.0214868173966978), 'min_duration_us': np.float64(4.679), 'max_duration_us': np.float64(12.239)}]","[{'name': 'void at::native::vectorized_elementwise_kernel<4, at::native::CU...', 'stream': 0, 'mean_duration_us': np.float64(5.71)}]",0.009217607171578985,99.82430265409822
aten::remainder,elementwise,python,CPU,thread 166178 (python),"((32768, 4), ())","('long int', 'long int')","((4, 1), ())","('', '')",1,192,5.6772206624348955,5.2392578125,1.034231937311398,4.8388671875,11.1591796875,1090.0263671875,377,"[{'name': 'void at::native::vectorized_elementwise_kernel<4, at::native::BUnaryFunctor<long, long, long, at::native::remainder_kernel_cuda(at::TensorIteratorBase&)::{lambda()#1}::operator()() const::{lambda()#4}::operator()() const::{lambda(long, long)#1}>, std::array<char*, 2ul> >(int, at::native::BUnaryFunctor<long, long, long, at::native::remainder_kernel_cuda(at::TensorIteratorBase&)::{lambda()#1}::operator()() const::{lambda()#4}::operator()() const::{lambda(long, long)#1}>, std::array<char*, 2ul>)', 'stream': 0, 'count': 192, 'total_duration_us': np.float64(1090.0169999999998), 'mean_duration_us': np.float64(5.677171874999999), 'median_duration_us': np.float64(5.239), 'std_dev_duration_us': np.float64(1.0315415429511237), 'min_duration_us': np.float64(4.839), 'max_duration_us': np.float64(11.159)}]","[{'name': 'void at::native::vectorized_elementwise_kernel<4, at::native::BU...', 'stream': 0, 'mean_duration_us': np.float64(5.68)}]",0.00916025030451437,99.83346290440274
aten::div,elementwise,python,CPU,thread 166178 (python),"((), ())","('float', 'long int')","((), ())","('', '')",1,194,5.592597253543815,5.19921875,1.1780188885486036,3.9990234375,12.71875,1084.9638671875,356,"[{'name': 'void at::native::vectorized_elementwise_kernel<4, at::native::BUnaryFunctor<float, float, float, at::native::binary_internal::MulFunctor<float> >, std::array<char*, 2ul> >(int, at::native::BUnaryFunctor<float, float, float, at::native::binary_internal::MulFunctor<float> >, std::array<char*, 2ul>)', 'stream': 0, 'count': 194, 'total_duration_us': np.float64(1084.978), 'mean_duration_us': np.float64(5.592670103092784), 'median_duration_us': np.float64(5.199), 'std_dev_duration_us': np.float64(1.1749658448350127), 'min_duration_us': np.float64(3.999), 'max_duration_us': np.float64(12.719)}]","[{'name': 'void at::native::vectorized_elementwise_kernel<4, at::native::BU...', 'stream': 0, 'mean_duration_us': np.float64(5.59)}]",0.009117706593130343,99.84258061099587
aten::scatter,elementwise,python,CPU,thread 166178 (python),"((32768, 32), (), (32768, 4), (32768, 4))","('c10::BFloat16', 'Scalar', 'long int', 'c10::BFloat16')","((32, 1), (), (4, 1), (4, 1))","('', '1', '', '')",1,192,5.6153564453125,5.55859375,0.534220953586397,4.87890625,7.279296875,1078.1484375,285,"[{'name': 'void at::native::_scatter_gather_elementwise_kernel<256, 4, at::native::_cuda_scatter_gather_internal_kernel<true, at::native::OpaqueType<2>, long>::operator()<at::native::TensorAssign>(at::TensorIterator&, long, long, long, at::native::TensorAssign const&)::{lambda(int)#1}>(int, at::native::_cuda_scatter_gather_internal_kernel<true, at::native::OpaqueType<2>, long>::operator()<at::native::TensorAssign>(at::TensorIterator&, long, long, long, at::native::TensorAssign const&)::{lambda(int)#1})', 'stream': 0, 'count': 192, 'total_duration_us': np.float64(1078.136), 'mean_duration_us': np.float64(5.615291666666667), 'median_duration_us': np.float64(5.559), 'std_dev_duration_us': np.float64(0.5328297476028864), 'min_duration_us': np.float64(4.879), 'max_duration_us': np.float64(7.279)}]","[{'name': 'void at::native::_scatter_gather_elementwise_kernel<256, 4, at::...', 'stream': 0, 'mean_duration_us': np.float64(5.62)}]",0.00906043179341022,99.85164104278928
aten::copy_,UnaryElementwise,python,CPU,thread 166178 (python),"((4096, 8, 32), (4096, 8, 32), ())","('c10::BFloat16', 'c10::BFloat16', 'Scalar')","((256, 32, 1), (256, 32, 1), ())","('', '', 'False')",1,192,5.5892995198567705,5.638671875,0.48223030722785565,3.8388671875,7.1591796875,1073.1455078125,252,"[{'name': 'Memcpy DtoD (Device -> Device)', 'stream': 0, 'count': 192, 'total_duration_us': np.float64(1073.1370000000002), 'mean_duration_us': np.float64(5.589255208333334), 'median_duration_us': np.float64(5.639), 'std_dev_duration_us': np.float64(0.48101334275711444), 'min_duration_us': np.float64(3.839), 'max_duration_us': np.float64(7.159)}]","[{'name': 'Memcpy DtoD (Device -> Device)', 'stream': 0, 'mean_duration_us': np.float64(5.59)}]",0.009018388692827586,99.8606594314821
aten::copy_,UnaryElementwise,python,CPU,thread 166178 (python),"((4,), (4,), ())","('long int', 'long int', 'Scalar')","((1,), (1,), ())","('', '', 'True')",1,192,5.569875081380208,5.6787109375,0.47075744093644867,4.798828125,7.19921875,1069.416015625,456,"[{'name': 'Memcpy DtoD (Device -> Device)', 'stream': 12, 'count': 192, 'total_duration_us': np.float64(1069.414), 'mean_duration_us': np.float64(5.569864583333334), 'median_duration_us': np.float64(5.679), 'std_dev_duration_us': np.float64(0.46957062877944833), 'min_duration_us': np.float64(4.799), 'max_duration_us': np.float64(7.199)}]","[{'name': 'Memcpy DtoD (Device -> Device)', 'stream': 12, 'mean_duration_us': np.float64(5.57)}]",0.008987047173966553,99.86964647865607
aten::mul,elementwise,python,CPU,thread 166178 (python),"((32768, 4), ())","('c10::BFloat16', 'double')","((4, 1), ())","('', '')",1,192,5.446523030598958,5.19921875,0.5996394144870268,4.5185546875,7.478515625,1045.732421875,278,"[{'name': 'void at::native::vectorized_elementwise_kernel<8, at::native::AUnaryFunctor<c10::BFloat16, c10::BFloat16, c10::BFloat16, at::native::binary_internal::MulFunctor<float> >, std::array<char*, 2ul> >(int, at::native::AUnaryFunctor<c10::BFloat16, c10::BFloat16, c10::BFloat16, at::native::binary_internal::MulFunctor<float> >, std::array<char*, 2ul>)', 'stream': 0, 'count': 192, 'total_duration_us': np.float64(1045.7379999999998), 'mean_duration_us': np.float64(5.446552083333333), 'median_duration_us': np.float64(5.199), 'std_dev_duration_us': np.float64(0.5980650199774767), 'min_duration_us': np.float64(4.519), 'max_duration_us': np.float64(7.479)}]","[{'name': 'void at::native::vectorized_elementwise_kernel<8, at::native::AU...', 'stream': 0, 'mean_duration_us': np.float64(5.45)}]",0.008788017450107483,99.87843449610617
aten::sum,reduce,python,CPU,thread 166178 (python),"((1, 8, 4), (), (), ())","('long int', 'ScalarList', 'Scalar', '')","((32, 4, 1), (), (), ())","('', '[2]', 'False', '')",1,192,5.4380035400390625,5.19970703125,0.5822669956261517,4.71875,7.3193359375,1044.0966796875,439,"[{'name': 'void at::native::reduce_kernel<512, 1, at::native::ReduceOp<long, at::native::func_wrapper_t<long, at::native::sum_functor<long, long, long>::operator()(at::TensorIterator&)::{lambda(long, long)#1}>, unsigned int, long, 4, 4> >(at::native::ReduceOp<long, at::native::func_wrapper_t<long, at::native::sum_functor<long, long, long>::operator()(at::TensorIterator&)::{lambda(long, long)#1}>, unsigned int, long, 4, 4>)', 'stream': 0, 'count': 192, 'total_duration_us': np.float64(1044.0970000000002), 'mean_duration_us': np.float64(5.438005208333334), 'median_duration_us': np.float64(5.1995000000000005), 'std_dev_duration_us': np.float64(0.5807426055760044), 'min_duration_us': np.float64(4.719), 'max_duration_us': np.float64(7.319)}]","[{'name': 'void at::native::reduce_kernel<512, 1, at::native::ReduceOp<long...', 'stream': 0, 'mean_duration_us': np.float64(5.44)}]",0.008774271169905276,99.88720876727608
aten::fill_,elementwise,python,CPU,thread 166178 (python),"((1,), ())","('bool', 'Scalar')","((1,), ())","('', '1.')",1,192,5.437530517578125,5.3193359375,0.6481005614334149,4.6787109375,9.9189453125,1044.005859375,402,"[{'name': 'void at::native::vectorized_elementwise_kernel<16, at::native::FillFunctor<bool>, std::array<char*, 1ul> >(int, at::native::FillFunctor<bool>, std::array<char*, 1ul>)', 'stream': 0, 'count': 192, 'total_duration_us': np.float64(1044.021), 'mean_duration_us': np.float64(5.437609375), 'median_duration_us': np.float64(5.319), 'std_dev_duration_us': np.float64(0.6464001344913557), 'min_duration_us': np.float64(4.679), 'max_duration_us': np.float64(9.919)}]","[{'name': 'void at::native::vectorized_elementwise_kernel<16, at::native::F...', 'stream': 0, 'mean_duration_us': np.float64(5.44)}]",0.008773507943601513,99.89598227521968
aten::sum,reduce,python,CPU,thread 166178 (python),"((1, 8), (), (), ())","('long int', 'ScalarList', 'Scalar', '')","((8, 1), (), (), ())","('', '[1]', 'False', '')",1,192,5.401295979817708,5.19921875,0.5959324107865457,4.638671875,7.359375,1037.048828125,443,"[{'name': 'void at::native::reduce_kernel<512, 1, at::native::ReduceOp<long, at::native::func_wrapper_t<long, at::native::sum_functor<long, long, long>::operator()(at::TensorIterator&)::{lambda(long, long)#1}>, unsigned int, long, 4, 4> >(at::native::ReduceOp<long, at::native::func_wrapper_t<long, at::native::sum_functor<long, long, long>::operator()(at::TensorIterator&)::{lambda(long, long)#1}>, unsigned int, long, 4, 4>)', 'stream': 0, 'count': 192, 'total_duration_us': np.float64(1037.0549999999998), 'mean_duration_us': np.float64(5.401328124999999), 'median_duration_us': np.float64(5.199), 'std_dev_duration_us': np.float64(0.5943561218879225), 'min_duration_us': np.float64(4.639), 'max_duration_us': np.float64(7.359)}]","[{'name': 'void at::native::reduce_kernel<512, 1, at::native::ReduceOp<long...', 'stream': 0, 'mean_duration_us': np.float64(5.4)}]",0.008715043167386272,99.90469731838706
aten::copy_,elementwise,python,CPU,thread 166178 (python),"((8294400,), (8294400,), ())","('c10::BFloat16', 'float', 'Scalar')","((1,), (1,), ())","('', '', 'False')",1,96,10.80157470703125,10.71875,0.6064882306093974,9.9599609375,14.19921875,1036.951171875,137057,"[{'name': 'void at::native::vectorized_elementwise_kernel<4, at::native::bfloat16_copy_kernel_cuda(at::TensorIteratorBase&)::{lambda(float)#1}, std::array<char*, 2ul> >(int, at::native::bfloat16_copy_kernel_cuda(at::TensorIteratorBase&)::{lambda(float)#1}, std::array<char*, 2ul>)', 'stream': 0, 'count': 96, 'total_duration_us': np.float64(1036.954), 'mean_duration_us': np.float64(10.801604166666666), 'median_duration_us': np.float64(10.719), 'std_dev_duration_us': np.float64(0.6032985627497983), 'min_duration_us': np.float64(9.96), 'max_duration_us': np.float64(14.199)}]","[{'name': 'void at::native::vectorized_elementwise_kernel<4, at::native::bf...', 'stream': 0, 'mean_duration_us': np.float64(10.8)}]",0.008714222493941364,99.913411540881
aten::copy_,elementwise,python,CPU,thread 166178 (python),"((1, 8, 4), (1, 8, 4), ())","('long int', 'long int', 'Scalar')","((32, 4, 1), (32, 32, 1), ())","('', '', 'False')",1,192,5.3952891031901045,5.2392578125,0.6047856919757001,3.638671875,7.279296875,1035.8955078125,438,"[{'name': 'void at::native::elementwise_kernel_manual_unroll<128, 4, at::native::gpu_kernel_impl_nocast<at::native::direct_copy_kernel_cuda(at::TensorIteratorBase&)::{lambda()#3}::operator()() const::{lambda()#4}::operator()() const::{lambda(long)#1}>(at::TensorIteratorBase&, at::native::direct_copy_kernel_cuda(at::TensorIteratorBase&)::{lambda()#3}::operator()() const::{lambda()#4}::operator()() const::{lambda(long)#1} const&)::{lambda(int, bool)#1}>(int, at::native::gpu_kernel_impl_nocast<at::native::direct_copy_kernel_cuda(at::TensorIteratorBase&)::{lambda()#3}::operator()() const::{lambda()#4}::operator()() const::{lambda(long)#1}>(at::TensorIteratorBase&, at::native::direct_copy_kernel_cuda(at::TensorIteratorBase&)::{lambda()#3}::operator()() const::{lambda()#4}::operator()() const::{lambda(long)#1} const&)::{lambda(int, bool)#1})', 'stream': 0, 'count': 192, 'total_duration_us': np.float64(1035.8980000000001), 'mean_duration_us': np.float64(5.395302083333334), 'median_duration_us': np.float64(5.239), 'std_dev_duration_us': np.float64(0.6031967983135021), 'min_duration_us': np.float64(3.639), 'max_duration_us': np.float64(7.279)}]","[{'name': 'void at::native::elementwise_kernel_manual_unroll<128, 4, at::na...', 'stream': 0, 'mean_duration_us': np.float64(5.4)}]",0.008705351014001909,99.922116891895
aten::copy_,elementwise,python,CPU,thread 166178 (python),"((4096, 8, 2880), (4096, 8, 2880), ())","('c10::BFloat16', 'c10::BFloat16', 'Scalar')","((23040, 2880, 1), (2880, 11796480, 1), ())","('', '', 'False')",1,8,128.3702392578125,126.80078125,4.409603383027142,124.599609375,138.400390625,1026.9619140625,108,"[{'name': 'void at::native::elementwise_kernel_manual_unroll<128, 8, at::native::gpu_kernel_impl_nocast<at::native::direct_copy_kernel_cuda(at::TensorIteratorBase&)::{lambda()#3}::operator()() const::{lambda()#12}::operator()() const::{lambda(c10::BFloat16)#1}>(at::TensorIteratorBase&, at::native::direct_copy_kernel_cuda(at::TensorIteratorBase&)::{lambda()#3}::operator()() const::{lambda()#12}::operator()() const::{lambda(c10::BFloat16)#1} const&)::{lambda(int, bool)#1}>(int, at::native::gpu_kernel_impl_nocast<at::native::direct_copy_kernel_cuda(at::TensorIteratorBase&)::{lambda()#3}::operator()() const::{lambda()#12}::operator()() const::{lambda(c10::BFloat16)#1}>(at::TensorIteratorBase&, at::native::direct_copy_kernel_cuda(at::TensorIteratorBase&)::{lambda()#3}::operator()() const::{lambda()#12}::operator()() const::{lambda(c10::BFloat16)#1} const&)::{lambda(int, bool)#1})', 'stream': 0, 'count': 8, 'total_duration_us': np.float64(1026.962), 'mean_duration_us': np.float64(128.37025), 'median_duration_us': np.float64(126.8005), 'std_dev_duration_us': np.float64(4.124699405714315), 'min_duration_us': np.float64(124.6), 'max_duration_us': np.float64(138.4)}]","[{'name': 'void at::native::elementwise_kernel_manual_unroll<128, 8, at::na...', 'stream': 0, 'mean_duration_us': np.float64(128.37)}]",0.008630275807261733,99.93074716770226
aten::sum,reduce,python,CPU,thread 166178 (python),"((1, 8, 4), (), (), ())","('long int', 'ScalarList', 'Scalar', '')","((32, 4, 1), (), (), ())","('', '[0, 1]', 'False', '')",1,192,4.2215728759765625,4.2392578125,0.39973755449804116,3.5185546875,5.240234375,810.5419921875,445,"[{'name': 'void at::native::reduce_kernel<128, 4, at::native::ReduceOp<long, at::native::func_wrapper_t<long, at::native::sum_functor<long, long, long>::operator()(at::TensorIterator&)::{lambda(long, long)#1}>, unsigned int, long, 4, 4> >(at::native::ReduceOp<long, at::native::func_wrapper_t<long, at::native::sum_functor<long, long, long>::operator()(at::TensorIterator&)::{lambda(long, long)#1}>, unsigned int, long, 4, 4>)', 'stream': 0, 'count': 192, 'total_duration_us': np.float64(810.538), 'mean_duration_us': np.float64(4.221552083333333), 'median_duration_us': np.float64(4.239), 'std_dev_duration_us': np.float64(0.3986150469069873), 'min_duration_us': np.float64(3.519), 'max_duration_us': np.float64(5.24)}]","[{'name': 'void at::native::reduce_kernel<128, 4, at::native::ReduceOp<long...', 'stream': 0, 'mean_duration_us': np.float64(4.22)}]",0.006811548559063494,99.93755871626132
aten::copy_,UnaryElementwise,python,CPU,thread 166178 (python),"((1,), (1,), ())","('long int', 'long int', 'Scalar')","((1,), (1,), ())","('', '', 'True')",1,192,3.578893025716146,3.5791015625,0.07816602801303124,3.3193359375,3.798828125,687.1474609375,481,"[{'name': 'Memcpy DtoD (Device -> Device)', 'stream': 12, 'count': 192, 'total_duration_us': np.float64(687.213), 'mean_duration_us': np.float64(3.579234375), 'median_duration_us': np.float64(3.5795000000000003), 'std_dev_duration_us': np.float64(0.07798619179076528), 'min_duration_us': np.float64(3.319), 'max_duration_us': np.float64(3.799)}]","[{'name': 'Memcpy DtoD (Device -> Device)', 'stream': 12, 'mean_duration_us': np.float64(3.58)}]",0.0057745784210156414,99.94333329468233
aten::copy_,UnaryElementwise,python,CPU,thread 166178 (python),"((8, 4), (8, 4), ())","('long int', 'long int', 'Scalar')","((4, 1), (4, 1), ())","('', '', 'True')",1,192,3.5741729736328125,3.5986328125,0.07545434822864558,3.3193359375,3.798828125,686.2412109375,491,"[{'name': 'Memcpy DtoD (Device -> Device)', 'stream': 12, 'count': 192, 'total_duration_us': np.float64(686.3009999999999), 'mean_duration_us': np.float64(3.5744843749999995), 'median_duration_us': np.float64(3.599), 'std_dev_duration_us': np.float64(0.07534012989453914), 'min_duration_us': np.float64(3.319), 'max_duration_us': np.float64(3.799)}]","[{'name': 'Memcpy DtoD (Device -> Device)', 'stream': 12, 'mean_duration_us': np.float64(3.57)}]",0.005766962571446896,99.94910025725378
aten::fill_,elementwise,python,CPU,thread 166796 (pt_autograd_0),"((100096, 2880), ())","('c10::BFloat16', 'Scalar')","((2880, 1), ())","('', '0')",1,8,77.3797607421875,75.88037109375,5.3011342111948085,74.279296875,90.16015625,619.0380859375,159355,"[{'name': 'void at::native::vectorized_elementwise_kernel<8, at::native::FillFunctor<c10::BFloat16>, std::array<char*, 1ul> >(int, at::native::FillFunctor<c10::BFloat16>, std::array<char*, 1ul>)', 'stream': 0, 'count': 8, 'total_duration_us': np.float64(619.037), 'mean_duration_us': np.float64(77.379625), 'median_duration_us': np.float64(75.88), 'std_dev_duration_us': np.float64(4.958807844066453), 'min_duration_us': np.float64(74.279), 'max_duration_us': np.float64(90.16)}]","[{'name': 'void at::native::vectorized_elementwise_kernel<8, at::native::Fi...', 'stream': 0, 'mean_duration_us': np.float64(77.38)}]",0.005202207933599062,99.95430246518737
aten::_local_scalar_dense,other,python,CPU,thread 166796 (pt_autograd_0),"((),)","('bool',)","((),)","('',)",1,148,3.7911080025337838,3.638671875,0.5161834044430119,2.6787109375,5.9990234375,561.083984375,287716,"[{'name': 'Memcpy DtoD (Device -> Device)', 'stream': 0, 'count': 148, 'total_duration_us': np.float64(561.102), 'mean_duration_us': np.float64(3.7912297297297295), 'median_duration_us': np.float64(3.639), 'std_dev_duration_us': np.float64(0.5144093581621468), 'min_duration_us': np.float64(2.679), 'max_duration_us': np.float64(5.999)}]","[{'name': 'Memcpy DtoD (Device -> Device)', 'stream': 0, 'mean_duration_us': np.float64(3.79)}]",0.004715179277718457,99.95901764446509
aten::gather,other,python,CPU,thread 166178 (python),"((100096, 2880), (), (32768, 2880), (), (32768, 2880))","('c10::BFloat16', 'Scalar', 'long int', 'Scalar', 'c10::BFloat16')","((2880, 1), (), (1, 0), (), (2880, 1))","('', '0', '', 'False', '')",1,8,56.8492431640625,55.5390625,3.483846285855855,54.6787109375,65.2001953125,454.7939453125,92,"[{'name': 'void at::native::vectorized_gather_kernel<16, long>(char*, char*, long*, int, long, long, long, long, bool)', 'stream': 0, 'count': 8, 'total_duration_us': np.float64(454.794), 'mean_duration_us': np.float64(56.84925), 'median_duration_us': np.float64(55.539), 'std_dev_duration_us': np.float64(3.258798120089676), 'min_duration_us': np.float64(54.679), 'max_duration_us': np.float64(65.2)}]","[{'name': 'void at::native::vectorized_gather_kernel<16, long>(char*, char*...', 'stream': 0, 'mean_duration_us': np.float64(56.85)}]",0.003821950093546227,99.96283959455864
aten::ne,elementwise,python,CPU,thread 166796 (pt_autograd_0),"((), ())","('float', 'float')","((), ())","('', '')",1,74,5.549910261824325,5.439453125,0.2538707747156303,5.2392578125,6.5986328125,410.693359375,287713,"[{'name': 'void at::native::vectorized_elementwise_kernel<4, at::native::BinaryFunctor<float, float, bool, at::native::(anonymous namespace)::CompareEqFunctor<float> >, std::array<char*, 3ul> >(int, at::native::BinaryFunctor<float, float, bool, at::native::(anonymous namespace)::CompareEqFunctor<float> >, std::array<char*, 3ul>)', 'stream': 0, 'count': 74, 'total_duration_us': np.float64(410.687), 'mean_duration_us': np.float64(5.549824324324325), 'median_duration_us': np.float64(5.439), 'std_dev_duration_us': np.float64(0.2523342569810233), 'min_duration_us': np.float64(5.239), 'max_duration_us': np.float64(6.599)}]","[{'name': 'void at::native::vectorized_elementwise_kernel<4, at::native::Bi...', 'stream': 0, 'mean_duration_us': np.float64(5.55)}]",0.0034513421725602595,99.9662909367312
aten::mul_,elementwise,python,CPU,thread 166796 (pt_autograd_0),"((288276480,), ())","('float', 'double')","((1,), ())","('', '')",1,1,358.4423828125,358.4423828125,,358.4423828125,358.4423828125,358.4423828125,287726,"[{'name': 'void at::native::vectorized_elementwise_kernel<4, at::native::AUnaryFunctor<float, float, float, at::native::binary_internal::MulFunctor<float> >, std::array<char*, 2ul> >(int, at::native::AUnaryFunctor<float, float, float, at::native::binary_internal::MulFunctor<float> >, std::array<char*, 2ul>)', 'stream': 0, 'count': 1, 'total_duration_us': np.float64(358.442), 'mean_duration_us': np.float64(358.442), 'median_duration_us': np.float64(358.442), 'std_dev_duration_us': np.float64(0.0), 'min_duration_us': np.float64(358.442), 'max_duration_us': np.float64(358.442)}]","[{'name': 'void at::native::vectorized_elementwise_kernel<4, at::native::AU...', 'stream': 0, 'mean_duration_us': np.float64(358.44)}]",0.0030122408458622763,99.96930317757706
aten::mul_,elementwise,python,CPU,thread 166796 (pt_autograd_0),"((288276608,), ())","('float', 'double')","((1,), ())","('', '')",1,1,348.642578125,348.642578125,,348.642578125,348.642578125,348.642578125,310497,"[{'name': 'void at::native::vectorized_elementwise_kernel<4, at::native::AUnaryFunctor<float, float, float, at::native::binary_internal::MulFunctor<float> >, std::array<char*, 2ul> >(int, at::native::AUnaryFunctor<float, float, float, at::native::binary_internal::MulFunctor<float> >, std::array<char*, 2ul>)', 'stream': 0, 'count': 1, 'total_duration_us': np.float64(348.643), 'mean_duration_us': np.float64(348.643), 'median_duration_us': np.float64(348.643), 'std_dev_duration_us': np.float64(0.0), 'min_duration_us': np.float64(348.643), 'max_duration_us': np.float64(348.643)}]","[{'name': 'void at::native::vectorized_elementwise_kernel<4, at::native::AU...', 'stream': 0, 'mean_duration_us': np.float64(348.64)}]",0.0029298862656657663,99.97223306384272
aten::linalg_vector_norm,reduce,python,CPU,thread 166796 (pt_autograd_0),"((288276480,), (), (), (), ())","('float', 'Scalar', '', 'Scalar', '')","((1,), (), (), (), ())","('', '2', '', 'False', '')",1,1,334.841796875,334.841796875,,334.841796875,334.841796875,334.841796875,287710,"[{'name': 'void at::native::reduce_kernel<512, 1, at::native::ReduceOp<float, at::native::NormTwoOps<float, float, float>, unsigned int, float, 4, 4> >(at::native::ReduceOp<float, at::native::NormTwoOps<float, float, float>, unsigned int, float, 4, 4>)', 'stream': 0, 'count': 1, 'total_duration_us': np.float64(334.842), 'mean_duration_us': np.float64(334.842), 'median_duration_us': np.float64(334.842), 'std_dev_duration_us': np.float64(0.0), 'min_duration_us': np.float64(334.842), 'max_duration_us': np.float64(334.842)}]","[{'name': 'void at::native::reduce_kernel<512, 1, at::native::ReduceOp<floa...', 'stream': 0, 'mean_duration_us': np.float64(334.84)}]",0.0028139086944313795,99.97504697253716
aten::linalg_vector_norm,reduce,python,CPU,thread 166796 (pt_autograd_0),"((288276608,), (), (), (), ())","('float', 'Scalar', '', 'Scalar', '')","((1,), (), (), (), ())","('', '2', '', 'False', '')",1,1,316.76171875,316.76171875,,316.76171875,316.76171875,316.76171875,310481,"[{'name': 'void at::native::reduce_kernel<512, 1, at::native::ReduceOp<float, at::native::NormTwoOps<float, float, float>, unsigned int, float, 4, 4> >(at::native::ReduceOp<float, at::native::NormTwoOps<float, float, float>, unsigned int, float, 4, 4>)', 'stream': 0, 'count': 1, 'total_duration_us': np.float64(316.762), 'mean_duration_us': np.float64(316.762), 'median_duration_us': np.float64(316.762), 'std_dev_duration_us': np.float64(0.0), 'min_duration_us': np.float64(316.762), 'max_duration_us': np.float64(316.762)}]","[{'name': 'void at::native::reduce_kernel<512, 1, at::native::ReduceOp<floa...', 'stream': 0, 'mean_duration_us': np.float64(316.76)}]",0.002661969212841127,99.97770894175
aten::copy_,UnaryElementwise,python,CPU,thread 166178 (python),"((8, 4096), (8, 4096), ())","('long int', 'long int', 'Scalar')","((4096, 1), (4096, 1), ())","('', '', 'True')",1,24,11.062459309895834,10.97900390625,0.30053721428712815,10.638671875,11.55859375,265.4990234375,13,"[{'name': 'Memcpy HtoD (Host -> Device)', 'stream': 0, 'count': 24, 'total_duration_us': np.float64(265.498), 'mean_duration_us': np.float64(11.062416666666666), 'median_duration_us': np.float64(10.979), 'std_dev_duration_us': np.float64(0.2939927602094234), 'min_duration_us': np.float64(10.639), 'max_duration_us': np.float64(11.559)}]","[{'name': 'Memcpy HtoD (Host -> Device)', 'stream': 0, 'mean_duration_us': np.float64(11.06)}]",0.002231173101405612,99.9799401148514
aten::eq,elementwise,python,CPU,thread 166796 (pt_autograd_0),"((), ())","('float', 'Scalar')","((), ())","('', 'inf')",1,74,3.389278927364865,3.458984375,0.4088735556018903,2.0390625,4.119140625,250.806640625,287722,"[{'name': 'void at::native::vectorized_elementwise_kernel<4, at::native::AUnaryFunctor<float, float, bool, at::native::(anonymous namespace)::CompareEqFunctor<float> >, std::array<char*, 2ul> >(int, at::native::AUnaryFunctor<float, float, bool, at::native::(anonymous namespace)::CompareEqFunctor<float> >, std::array<char*, 2ul>)', 'stream': 0, 'count': 74, 'total_duration_us': np.float64(250.808), 'mean_duration_us': np.float64(3.389297297297297), 'median_duration_us': np.float64(3.459), 'std_dev_duration_us': np.float64(0.40620982894045105), 'min_duration_us': np.float64(2.039), 'max_duration_us': np.float64(4.119)}]","[{'name': 'void at::native::vectorized_elementwise_kernel<4, at::native::AU...', 'stream': 0, 'mean_duration_us': np.float64(3.39)}]",0.002107702781619216,99.98204781763302
aten::copy_,elementwise,python,CPU,thread 166178 (python),"((6440368,), (6440368,), ())","('c10::BFloat16', 'float', 'Scalar')","((1,), (1,), ())","('', '', 'False')",1,23,9.559103260869565,9.478515625,0.5038695905443458,8.958984375,11.0791015625,219.859375,136860,"[{'name': 'void at::native::vectorized_elementwise_kernel<4, at::native::bfloat16_copy_kernel_cuda(at::TensorIteratorBase&)::{lambda(float)#1}, std::array<char*, 2ul> >(int, at::native::bfloat16_copy_kernel_cuda(at::TensorIteratorBase&)::{lambda(float)#1}, std::array<char*, 2ul>)', 'stream': 0, 'count': 23, 'total_duration_us': np.float64(219.85999999999996), 'mean_duration_us': np.float64(9.559130434782606), 'median_duration_us': np.float64(9.479), 'std_dev_duration_us': np.float64(0.49287103034362334), 'min_duration_us': np.float64(8.959), 'max_duration_us': np.float64(11.079)}]","[{'name': 'void at::native::vectorized_elementwise_kernel<4, at::native::bf...', 'stream': 0, 'mean_duration_us': np.float64(9.56)}]",0.0018476313669278956,99.98389544899995
aten::abs,elementwise,python,CPU,thread 166796 (pt_autograd_0),"((), (0,))","('float', 'float')","((), (1,))","('', '')",1,74,2.690205342060811,2.5986328125,0.6960255898901221,1.958984375,8.3193359375,199.0751953125,287720,"[{'name': 'void at::native::vectorized_elementwise_kernel<4, at::native::AbsFunctor<float>, std::array<char*, 2ul> >(int, at::native::AbsFunctor<float>, std::array<char*, 2ul>)', 'stream': 0, 'count': 74, 'total_duration_us': np.float64(199.08599999999998), 'mean_duration_us': np.float64(2.6903513513513513), 'median_duration_us': np.float64(2.599), 'std_dev_duration_us': np.float64(0.6912744288715499), 'min_duration_us': np.float64(1.959), 'max_duration_us': np.float64(8.319)}]","[{'name': 'void at::native::vectorized_elementwise_kernel<4, at::native::Ab...', 'stream': 0, 'mean_duration_us': np.float64(2.69)}]",0.001672967437648143,99.98556841643759
aten::sum,reduce,python,CPU,thread 166178 (python),"((32768,), (), (), ())","('float', 'ScalarList', 'Scalar', '')","((1,), (), (), ())","('', '[]', 'False', '')",1,16,8.901611328125,8.85888671875,0.7474638124890272,8.0390625,9.87890625,142.42578125,17116,"[{'name': 'void at::native::reduce_kernel<512, 1, at::native::ReduceOp<float, at::native::func_wrapper_t<float, at::native::sum_functor<float, float, float>::operator()(at::TensorIterator&)::{lambda(float, float)#1}>, unsigned int, float, 4, 4> >(at::native::ReduceOp<float, at::native::func_wrapper_t<float, at::native::sum_functor<float, float, float>::operator()(at::TensorIterator&)::{lambda(float, float)#1}>, unsigned int, float, 4, 4>)', 'stream': 0, 'count': 16, 'total_duration_us': np.float64(142.426), 'mean_duration_us': np.float64(8.901625), 'median_duration_us': np.float64(8.859), 'std_dev_duration_us': np.float64(0.723884130489818), 'min_duration_us': np.float64(8.039), 'max_duration_us': np.float64(9.879)}]","[{'name': 'void at::native::reduce_kernel<512, 1, at::native::ReduceOp<floa...', 'stream': 0, 'mean_duration_us': np.float64(8.9)}]",0.0011969029789915073,99.98676531941658
aten::copy_,elementwise,python,CPU,thread 166178 (python),"((64,), (64,), ())","('c10::BFloat16', 'float', 'Scalar')","((1,), (1,), ())","('', '', 'False')",1,24,3.9723714192708335,3.958984375,0.05742903714295528,3.87890625,4.0791015625,95.3369140625,136960,"[{'name': 'void at::native::vectorized_elementwise_kernel<4, at::native::bfloat16_copy_kernel_cuda(at::TensorIteratorBase&)::{lambda(float)#1}, std::array<char*, 2ul> >(int, at::native::bfloat16_copy_kernel_cuda(at::TensorIteratorBase&)::{lambda(float)#1}, std::array<char*, 2ul>)', 'stream': 0, 'count': 24, 'total_duration_us': np.float64(95.337), 'mean_duration_us': np.float64(3.972375), 'median_duration_us': np.float64(3.959), 'std_dev_duration_us': np.float64(0.05616479658113248), 'min_duration_us': np.float64(3.879), 'max_duration_us': np.float64(4.079)}]","[{'name': 'void at::native::vectorized_elementwise_kernel<4, at::native::bf...', 'stream': 0, 'mean_duration_us': np.float64(3.97)}]",0.0008011824505913573,99.98756650186716
aten::copy_,UnaryElementwise,python,CPU,thread 166178 (python),"((), (), ())","('long int', 'long int', 'Scalar')","((), (), ())","('', '', 'False')",1,16,5.261474609375,4.798828125,1.7826367250627595,3.359375,7.5185546875,84.18359375,49,"[{'name': 'Memcpy HtoD (Host -> Device)', 'stream': 0, 'count': 16, 'total_duration_us': np.float64(84.184), 'mean_duration_us': np.float64(5.2615), 'median_duration_us': np.float64(4.799), 'std_dev_duration_us': np.float64(1.7260341103234316), 'min_duration_us': np.float64(3.359), 'max_duration_us': np.float64(7.519)}]","[{'name': 'Memcpy HtoD (Host -> Device)', 'stream': 0, 'mean_duration_us': np.float64(5.26)}]",0.0007074533364484237,99.98827395520361
aten::cat,other,python,CPU,thread 166178 (python),"(((1,), (1,)), ())","('TensorList', 'Scalar')","(((1,), (1,)), ())","('', '0')",2,8,8.903076171875,8.83837890625,0.16105521839776465,8.7177734375,9.197265625,71.224609375,17137,"[{'name': 'Memcpy DtoD (Device -> Device)', 'stream': 0, 'count': 8, 'total_duration_us': np.float64(34.394000000000005), 'mean_duration_us': np.float64(4.299250000000001), 'median_duration_us': np.float64(4.2989999999999995), 'std_dev_duration_us': np.float64(0.08694933869788775), 'min_duration_us': np.float64(4.199), 'max_duration_us': np.float64(4.479)}, {'name': 'void at::native::elementwise_kernel_manual_unroll<128, 4, at::native::gpu_kernel_impl<at::native::direct_copy_kernel_cuda(at::TensorIteratorBase&)::{lambda()#3}::operator()() const::{lambda()#7}::operator()() const::{lambda(float)#1}>(at::TensorIteratorBase&, at::native::direct_copy_kernel_cuda(at::TensorIteratorBase&)::{lambda()#3}::operator()() const::{lambda()#7}::operator()() const::{lambda(float)#1} const&)::{lambda(int, bool)#1}>(int, at::native::gpu_kernel_impl<at::native::direct_copy_kernel_cuda(at::TensorIteratorBase&)::{lambda()#3}::operator()() const::{lambda()#7}::operator()() const::{lambda(float)#1}>(at::TensorIteratorBase&, at::native::direct_copy_kernel_cuda(at::TensorIteratorBase&)::{lambda()#3}::operator()() const::{lambda()#7}::operator()() const::{lambda(float)#1} const&)::{lambda(int, bool)#1})', 'stream': 0, 'count': 8, 'total_duration_us': np.float64(36.832), 'mean_duration_us': np.float64(4.604), 'median_duration_us': np.float64(4.579000000000001), 'std_dev_duration_us': np.float64(0.07331439149307598), 'min_duration_us': np.float64(4.519), 'max_duration_us': np.float64(4.719)}]","[{'name': 'Memcpy DtoD (Device -> Device)', 'stream': 0, 'mean_duration_us': np.float64(4.3)}, {'name': 'void at::native::elementwise_kernel_manual_unroll<128, 4, at::na...', 'stream': 0, 'mean_duration_us': np.float64(4.6)}]",0.0005985499703091427,99.98887250517392
aten::copy_,UnaryElementwise,python,CPU,thread 166178 (python),"((8, 4096), (8, 4096), ())","('float', 'float', 'Scalar')","((4096, 1), (4096, 1), ())","('', '', 'True')",1,8,8.8189697265625,8.8388671875,0.28854214289683144,8.439453125,9.359375,70.5517578125,21,"[{'name': 'Memcpy HtoD (Host -> Device)', 'stream': 0, 'count': 8, 'total_duration_us': np.float64(70.552), 'mean_duration_us': np.float64(8.819), 'median_duration_us': np.float64(8.839), 'std_dev_duration_us': np.float64(0.26981475126464083), 'min_duration_us': np.float64(8.439), 'max_duration_us': np.float64(9.359)}]","[{'name': 'Memcpy HtoD (Host -> Device)', 'stream': 0, 'mean_duration_us': np.float64(8.82)}]",0.0005928955302737271,99.98946540070419
aten::copy_,UnaryElementwise,python,CPU,thread 166178 (python),"((), (), ())","('float', 'float', 'Scalar')","((), (), ())","('', '', 'False')",1,16,4.33917236328125,4.33935546875,0.12633700592587543,4.0791015625,4.55859375,69.4267578125,17123,"[{'name': 'Memcpy DtoD (Device -> Device)', 'stream': 0, 'count': 16, 'total_duration_us': np.float64(69.424), 'mean_duration_us': np.float64(4.339), 'median_duration_us': np.float64(4.339), 'std_dev_duration_us': np.float64(0.12247448713915901), 'min_duration_us': np.float64(4.079), 'max_duration_us': np.float64(4.559)}]","[{'name': 'Memcpy DtoD (Device -> Device)', 'stream': 0, 'mean_duration_us': np.float64(4.34)}]",0.0005834413721883878,99.99004884207638
aten::linalg_vector_norm,reduce,python,CPU,thread 166796 (pt_autograd_0),"((51526272,), (), (), (), ())","('float', 'Scalar', '', 'Scalar', '')","((1,), (), (), (), ())","('', '2', '', 'False', '')",1,1,63.2392578125,63.2392578125,,63.2392578125,63.2392578125,63.2392578125,288680,"[{'name': 'void at::native::reduce_kernel<512, 1, at::native::ReduceOp<float, at::native::NormTwoOps<float, float, float>, unsigned int, float, 4, 4> >(at::native::ReduceOp<float, at::native::NormTwoOps<float, float, float>, unsigned int, float, 4, 4>)', 'stream': 0, 'count': 1, 'total_duration_us': np.float64(63.239), 'mean_duration_us': np.float64(63.239), 'median_duration_us': np.float64(63.239), 'std_dev_duration_us': np.float64(0.0), 'min_duration_us': np.float64(63.239), 'max_duration_us': np.float64(63.239)}]","[{'name': 'void at::native::reduce_kernel<512, 1, at::native::ReduceOp<floa...', 'stream': 0, 'mean_duration_us': np.float64(63.24)}]",0.000531443502719022,99.9905802855791
aten::mul_,elementwise,python,CPU,thread 166796 (pt_autograd_0),"((51526272,), ())","('float', 'double')","((1,), ())","('', '')",1,1,58.6796875,58.6796875,,58.6796875,58.6796875,58.6796875,288696,"[{'name': 'void at::native::vectorized_elementwise_kernel<4, at::native::AUnaryFunctor<float, float, float, at::native::binary_internal::MulFunctor<float> >, std::array<char*, 2ul> >(int, at::native::AUnaryFunctor<float, float, float, at::native::binary_internal::MulFunctor<float> >, std::array<char*, 2ul>)', 'stream': 0, 'count': 1, 'total_duration_us': np.float64(58.68), 'mean_duration_us': np.float64(58.68), 'median_duration_us': np.float64(58.68), 'std_dev_duration_us': np.float64(0.0), 'min_duration_us': np.float64(58.68), 'max_duration_us': np.float64(58.68)}]","[{'name': 'void at::native::vectorized_elementwise_kernel<4, at::native::AU...', 'stream': 0, 'mean_duration_us': np.float64(58.68)}]",0.0004931262595762713,99.99107341183867
aten::_local_scalar_dense,other,python,CPU,thread 166178 (python),"((),)","('bool',)","((),)","('',)",1,16,3.618896484375,3.55859375,0.36476293590494296,3.1591796875,4.478515625,57.90234375,17148,"[{'name': 'Memcpy DtoD (Device -> Device)', 'stream': 0, 'count': 16, 'total_duration_us': np.float64(57.904), 'mean_duration_us': np.float64(3.619), 'median_duration_us': np.float64(3.559), 'std_dev_duration_us': np.float64(0.35327043465311386), 'min_duration_us': np.float64(3.159), 'max_duration_us': np.float64(4.479)}]","[{'name': 'Memcpy DtoD (Device -> Device)', 'stream': 0, 'mean_duration_us': np.float64(3.62)}]",0.0004865936989548042,99.99156000553762
triton_poi_fused__to_copy_arange_index_index_put_rsub_sub_view_1,triton,python,CPU,thread 166796 (pt_autograd_0),"((32768,), (4096, 8, 100096), (4096, 8), (32768, 100096), ())","('long int', 'float', 'bool', 'float', 'Scalar')","((1,), (800768, 100096, 1), (8, 1), (100096, 1), ())","('', '', '', '', '32768')",1,8,7.1590576171875,6.73876953125,1.8124921403911791,5.439453125,11.3193359375,57.2724609375,138035,"[{'name': 'triton_poi_fused__to_copy_arange_index_index_put_rsub_sub_view_1', 'stream': 0, 'count': 8, 'total_duration_us': np.float64(57.272), 'mean_duration_us': np.float64(7.159), 'median_duration_us': np.float64(6.739), 'std_dev_duration_us': np.float64(1.6954055562018195), 'min_duration_us': np.float64(5.439), 'max_duration_us': np.float64(11.319)}]","[{'name': 'triton_poi_fused__to_copy_arange_index_index_put_rsub_sub_view_1', 'stream': 0, 'mean_duration_us': np.float64(7.16)}]",0.0004813003552351481,99.99204130589285
aten::copy_,elementwise,python,CPU,thread 166178 (python),"((36034560,), (36034560,), ())","('c10::BFloat16', 'float', 'Scalar')","((1,), (1,), ())","('', '', 'False')",1,1,46.7587890625,46.7587890625,,46.7587890625,46.7587890625,46.7587890625,136852,"[{'name': 'void at::native::vectorized_elementwise_kernel<4, at::native::bfloat16_copy_kernel_cuda(at::TensorIteratorBase&)::{lambda(float)#1}, std::array<char*, 2ul> >(int, at::native::bfloat16_copy_kernel_cuda(at::TensorIteratorBase&)::{lambda(float)#1}, std::array<char*, 2ul>)', 'stream': 0, 'count': 1, 'total_duration_us': np.float64(46.759), 'mean_duration_us': np.float64(46.759), 'median_duration_us': np.float64(46.759), 'std_dev_duration_us': np.float64(0.0), 'min_duration_us': np.float64(46.759), 'max_duration_us': np.float64(46.759)}]","[{'name': 'void at::native::vectorized_elementwise_kernel<4, at::native::bf...', 'stream': 0, 'mean_duration_us': np.float64(46.76)}]",0.00039294665215636133,99.99243425254501
aten::copy_,UnaryElementwise,python,CPU,thread 166178 (python),"((1,), (1,), ())","('float', 'float', 'Scalar')","((1,), (1,), ())","('', '', 'False')",1,14,3.3164760044642856,2.3603515625,1.2854063864171674,2.119140625,5.3994140625,46.4306640625,17170,"[{'name': 'Memcpy DtoD (Device -> Device)', 'stream': 0, 'count': 14, 'total_duration_us': np.float64(46.428), 'mean_duration_us': np.float64(3.3162857142857143), 'median_duration_us': np.float64(2.36), 'std_dev_duration_us': np.float64(1.2387337675783185), 'min_duration_us': np.float64(2.119), 'max_duration_us': np.float64(5.399)}]","[{'name': 'Memcpy DtoD (Device -> Device)', 'stream': 0, 'mean_duration_us': np.float64(3.32)}]",0.0003901891893814708,99.99282444173438
aten::div_,elementwise,python,CPU,thread 166178 (python),"((), ())","('float', 'int')","((), ())","('', '')",1,8,5.43896484375,5.43896484375,0.2240409149638654,5.0390625,5.7587890625,43.51171875,17160,"[{'name': 'void at::native::elementwise_kernel_manual_unroll<128, 4, at::native::gpu_kernel_impl<at::native::BinaryFunctor<float, float, float, at::native::binary_internal::DivFunctor<float> > >(at::TensorIteratorBase&, at::native::BinaryFunctor<float, float, float, at::native::binary_internal::DivFunctor<float> > const&)::{lambda(int, bool)#1}>(int, at::native::gpu_kernel_impl<at::native::BinaryFunctor<float, float, float, at::native::binary_internal::DivFunctor<float> > >(at::TensorIteratorBase&, at::native::BinaryFunctor<float, float, float, at::native::binary_internal::DivFunctor<float> > const&)::{lambda(int, bool)#1})', 'stream': 0, 'count': 8, 'total_duration_us': np.float64(43.512), 'mean_duration_us': np.float64(5.439), 'median_duration_us': np.float64(5.439), 'std_dev_duration_us': np.float64(0.2097617696340305), 'min_duration_us': np.float64(5.039), 'max_duration_us': np.float64(5.759)}]","[{'name': 'void at::native::elementwise_kernel_manual_unroll<128, 4, at::na...', 'stream': 0, 'mean_duration_us': np.float64(5.44)}]",0.00036565926011317303,99.9931901009945
aten::ne,elementwise,python,CPU,thread 166178 (python),"((), ())","('float', 'float')","((), ())","('', '')",1,8,5.2642822265625,5.279296875,0.11107812024602079,5.0390625,5.359375,42.1142578125,17145,"[{'name': 'void at::native::vectorized_elementwise_kernel<4, at::native::BinaryFunctor<float, float, bool, at::native::(anonymous namespace)::CompareEqFunctor<float> >, std::array<char*, 3ul> >(int, at::native::BinaryFunctor<float, float, bool, at::native::(anonymous namespace)::CompareEqFunctor<float> >, std::array<char*, 3ul>)', 'stream': 0, 'count': 8, 'total_duration_us': np.float64(42.111999999999995), 'mean_duration_us': np.float64(5.263999999999999), 'median_duration_us': np.float64(5.279), 'std_dev_duration_us': np.float64(0.10380269746013357), 'min_duration_us': np.float64(5.039), 'max_duration_us': np.float64(5.359)}]","[{'name': 'void at::native::vectorized_elementwise_kernel<4, at::native::Bi...', 'stream': 0, 'mean_duration_us': np.float64(5.26)}]",0.00035391542311654067,99.99354401641762
aten::copy_,elementwise,python,CPU,thread 166178 (python),"((4096, 8), (4096, 8), ())","('long int', 'long int', 'Scalar')","((8, 1), (1, 4096), ())","('', '', 'False')",1,8,4.8638916015625,4.89892578125,0.1385961437095426,4.6787109375,5.0791015625,38.9111328125,17063,"[{'name': 'void at::native::elementwise_kernel_manual_unroll<128, 4, at::native::gpu_kernel_impl_nocast<at::native::direct_copy_kernel_cuda(at::TensorIteratorBase&)::{lambda()#3}::operator()() const::{lambda()#4}::operator()() const::{lambda(long)#1}>(at::TensorIteratorBase&, at::native::direct_copy_kernel_cuda(at::TensorIteratorBase&)::{lambda()#3}::operator()() const::{lambda()#4}::operator()() const::{lambda(long)#1} const&)::{lambda(int, bool)#1}>(int, at::native::gpu_kernel_impl_nocast<at::native::direct_copy_kernel_cuda(at::TensorIteratorBase&)::{lambda()#3}::operator()() const::{lambda()#4}::operator()() const::{lambda(long)#1}>(at::TensorIteratorBase&, at::native::direct_copy_kernel_cuda(at::TensorIteratorBase&)::{lambda()#3}::operator()() const::{lambda()#4}::operator()() const::{lambda(long)#1} const&)::{lambda(int, bool)#1})', 'stream': 0, 'count': 8, 'total_duration_us': np.float64(38.912), 'mean_duration_us': np.float64(4.864), 'median_duration_us': np.float64(4.898999999999999), 'std_dev_duration_us': np.float64(0.12951833846988592), 'min_duration_us': np.float64(4.679), 'max_duration_us': np.float64(5.079)}]","[{'name': 'void at::native::elementwise_kernel_manual_unroll<128, 4, at::na...', 'stream': 0, 'mean_duration_us': np.float64(4.86)}]",0.0003269973341235609,99.99387101375174
aten::copy_,elementwise,python,CPU,thread 166178 (python),"((36034512,), (36034512,), ())","('c10::BFloat16', 'float', 'Scalar')","((1,), (1,), ())","('', '', 'False')",1,1,38.798828125,38.798828125,,38.798828125,38.798828125,38.798828125,136952,"[{'name': 'void at::native::vectorized_elementwise_kernel<4, at::native::bfloat16_copy_kernel_cuda(at::TensorIteratorBase&)::{lambda(float)#1}, std::array<char*, 2ul> >(int, at::native::bfloat16_copy_kernel_cuda(at::TensorIteratorBase&)::{lambda(float)#1}, std::array<char*, 2ul>)', 'stream': 0, 'count': 1, 'total_duration_us': np.float64(38.799), 'mean_duration_us': np.float64(38.799), 'median_duration_us': np.float64(38.799), 'std_dev_duration_us': np.float64(0.0), 'min_duration_us': np.float64(38.799), 'max_duration_us': np.float64(38.799)}]","[{'name': 'void at::native::vectorized_elementwise_kernel<4, at::native::bf...', 'stream': 0, 'mean_duration_us': np.float64(38.8)}]",0.0003260535596619168,99.9941970673114
aten::arange,other,python,CPU,thread 166796 (pt_autograd_0),"((), (), (), (0,))","('Scalar', 'Scalar', 'Scalar', 'long int')","((), (), (), (1,))","('0', '32768', '1', '')",1,8,4.7537841796875,4.6787109375,0.3717574530264941,4.439453125,5.5986328125,38.0302734375,159350,"[{'name': 'void (anonymous namespace)::elementwise_kernel_with_index<int, at::native::arange_cuda_out(c10::Scalar const&, c10::Scalar const&, c10::Scalar const&, at::Tensor&)::{lambda()#1}::operator()() const::{lambda()#4}::operator()() const::{lambda(long)#1}>(int, at::native::arange_cuda_out(c10::Scalar const&, c10::Scalar const&, c10::Scalar const&, at::Tensor&)::{lambda()#1}::operator()() const::{lambda()#4}::operator()() const::{lambda(long)#1}, function_traits<at::native::arange_cuda_out(c10::Scalar const&, c10::Scalar const&, c10::Scalar const&, at::Tensor&)::{lambda()#1}::operator()() const::{lambda()#4}::operator()() const::{lambda(long)#1}>::result_type*)', 'stream': 0, 'count': 8, 'total_duration_us': np.float64(38.032), 'mean_duration_us': np.float64(4.754), 'median_duration_us': np.float64(4.679), 'std_dev_duration_us': np.float64(0.34781460578877366), 'min_duration_us': np.float64(4.439), 'max_duration_us': np.float64(5.599)}]","[{'name': 'void (anonymous namespace)::elementwise_kernel_with_index<int, a...', 'stream': 0, 'mean_duration_us': np.float64(4.75)}]",0.00031959485965049145,99.99451666217105
triton_poi_fused_arange_bitwise_or_ge_index_index_put_lift_fresh_lt_sub_unsqueeze_view_0,triton,python,CPU,thread 166178 (python),"((4096, 8), (4096, 8, 100096), (4096, 8), (4096, 8), (4096, 8), (4096, 8), (32768,), ())","('long int', 'float', 'float', 'bool', 'long int', 'float', 'float', 'Scalar')","((8, 1), (800768, 100096, 1), (8, 1), (8, 1), (8, 1), (8, 1), (1,), ())","('', '', '', '', '', '', '', '32768')",1,8,4.728759765625,4.73876953125,0.07935992103040956,4.638671875,4.87890625,37.830078125,17080,"[{'name': 'triton_poi_fused_arange_bitwise_or_ge_index_index_put_lift_fresh_lt_sub_unsqueeze_view_0', 'stream': 0, 'count': 8, 'total_duration_us': np.float64(37.832), 'mean_duration_us': np.float64(4.729), 'median_duration_us': np.float64(4.739000000000001), 'std_dev_duration_us': np.float64(0.07416198487095647), 'min_duration_us': np.float64(4.639), 'max_duration_us': np.float64(4.879)}]","[{'name': 'triton_poi_fused_arange_bitwise_or_ge_index_index_put_lift_fresh...', 'stream': 0, 'mean_duration_us': np.float64(4.73)}]",0.0003179124790884302,99.99483457465014
triton_poi_fused_arange_cat_index_index_put_lift_fresh_sub_unsqueeze_view_1,triton,python,CPU,thread 166178 (python),"((4096, 8), (32768,), (4096, 8), ())","('float', 'float', 'float', 'Scalar')","((8, 1), (1,), (8, 1), ())","('', '', '', '32768')",1,8,4.6636962890625,4.6787109375,0.07394461808423054,4.55859375,4.7587890625,37.3095703125,17081,"[{'name': 'triton_poi_fused_arange_cat_index_index_put_lift_fresh_sub_unsqueeze_view_1', 'stream': 0, 'count': 8, 'total_duration_us': np.float64(37.312), 'mean_duration_us': np.float64(4.664), 'median_duration_us': np.float64(4.679), 'std_dev_duration_us': np.float64(0.06910137480542633), 'min_duration_us': np.float64(4.559), 'max_duration_us': np.float64(4.759)}]","[{'name': 'triton_poi_fused_arange_cat_index_index_put_lift_fresh_sub_unsqu...', 'stream': 0, 'mean_duration_us': np.float64(4.66)}]",0.000313538289627071,99.99514811293977
triton_poi_fused_log_split_sub_0,triton,python,CPU,thread 166178 (python),"((8192, 8), (4096, 8), ())","('float', 'float', 'Scalar')","((8, 1), (8, 1), ())","('', '', '32768')",1,8,4.5887451171875,4.5986328125,0.07909628768099392,4.439453125,4.71875,36.7099609375,17091,"[{'name': 'triton_poi_fused_log_split_sub_0', 'stream': 0, 'count': 8, 'total_duration_us': np.float64(36.712), 'mean_duration_us': np.float64(4.589), 'median_duration_us': np.float64(4.599), 'std_dev_duration_us': np.float64(0.07416198487095668), 'min_duration_us': np.float64(4.439), 'max_duration_us': np.float64(4.719)}]","[{'name': 'triton_poi_fused_log_split_sub_0', 'stream': 0, 'mean_duration_us': np.float64(4.59)}]",0.00030849935467533636,99.99545661229445
aten::_local_scalar_dense,other,python,CPU,thread 166178 (python),"((1,),)","('float',)","((1,),)","('',)",1,9,4.016818576388889,3.638671875,0.8313069342393674,3.3193359375,5.798828125,36.1513671875,136353,"[{'name': 'Memcpy DtoD (Device -> Device)', 'stream': 0, 'count': 9, 'total_duration_us': np.float64(36.151), 'mean_duration_us': np.float64(4.0167777777777784), 'median_duration_us': np.float64(3.639), 'std_dev_duration_us': np.float64(0.7838619177972863), 'min_duration_us': np.float64(3.319), 'max_duration_us': np.float64(5.799)}]","[{'name': 'Memcpy DtoD (Device -> Device)', 'stream': 0, 'mean_duration_us': np.float64(4.02)}]",0.00030380510257046306,99.99576041739702
aten::copy_,elementwise,python,CPU,thread 166178 (python),"((8, 4096), (8, 4096), ())","('float', 'float', 'Scalar')","((4096, 1), (1, 8), ())","('', '', 'False')",1,8,4.464111328125,4.49951171875,0.14779800680406802,4.2392578125,4.5986328125,35.712890625,17101,"[{'name': 'void at::native::elementwise_kernel_manual_unroll<128, 4, at::native::gpu_kernel_impl_nocast<at::native::direct_copy_kernel_cuda(at::TensorIteratorBase&)::{lambda()#3}::operator()() const::{lambda()#7}::operator()() const::{lambda(float)#1}>(at::TensorIteratorBase&, at::native::direct_copy_kernel_cuda(at::TensorIteratorBase&)::{lambda()#3}::operator()() const::{lambda()#7}::operator()() const::{lambda(float)#1} const&)::{lambda(int, bool)#1}>(int, at::native::gpu_kernel_impl_nocast<at::native::direct_copy_kernel_cuda(at::TensorIteratorBase&)::{lambda()#3}::operator()() const::{lambda()#7}::operator()() const::{lambda(float)#1}>(at::TensorIteratorBase&, at::native::direct_copy_kernel_cuda(at::TensorIteratorBase&)::{lambda()#3}::operator()() const::{lambda()#7}::operator()() const::{lambda(float)#1} const&)::{lambda(int, bool)#1})', 'stream': 0, 'count': 8, 'total_duration_us': np.float64(35.713), 'mean_duration_us': np.float64(4.464125), 'median_duration_us': np.float64(4.499499999999999), 'std_dev_duration_us': np.float64(0.13855994866843746), 'min_duration_us': np.float64(4.239), 'max_duration_us': np.float64(4.599)}]","[{'name': 'void at::native::elementwise_kernel_manual_unroll<128, 4, at::na...', 'stream': 0, 'mean_duration_us': np.float64(4.46)}]",0.0003001202788028265,99.99606053767583
aten::mul,elementwise,python,CPU,thread 166178 (python),"((32768,), (32768,))","('float', 'float')","((1,), (1,))","('', '')",1,8,4.404052734375,4.439453125,0.25693736645520465,3.798828125,4.638671875,35.232421875,17112,"[{'name': 'void at::native::vectorized_elementwise_kernel<4, at::native::BinaryFunctor<float, float, float, at::native::binary_internal::MulFunctor<float> >, std::array<char*, 3ul> >(int, at::native::BinaryFunctor<float, float, float, at::native::binary_internal::MulFunctor<float> >, std::array<char*, 3ul>)', 'stream': 0, 'count': 8, 'total_duration_us': np.float64(35.232), 'mean_duration_us': np.float64(4.404), 'median_duration_us': np.float64(4.439), 'std_dev_duration_us': np.float64(0.24036430683443838), 'min_duration_us': np.float64(3.799), 'max_duration_us': np.float64(4.639)}]","[{'name': 'void at::native::vectorized_elementwise_kernel<4, at::native::Bi...', 'stream': 0, 'mean_duration_us': np.float64(4.4)}]",0.00029608256545387955,99.99635662024129
aten::copy_,elementwise,python,CPU,thread 166178 (python),"((), (), ())","('int', 'float', 'Scalar')","((), (), ())","('', '', 'False')",1,8,4.37939453125,4.3798828125,0.0905551584903543,4.19921875,4.5185546875,35.03515625,17129,"[{'name': 'void at::native::elementwise_kernel_manual_unroll<128, 4, at::native::gpu_kernel_impl<at::native::direct_copy_kernel_cuda(at::TensorIteratorBase&)::{lambda()#3}::operator()() const::{lambda()#3}::operator()() const::{lambda(int)#1}>(at::TensorIteratorBase&, at::native::direct_copy_kernel_cuda(at::TensorIteratorBase&)::{lambda()#3}::operator()() const::{lambda()#3}::operator()() const::{lambda(int)#1} const&)::{lambda(int, bool)#1}>(int, at::native::gpu_kernel_impl<at::native::direct_copy_kernel_cuda(at::TensorIteratorBase&)::{lambda()#3}::operator()() const::{lambda()#3}::operator()() const::{lambda(int)#1}>(at::TensorIteratorBase&, at::native::direct_copy_kernel_cuda(at::TensorIteratorBase&)::{lambda()#3}::operator()() const::{lambda()#3}::operator()() const::{lambda(int)#1} const&)::{lambda(int, bool)#1})', 'stream': 0, 'count': 8, 'total_duration_us': np.float64(35.033), 'mean_duration_us': np.float64(4.379125), 'median_duration_us': np.float64(4.3795), 'std_dev_duration_us': np.float64(0.08482399056281195), 'min_duration_us': np.float64(4.199), 'max_duration_us': np.float64(4.519)}]","[{'name': 'void at::native::elementwise_kernel_manual_unroll<128, 4, at::na...', 'stream': 0, 'mean_duration_us': np.float64(4.38)}]",0.0002944248050951655,99.99665104504638
aten::fill_,elementwise,python,CPU,thread 166178 (python),"((1,), ())","('float', 'Scalar')","((1,), ())","('', '1.')",1,16,2.1717529296875,2.13916015625,0.15797947274631632,1.958984375,2.5595703125,34.748046875,17166,"[{'name': 'void at::native::vectorized_elementwise_kernel<4, at::native::FillFunctor<float>, std::array<char*, 1ul> >(int, at::native::FillFunctor<float>, std::array<char*, 1ul>)', 'stream': 0, 'count': 16, 'total_duration_us': np.float64(34.746), 'mean_duration_us': np.float64(2.171625), 'median_duration_us': np.float64(2.1390000000000002), 'std_dev_duration_us': np.float64(0.15297298576872972), 'min_duration_us': np.float64(1.959), 'max_duration_us': np.float64(2.56)}]","[{'name': 'void at::native::vectorized_elementwise_kernel<4, at::native::Fi...', 'stream': 0, 'mean_duration_us': np.float64(2.17)}]",0.00029201202516713625,99.99694305707155
aten::mul,elementwise,python,CPU,thread 166796 (pt_autograd_0),"((32768,), (32768,))","('float', 'float')","((0,), (1,))","('', '')",1,8,4.0640869140625,4.09912109375,0.14662561782448438,3.8388671875,4.2392578125,32.5126953125,138012,"[{'name': 'void at::native::elementwise_kernel_manual_unroll<128, 4, at::native::gpu_kernel_impl_nocast<at::native::BinaryFunctor<float, float, float, at::native::binary_internal::MulFunctor<float> > >(at::TensorIteratorBase&, at::native::BinaryFunctor<float, float, float, at::native::binary_internal::MulFunctor<float> > const&)::{lambda(int, bool)#1}>(int, at::native::gpu_kernel_impl_nocast<at::native::BinaryFunctor<float, float, float, at::native::binary_internal::MulFunctor<float> > >(at::TensorIteratorBase&, at::native::BinaryFunctor<float, float, float, at::native::binary_internal::MulFunctor<float> > const&)::{lambda(int, bool)#1})', 'stream': 0, 'count': 8, 'total_duration_us': np.float64(32.512), 'mean_duration_us': np.float64(4.064), 'median_duration_us': np.float64(4.099), 'std_dev_duration_us': np.float64(0.13702189606044715), 'min_duration_us': np.float64(3.839), 'max_duration_us': np.float64(4.239)}]","[{'name': 'void at::native::elementwise_kernel_manual_unroll<128, 4, at::na...', 'stream': 0, 'mean_duration_us': np.float64(4.06)}]",0.00027322681001319395,99.99721628388156
aten::add_,elementwise,python,CPU,thread 166178 (python),"((), (), ())","('int', 'int', 'Scalar')","((), (), ())","('', '', '1')",1,8,3.7989501953125,2.89892578125,1.687815273443164,2.71875,6.55859375,30.3916015625,17171,"[{'name': 'void at::native::vectorized_elementwise_kernel<4, at::native::CUDAFunctor_add<int>, std::array<char*, 3ul> >(int, at::native::CUDAFunctor_add<int>, std::array<char*, 3ul>)', 'stream': 0, 'count': 8, 'total_duration_us': np.float64(30.393), 'mean_duration_us': np.float64(3.799125), 'median_duration_us': np.float64(2.899), 'std_dev_duration_us': np.float64(1.5789458855119134), 'min_duration_us': np.float64(2.719), 'max_duration_us': np.float64(6.559)}]","[{'name': 'void at::native::vectorized_elementwise_kernel<4, at::native::CU...', 'stream': 0, 'mean_duration_us': np.float64(3.8)}]",0.0002554017827897939,99.99747168566435
aten::eq,elementwise,python,CPU,thread 166178 (python),"((), ())","('float', 'Scalar')","((), ())","('', 'inf')",1,8,3.339111328125,3.359375,0.28117914669742666,2.8388671875,3.7587890625,26.712890625,17154,"[{'name': 'void at::native::vectorized_elementwise_kernel<4, at::native::AUnaryFunctor<float, float, bool, at::native::(anonymous namespace)::CompareEqFunctor<float> >, std::array<char*, 2ul> >(int, at::native::AUnaryFunctor<float, float, bool, at::native::(anonymous namespace)::CompareEqFunctor<float> >, std::array<char*, 2ul>)', 'stream': 0, 'count': 8, 'total_duration_us': np.float64(26.712000000000003), 'mean_duration_us': np.float64(3.3390000000000004), 'median_duration_us': np.float64(3.359), 'std_dev_duration_us': np.float64(0.2630589287593181), 'min_duration_us': np.float64(2.839), 'max_duration_us': np.float64(3.759)}]","[{'name': 'void at::native::vectorized_elementwise_kernel<4, at::native::AU...', 'stream': 0, 'mean_duration_us': np.float64(3.34)}]",0.00022448701412011254,99.99769617267847
aten::div,elementwise,python,CPU,thread 166796 (pt_autograd_0),"((), ())","('float', 'int')","((), ())","('', '')",1,8,3.3343505859375,3.3193359375,0.07394461808423036,3.2392578125,3.439453125,26.6748046875,138003,"[{'name': 'void at::native::elementwise_kernel_manual_unroll<128, 4, at::native::gpu_kernel_impl<at::native::BinaryFunctor<float, float, float, at::native::binary_internal::DivFunctor<float> > >(at::TensorIteratorBase&, at::native::BinaryFunctor<float, float, float, at::native::binary_internal::DivFunctor<float> > const&)::{lambda(int, bool)#1}>(int, at::native::gpu_kernel_impl<at::native::BinaryFunctor<float, float, float, at::native::binary_internal::DivFunctor<float> > >(at::TensorIteratorBase&, at::native::BinaryFunctor<float, float, float, at::native::binary_internal::DivFunctor<float> > const&)::{lambda(int, bool)#1})', 'stream': 0, 'count': 8, 'total_duration_us': np.float64(26.672), 'mean_duration_us': np.float64(3.334), 'median_duration_us': np.float64(3.319), 'std_dev_duration_us': np.float64(0.06910137480542633), 'min_duration_us': np.float64(3.239), 'max_duration_us': np.float64(3.439)}]","[{'name': 'void at::native::elementwise_kernel_manual_unroll<128, 4, at::na...', 'stream': 0, 'mean_duration_us': np.float64(3.33)}]",0.00022416695147659845,99.99792033962996
aten::clamp,elementwise,python,CPU,thread 166178 (python),"((), (), ())","('int', 'Scalar', '')","((), (), ())","('', '1', '')",1,8,2.8739013671875,2.8388671875,0.15644905489981084,2.71875,3.1591796875,22.9912109375,17158,"[{'name': 'void at::native::vectorized_elementwise_kernel<4, at::native::(anonymous namespace)::launch_clamp_scalar(at::TensorIteratorBase&, c10::Scalar, c10::Scalar, at::native::detail::ClampLimits)::{lambda()#1}::operator()() const::{lambda()#3}::operator()() const::{lambda(int)#1}, std::array<char*, 2ul> >(int, at::native::(anonymous namespace)::launch_clamp_scalar(at::TensorIteratorBase&, c10::Scalar, c10::Scalar, at::native::detail::ClampLimits)::{lambda()#1}::operator()() const::{lambda()#3}::operator()() const::{lambda(int)#1}, std::array<char*, 2ul>)', 'stream': 0, 'count': 8, 'total_duration_us': np.float64(22.991999999999997), 'mean_duration_us': np.float64(2.8739999999999997), 'median_duration_us': np.float64(2.839), 'std_dev_duration_us': np.float64(0.1462019151721345), 'min_duration_us': np.float64(2.719), 'max_duration_us': np.float64(3.159)}]","[{'name': 'void at::native::vectorized_elementwise_kernel<4, at::native::(a...', 'stream': 0, 'mean_duration_us': np.float64(2.87)}]",0.00019321114913467172,99.9981135507791
aten::mul,elementwise,python,CPU,thread 166796 (pt_autograd_0),"((1,), (1,))","('float', 'float')","((1,), (1,))","('', '')",1,8,2.779052734375,2.87890625,0.3627850356185368,2.119140625,3.19921875,22.232421875,137992,"[{'name': 'void at::native::vectorized_elementwise_kernel<4, at::native::BinaryFunctor<float, float, float, at::native::binary_internal::MulFunctor<float> >, std::array<char*, 3ul> >(int, at::native::BinaryFunctor<float, float, float, at::native::binary_internal::MulFunctor<float> >, std::array<char*, 3ul>)', 'stream': 0, 'count': 8, 'total_duration_us': np.float64(22.232), 'mean_duration_us': np.float64(2.779), 'median_duration_us': np.float64(2.879), 'std_dev_duration_us': np.float64(0.3394112549695428), 'min_duration_us': np.float64(2.119), 'max_duration_us': np.float64(3.199)}]","[{'name': 'void at::native::vectorized_elementwise_kernel<4, at::native::Bi...', 'stream': 0, 'mean_duration_us': np.float64(2.78)}]",0.00018683451646773716,99.99830038529556
aten::abs,elementwise,python,CPU,thread 166178 (python),"((), (0,))","('float', 'float')","((), (1,))","('', '')",1,8,2.5888671875,2.55859375,0.08724183904555324,2.48046875,2.71875,20.7109375,17152,"[{'name': 'void at::native::vectorized_elementwise_kernel<4, at::native::AbsFunctor<float>, std::array<char*, 2ul> >(int, at::native::AbsFunctor<float>, std::array<char*, 2ul>)', 'stream': 0, 'count': 8, 'total_duration_us': np.float64(20.713), 'mean_duration_us': np.float64(2.589125), 'median_duration_us': np.float64(2.559), 'std_dev_duration_us': np.float64(0.08168604149424788), 'min_duration_us': np.float64(2.48), 'max_duration_us': np.float64(2.719)}]","[{'name': 'void at::native::vectorized_elementwise_kernel<4, at::native::Ab...', 'stream': 0, 'mean_duration_us': np.float64(2.59)}]",0.00017404842419607177,99.99847443371976
aten::mul,elementwise,python,CPU,thread 166178 (python),"((1,), ())","('float', 'float')","((1,), ())","('', '')",1,8,2.558837890625,2.55859375,0.17479864720459862,2.279296875,2.7587890625,20.470703125,17172,"[{'name': 'void at::native::vectorized_elementwise_kernel<4, at::native::BinaryFunctor<float, float, float, at::native::binary_internal::MulFunctor<float> >, std::array<char*, 3ul> >(int, at::native::BinaryFunctor<float, float, float, at::native::binary_internal::MulFunctor<float> >, std::array<char*, 3ul>)', 'stream': 0, 'count': 8, 'total_duration_us': np.float64(20.472), 'mean_duration_us': np.float64(2.559), 'median_duration_us': np.float64(2.559), 'std_dev_duration_us': np.float64(0.16370705543744898), 'min_duration_us': np.float64(2.279), 'max_duration_us': np.float64(2.759)}]","[{'name': 'void at::native::vectorized_elementwise_kernel<4, at::native::Bi...', 'stream': 0, 'mean_duration_us': np.float64(2.56)}]",0.00017202956752159827,99.99864646328729
aten::mul,elementwise,python,CPU,thread 166178 (python),"((1,), (1,))","('float', 'float')","((1,), (1,))","('', '')",1,8,2.5087890625,2.55859375,0.13619058535962425,2.279296875,2.638671875,20.0703125,17167,"[{'name': 'void at::native::vectorized_elementwise_kernel<4, at::native::BinaryFunctor<float, float, float, at::native::binary_internal::MulFunctor<float> >, std::array<char*, 3ul> >(int, at::native::BinaryFunctor<float, float, float, at::native::binary_internal::MulFunctor<float> >, std::array<char*, 3ul>)', 'stream': 0, 'count': 8, 'total_duration_us': np.float64(20.072000000000003), 'mean_duration_us': np.float64(2.5090000000000003), 'median_duration_us': np.float64(2.559), 'std_dev_duration_us': np.float64(0.12767145334803706), 'min_duration_us': np.float64(2.279), 'max_duration_us': np.float64(2.639)}]","[{'name': 'void at::native::vectorized_elementwise_kernel<4, at::native::Bi...', 'stream': 0, 'mean_duration_us': np.float64(2.51)}]",0.0001686648063974758,99.99881512809368
aten::mul,elementwise,python,CPU,thread 166178 (python),"((1,), ())","('float', 'long int')","((1,), ())","('', '')",1,8,2.3443603515625,2.359375,0.07697949528201528,2.2392578125,2.439453125,18.7548828125,17168,"[{'name': 'void at::native::vectorized_elementwise_kernel<4, at::native::AUnaryFunctor<float, float, float, at::native::binary_internal::MulFunctor<float> >, std::array<char*, 2ul> >(int, at::native::AUnaryFunctor<float, float, float, at::native::binary_internal::MulFunctor<float> >, std::array<char*, 2ul>)', 'stream': 0, 'count': 8, 'total_duration_us': np.float64(18.752000000000002), 'mean_duration_us': np.float64(2.3440000000000003), 'median_duration_us': np.float64(2.359), 'std_dev_duration_us': np.float64(0.07193747284969086), 'min_duration_us': np.float64(2.239), 'max_duration_us': np.float64(2.439)}]","[{'name': 'void at::native::vectorized_elementwise_kernel<4, at::native::AU...', 'stream': 0, 'mean_duration_us': np.float64(2.34)}]",0.0001576103350945661,99.99897273842878
aten::div_,elementwise,python,CPU,thread 166178 (python),"((), ())","('float', 'long int')","((), ())","('', '')",1,8,2.0140380859375,2.01904296875,0.07077973151525499,1.9189453125,2.119140625,16.1123046875,17162,"[{'name': 'void at::native::vectorized_elementwise_kernel<4, at::native::BUnaryFunctor<float, float, float, at::native::binary_internal::MulFunctor<float> >, std::array<char*, 2ul> >(int, at::native::BUnaryFunctor<float, float, float, at::native::binary_internal::MulFunctor<float> >, std::array<char*, 2ul>)', 'stream': 0, 'count': 8, 'total_duration_us': np.float64(16.112000000000002), 'mean_duration_us': np.float64(2.0140000000000002), 'median_duration_us': np.float64(2.019), 'std_dev_duration_us': np.float64(0.06614378277661483), 'min_duration_us': np.float64(1.919), 'max_duration_us': np.float64(2.119)}]","[{'name': 'void at::native::vectorized_elementwise_kernel<4, at::native::BU...', 'stream': 0, 'mean_duration_us': np.float64(2.01)}]",0.00013540291167535778,99.99910814134046
aten::div,elementwise,python,CPU,thread 166178 (python),"((1,), ())","('float', 'long int')","((1,), ())","('', '')",1,8,1.8038330078125,1.798828125,0.10794116254706901,1.638671875,1.958984375,14.4306640625,17169,"[{'name': 'void at::native::vectorized_elementwise_kernel<4, at::native::BUnaryFunctor<float, float, float, at::native::binary_internal::MulFunctor<float> >, std::array<char*, 2ul> >(int, at::native::BUnaryFunctor<float, float, float, at::native::binary_internal::MulFunctor<float> >, std::array<char*, 2ul>)', 'stream': 0, 'count': 8, 'total_duration_us': np.float64(14.431999999999999), 'mean_duration_us': np.float64(1.8039999999999998), 'median_duration_us': np.float64(1.799), 'std_dev_duration_us': np.float64(0.10087120500916008), 'min_duration_us': np.float64(1.639), 'max_duration_us': np.float64(1.959)}]","[{'name': 'void at::native::vectorized_elementwise_kernel<4, at::native::BU...', 'stream': 0, 'mean_duration_us': np.float64(1.8)}]",0.0001212709149540434,99.99922941225542
aten::copy_,elementwise,python,CPU,thread 166178 (python),"((6437904,), (6437904,), ())","('c10::BFloat16', 'float', 'Scalar')","((1,), (1,), ())","('', '', 'False')",1,1,9.9990234375,9.9990234375,,9.9990234375,9.9990234375,9.9990234375,136856,"[{'name': 'void at::native::vectorized_elementwise_kernel<4, at::native::bfloat16_copy_kernel_cuda(at::TensorIteratorBase&)::{lambda(float)#1}, std::array<char*, 2ul> >(int, at::native::bfloat16_copy_kernel_cuda(at::TensorIteratorBase&)::{lambda(float)#1}, std::array<char*, 2ul>)', 'stream': 0, 'count': 1, 'total_duration_us': np.float64(9.999), 'mean_duration_us': np.float64(9.999), 'median_duration_us': np.float64(9.999), 'std_dev_duration_us': np.float64(0.0), 'min_duration_us': np.float64(9.999), 'max_duration_us': np.float64(9.999)}]","[{'name': 'void at::native::vectorized_elementwise_kernel<4, at::native::bf...', 'stream': 0, 'mean_duration_us': np.float64(10.0)}]",8.402875402412197e-05,99.99931344100943
aten::sum,reduce,python,CPU,thread 166178 (python),"((24,), (), (), ())","('float', 'ScalarList', 'Scalar', '')","((1,), (), (), ())","('', '[]', 'False', '')",1,2,4.3994140625,4.3994140625,0.56623785212204,3.9990234375,4.7998046875,8.798828125,137930,"[{'name': 'void at::native::reduce_kernel<512, 1, at::native::ReduceOp<float, at::native::func_wrapper_t<float, at::native::sum_functor<float, float, float>::operator()(at::TensorIterator&)::{lambda(float, float)#1}>, unsigned int, float, 4, 4> >(at::native::ReduceOp<float, at::native::func_wrapper_t<float, at::native::sum_functor<float, float, float>::operator()(at::TensorIterator&)::{lambda(float, float)#1}>, unsigned int, float, 4, 4>)', 'stream': 0, 'count': 2, 'total_duration_us': np.float64(8.799), 'mean_duration_us': np.float64(4.3995), 'median_duration_us': np.float64(4.3995), 'std_dev_duration_us': np.float64(0.40049999999999986), 'min_duration_us': np.float64(3.999), 'max_duration_us': np.float64(4.8)}]","[{'name': 'void at::native::reduce_kernel<512, 1, at::native::ReduceOp<floa...', 'stream': 0, 'mean_duration_us': np.float64(4.4)}]",7.394267738620364e-05,99.99938738368682
aten::mul,elementwise,python,CPU,thread 166178 (python),"((24,), ())","('float', 'double')","((1,), ())","('', '')",1,2,4.1591796875,4.1591796875,0.056623785212204,4.119140625,4.19921875,8.318359375,137926,"[{'name': 'void at::native::vectorized_elementwise_kernel<4, at::native::AUnaryFunctor<float, float, float, at::native::binary_internal::MulFunctor<float> >, std::array<char*, 2ul> >(int, at::native::AUnaryFunctor<float, float, float, at::native::binary_internal::MulFunctor<float> >, std::array<char*, 2ul>)', 'stream': 0, 'count': 2, 'total_duration_us': np.float64(8.318), 'mean_duration_us': np.float64(4.159), 'median_duration_us': np.float64(4.159), 'std_dev_duration_us': np.float64(0.040000000000000036), 'min_duration_us': np.float64(4.119), 'max_duration_us': np.float64(4.199)}]","[{'name': 'void at::native::vectorized_elementwise_kernel<4, at::native::AU...', 'stream': 0, 'mean_duration_us': np.float64(4.16)}]",6.990496403725665e-05,99.99945728865086
aten::fill_,elementwise,python,CPU,thread 166178 (python),"((1,), ())","('int', 'Scalar')","((1,), ())","('', '0')",1,3,2.7587890625,2.7587890625,0.2001953125,2.55859375,2.958984375,8.2763671875,136338,"[{'name': 'void at::native::vectorized_elementwise_kernel<4, at::native::FillFunctor<int>, std::array<char*, 1ul> >(int, at::native::FillFunctor<int>, std::array<char*, 1ul>)', 'stream': 0, 'count': 3, 'total_duration_us': np.float64(8.277000000000001), 'mean_duration_us': np.float64(2.7590000000000003), 'median_duration_us': np.float64(2.759), 'std_dev_duration_us': np.float64(0.16329931618554516), 'min_duration_us': np.float64(2.559), 'max_duration_us': np.float64(2.959)}]","[{'name': 'void at::native::vectorized_elementwise_kernel<4, at::native::Fi...', 'stream': 0, 'mean_duration_us': np.float64(2.76)}]",6.955207445594625e-05,99.99952684072531
aten::add_,elementwise,python,CPU,thread 166178 (python),"((1,), (), ())","('float', 'float', 'Scalar')","((1,), (), ())","('', '', '1')",1,2,4.05908203125,4.05908203125,0.14155946303051,3.958984375,4.1591796875,8.1181640625,137933,"[{'name': 'void at::native::vectorized_elementwise_kernel<4, at::native::CUDAFunctor_add<float>, std::array<char*, 3ul> >(int, at::native::CUDAFunctor_add<float>, std::array<char*, 3ul>)', 'stream': 0, 'count': 2, 'total_duration_us': np.float64(8.118), 'mean_duration_us': np.float64(4.059), 'median_duration_us': np.float64(4.059), 'std_dev_duration_us': np.float64(0.09999999999999987), 'min_duration_us': np.float64(3.959), 'max_duration_us': np.float64(4.159)}]","[{'name': 'void at::native::vectorized_elementwise_kernel<4, at::native::CU...', 'stream': 0, 'mean_duration_us': np.float64(4.06)}]",6.822258347519543e-05,99.99959506330879
aten::fill_,elementwise,python,CPU,thread 166178 (python),"((24,), ())","('float', 'Scalar')","((1,), ())","('', '0')",1,2,3.77880859375,3.77880859375,0.311430818667122,3.55859375,3.9990234375,7.5576171875,137940,"[{'name': 'void at::native::vectorized_elementwise_kernel<4, at::native::FillFunctor<float>, std::array<char*, 1ul> >(int, at::native::FillFunctor<float>, std::array<char*, 1ul>)', 'stream': 0, 'count': 2, 'total_duration_us': np.float64(7.558), 'mean_duration_us': np.float64(3.779), 'median_duration_us': np.float64(3.779), 'std_dev_duration_us': np.float64(0.21999999999999997), 'min_duration_us': np.float64(3.559), 'max_duration_us': np.float64(3.999)}]","[{'name': 'void at::native::vectorized_elementwise_kernel<4, at::native::Fi...', 'stream': 0, 'mean_duration_us': np.float64(3.78)}]",6.351191790142396e-05,99.99965857522669
aten::sum,reduce,python,CPU,thread 166178 (python),"((8, 2), (), (), ())","('float', 'ScalarList', 'Scalar', '')","((2, 1), (), (), ())","('', '[0]', 'False', '')",1,1,5.6796875,5.6796875,,5.6796875,5.6796875,5.6796875,137877,"[{'name': 'void at::native::reduce_kernel<256, 2, at::native::ReduceOp<float, at::native::func_wrapper_t<float, at::native::sum_functor<float, float, float>::operator()(at::TensorIterator&)::{lambda(float, float)#1}>, unsigned int, float, 4, 4> >(at::native::ReduceOp<float, at::native::func_wrapper_t<float, at::native::sum_functor<float, float, float>::operator()(at::TensorIterator&)::{lambda(float, float)#1}>, unsigned int, float, 4, 4>)', 'stream': 0, 'count': 1, 'total_duration_us': np.float64(5.68), 'mean_duration_us': np.float64(5.68), 'median_duration_us': np.float64(5.68), 'std_dev_duration_us': np.float64(0.0), 'min_duration_us': np.float64(5.68), 'max_duration_us': np.float64(5.68)}]","[{'name': 'void at::native::reduce_kernel<256, 2, at::native::ReduceOp<floa...', 'stream': 0, 'mean_duration_us': np.float64(5.68)}]",4.773036755584465e-05,99.99970630559424
aten::pow,elementwise,python,CPU,thread 166178 (python),"((1,), ())","('float', 'Scalar')","((1,), ())","('', '2.')",1,1,5.0390625,5.0390625,,5.0390625,5.0390625,5.0390625,136346,"[{'name': 'void at::native::vectorized_elementwise_kernel<4, at::native::(anonymous namespace)::pow_tensor_scalar_kernel_impl<float, float>(at::TensorIteratorBase&, float)::{lambda(float)#1}, std::array<char*, 2ul> >(int, at::native::(anonymous namespace)::pow_tensor_scalar_kernel_impl<float, float>(at::TensorIteratorBase&, float)::{lambda(float)#1}, std::array<char*, 2ul>)', 'stream': 0, 'count': 1, 'total_duration_us': np.float64(5.039), 'mean_duration_us': np.float64(5.039), 'median_duration_us': np.float64(5.039), 'std_dev_duration_us': np.float64(0.0), 'min_duration_us': np.float64(5.039), 'max_duration_us': np.float64(5.039)}]","[{'name': 'void at::native::vectorized_elementwise_kernel<4, at::native::(a...', 'stream': 0, 'mean_duration_us': np.float64(5.04)}]",4.2346749757248695e-05,99.999748652344
aten::fill_,elementwise,python,CPU,thread 166178 (python),"((1,), ())","('float', 'Scalar')","((1,), ())","('', '0')",1,2,2.17919921875,2.17919921875,0.028311892606102,2.1591796875,2.19921875,4.3583984375,137949,"[{'name': 'void at::native::vectorized_elementwise_kernel<4, at::native::FillFunctor<float>, std::array<char*, 1ul> >(int, at::native::FillFunctor<float>, std::array<char*, 1ul>)', 'stream': 0, 'count': 2, 'total_duration_us': np.float64(4.358), 'mean_duration_us': np.float64(2.179), 'median_duration_us': np.float64(2.179), 'std_dev_duration_us': np.float64(0.020000000000000018), 'min_duration_us': np.float64(2.159), 'max_duration_us': np.float64(2.199)}]","[{'name': 'void at::native::vectorized_elementwise_kernel<4, at::native::Fi...', 'stream': 0, 'mean_duration_us': np.float64(2.18)}]",3.662665584624049e-05,99.99978527899984
aten::copy_,elementwise,python,CPU,thread 166178 (python),"((2880,), (2880,), ())","('c10::BFloat16', 'float', 'Scalar')","((1,), (1,), ())","('', '', 'False')",1,1,4.0390625,4.0390625,,4.0390625,4.0390625,4.0390625,136956,"[{'name': 'void at::native::vectorized_elementwise_kernel<4, at::native::bfloat16_copy_kernel_cuda(at::TensorIteratorBase&)::{lambda(float)#1}, std::array<char*, 2ul> >(int, at::native::bfloat16_copy_kernel_cuda(at::TensorIteratorBase&)::{lambda(float)#1}, std::array<char*, 2ul>)', 'stream': 0, 'count': 1, 'total_duration_us': np.float64(4.039), 'mean_duration_us': np.float64(4.039), 'median_duration_us': np.float64(4.039), 'std_dev_duration_us': np.float64(0.0), 'min_duration_us': np.float64(4.039), 'max_duration_us': np.float64(4.039)}]","[{'name': 'void at::native::vectorized_elementwise_kernel<4, at::native::bf...', 'stream': 0, 'mean_duration_us': np.float64(4.04)}]",3.3943053681391584e-05,99.99981922205352
aten::_local_scalar_dense,other,python,CPU,thread 166178 (python),"((1,),)","('int',)","((1,),)","('',)",1,1,3.798828125,3.798828125,,3.798828125,3.798828125,3.798828125,137834,"[{'name': 'Memcpy DtoD (Device -> Device)', 'stream': 0, 'count': 1, 'total_duration_us': np.float64(3.799), 'mean_duration_us': np.float64(3.799), 'median_duration_us': np.float64(3.799), 'std_dev_duration_us': np.float64(0.0), 'min_duration_us': np.float64(3.799), 'max_duration_us': np.float64(3.799)}]","[{'name': 'Memcpy DtoD (Device -> Device)', 'stream': 0, 'mean_duration_us': np.float64(3.8)}]",3.1924197006918105e-05,99.99985114625052
aten::copy_,UnaryElementwise,python,CPU,thread 166178 (python),"((1,), (1,), ())","('int', 'int', 'Scalar')","((1,), (1,), ())","('', '', 'False')",1,1,3.7587890625,3.7587890625,,3.7587890625,3.7587890625,3.7587890625,137826,"[{'name': 'Memcpy HtoD (Host -> Device)', 'stream': 0, 'count': 1, 'total_duration_us': np.float64(3.759), 'mean_duration_us': np.float64(3.759), 'median_duration_us': np.float64(3.759), 'std_dev_duration_us': np.float64(0.0), 'min_duration_us': np.float64(3.759), 'max_duration_us': np.float64(3.759)}]","[{'name': 'Memcpy HtoD (Host -> Device)', 'stream': 0, 'mean_duration_us': np.float64(3.76)}]",3.1587720894505855e-05,99.99988273397142
aten::fill_,elementwise,python,CPU,thread 166178 (python),"((), ())","('int', 'Scalar')","((), ())","('', '0')",1,1,3.55859375,3.55859375,,3.55859375,3.55859375,3.55859375,8,"[{'name': 'void at::native::vectorized_elementwise_kernel<4, at::native::FillFunctor<int>, std::array<char*, 1ul> >(int, at::native::FillFunctor<int>, std::array<char*, 1ul>)', 'stream': 0, 'count': 1, 'total_duration_us': np.float64(3.559), 'mean_duration_us': np.float64(3.559), 'median_duration_us': np.float64(3.559), 'std_dev_duration_us': np.float64(0.0), 'min_duration_us': np.float64(3.559), 'max_duration_us': np.float64(3.559)}]","[{'name': 'void at::native::vectorized_elementwise_kernel<4, at::native::Fi...', 'stream': 0, 'mean_duration_us': np.float64(3.56)}]",2.9905340332444622e-05,99.99991263931175
aten::cat,other,python,CPU,thread 166178 (python),"(((1, 2), (1, 2), (1, 2), (1, 2), (1, 2), (1, 2), (1, 2), (1, 2)), ())","('TensorList', 'Scalar')","(((2, 1), (2, 1), (2, 1), (2, 1), (2, 1), (2, 1), (2, 1), (2, 1)), ())","('', '0')",1,1,3.0791015625,3.0791015625,,3.0791015625,3.0791015625,3.0791015625,137876,"[{'name': 'void at::native::(anonymous namespace)::CatArrayBatchedCopy_contig<at::native::(anonymous namespace)::OpaqueType<4u>, unsigned int, 2, 128, 1>(at::native::(anonymous namespace)::OpaqueType<4u>*, at::native::(anonymous namespace)::CatArrInputTensorMetadata<at::native::(anonymous namespace)::OpaqueType<4u>, unsigned int, 128, 1>, at::native::(anonymous namespace)::TensorSizeStride<unsigned int, 4u>, int, unsigned int)', 'stream': 0, 'count': 1, 'total_duration_us': np.float64(3.079), 'mean_duration_us': np.float64(3.079), 'median_duration_us': np.float64(3.079), 'std_dev_duration_us': np.float64(0.0), 'min_duration_us': np.float64(3.079), 'max_duration_us': np.float64(3.079)}]","[{'name': 'void at::native::(anonymous namespace)::CatArrayBatchedCopy_cont...', 'stream': 0, 'mean_duration_us': np.float64(3.08)}]",2.587583371794673e-05,99.99993851514546
aten::add,elementwise,python,CPU,thread 166178 (python),"((1,), (), ())","('float', 'float', 'Scalar')","((1,), (), ())","('', '', '1')",1,1,2.71875,2.71875,,2.71875,2.71875,2.71875,137897,"[{'name': 'void at::native::vectorized_elementwise_kernel<4, at::native::CUDAFunctor_add<float>, std::array<char*, 3ul> >(int, at::native::CUDAFunctor_add<float>, std::array<char*, 3ul>)', 'stream': 0, 'count': 1, 'total_duration_us': np.float64(2.719), 'mean_duration_us': np.float64(2.719), 'median_duration_us': np.float64(2.719), 'std_dev_duration_us': np.float64(0.0), 'min_duration_us': np.float64(2.719), 'max_duration_us': np.float64(2.719)}]","[{'name': 'void at::native::vectorized_elementwise_kernel<4, at::native::CU...', 'stream': 0, 'mean_duration_us': np.float64(2.72)}]",2.2847548706236504e-05,99.99996136269417
aten::div,elementwise,python,CPU,thread 166178 (python),"((), ())","('float', 'float')","((), ())","('', '')",1,1,2.5185546875,2.5185546875,,2.5185546875,2.5185546875,2.5185546875,137886,"[{'name': 'void at::native::unrolled_elementwise_kernel<at::native::BinaryFunctor<float, float, float, at::native::binary_internal::DivFunctor<float> >, std::array<char*, 3ul>, 4, TrivialOffsetCalculator<2, unsigned int>, TrivialOffsetCalculator<1, unsigned int>, at::native::memory::LoadWithoutCast, at::native::memory::StoreWithoutCast>(int, at::native::BinaryFunctor<float, float, float, at::native::binary_internal::DivFunctor<float> >, std::array<char*, 3ul>, TrivialOffsetCalculator<2, unsigned int>, TrivialOffsetCalculator<1, unsigned int>, at::native::memory::LoadWithoutCast, at::native::memory::StoreWithoutCast)', 'stream': 0, 'count': 1, 'total_duration_us': np.float64(2.519), 'mean_duration_us': np.float64(2.519), 'median_duration_us': np.float64(2.519), 'std_dev_duration_us': np.float64(0.0), 'min_duration_us': np.float64(2.519), 'max_duration_us': np.float64(2.519)}]","[{'name': 'void at::native::unrolled_elementwise_kernel<at::native::BinaryF...', 'stream': 0, 'mean_duration_us': np.float64(2.52)}]",2.1165168144175268e-05,99.99998252786231
aten::fill_,elementwise,python,CPU,thread 166178 (python),"((320,), ())","('float', 'Scalar')","((1,), ())","('', '0')",1,1,2.0791015625,2.0791015625,,2.0791015625,2.0791015625,2.0791015625,136342,"[{'name': 'void at::native::vectorized_elementwise_kernel<4, at::native::FillFunctor<float>, std::array<char*, 1ul> >(int, at::native::FillFunctor<float>, std::array<char*, 1ul>)', 'stream': 0, 'count': 1, 'total_duration_us': np.float64(2.079), 'mean_duration_us': np.float64(2.079), 'median_duration_us': np.float64(2.079), 'std_dev_duration_us': np.float64(0.0), 'min_duration_us': np.float64(2.079), 'max_duration_us': np.float64(2.079)}]","[{'name': 'void at::native::vectorized_elementwise_kernel<4, at::native::Fi...', 'stream': 0, 'mean_duration_us': np.float64(2.08)}]",1.7472137642089625e-05,99.99999999999996
